Timestamp,Distance_CM,Setpoint_CM,Servo_Angle,Kp_eff,Ki_eff,Kd_eff
18:44:16,15.7,0.0,90.0,6.0,1.1,4.0
18:44:16,16.6,0.0,90.0,6.0,1.1,4.0
18:44:16,16.9,0.0,90.0,6.0,1.1,4.0
18:44:16,17.0,0.0,90.0,6.0,1.1,4.0
18:44:16,17.0,0.0,90.0,6.0,1.1,4.0
18:44:16,16.5,0.0,90.0,6.0,1.1,4.0
18:44:16,16.9,0.0,90.0,6.0,1.1,4.0
18:44:16,17.0,0.0,90.0,6.0,1.1,4.0
18:44:16,17.0,0.0,90.0,6.0,1.1,4.0
18:44:16,17.0,0.0,90.0,6.0,1.1,4.0
18:44:17,17.0,0.0,90.0,6.0,1.1,4.0
18:44:17,16.1,0.0,90.0,6.0,1.1,4.0
18:44:17,16.8,0.0,90.0,6.0,1.1,4.0
18:44:17,17.0,0.0,90.0,6.0,1.1,4.0
18:44:17,17.0,0.0,90.0,6.0,1.1,4.0
18:44:17,17.0,0.0,90.0,6.0,1.1,4.0
18:44:17,16.1,0.0,90.0,6.0,1.1,4.0
18:44:17,16.8,0.0,90.0,6.0,1.1,4.0
18:44:17,16.9,0.0,90.0,6.0,1.1,4.0
18:44:17,17.0,0.0,90.0,6.0,1.1,4.0
18:44:17,17.0,0.0,90.0,6.0,1.1,4.0
18:44:17,16.6,0.0,90.0,6.0,1.1,4.0
18:44:17,16.5,0.0,90.0,6.0,1.1,4.0
18:44:17,16.9,0.0,90.0,6.0,1.1,4.0
18:44:17,17.0,0.0,90.0,6.0,1.1,4.0
18:44:17,17.0,0.0,90.0,6.0,1.1,4.0
18:44:17,17.0,0.0,90.0,6.0,1.1,4.0
18:44:17,15.7,0.0,90.0,6.0,1.1,4.0
18:44:17,16.7,0.0,90.0,6.0,1.1,4.0
18:44:17,16.9,0.0,90.0,6.0,1.1,4.0
18:44:17,17.0,0.0,90.0,6.0,1.1,4.0
18:44:17,17.0,0.0,90.0,6.0,1.1,4.0
18:44:17,16.0,0.0,90.0,6.0,1.1,4.0
18:44:17,16.7,0.0,90.0,6.0,1.1,4.0
18:44:17,16.9,0.0,90.0,6.0,1.1,4.0
18:44:17,17.0,0.0,90.0,6.0,1.1,4.0
18:44:17,17.0,0.0,90.0,6.0,1.1,4.0
18:44:17,17.0,0.0,90.0,6.0,1.1,4.0
18:44:17,16.1,0.0,90.0,6.0,1.1,4.0
18:44:17,16.8,0.0,90.0,6.0,1.1,4.0
18:44:17,17.0,0.0,90.0,6.0,1.1,4.0
18:44:17,17.0,0.0,90.0,6.0,1.1,4.0
18:44:17,17.0,0.0,90.0,6.0,1.1,4.0
18:44:18,16.1,0.0,90.0,6.0,1.1,4.0
18:44:18,16.8,0.0,90.0,6.0,1.1,4.0
18:44:18,17.0,0.0,90.0,6.0,1.1,4.0
18:44:18,17.0,0.0,90.0,6.0,1.1,4.0
18:44:18,17.0,0.0,90.0,6.0,1.1,4.0
18:44:18,16.5,0.0,90.0,6.0,1.1,4.0
18:44:18,16.5,0.0,90.0,6.0,1.1,4.0
18:44:18,16.9,0.0,90.0,6.0,1.1,4.0
18:44:18,17.0,0.0,90.0,6.0,1.1,4.0
18:44:18,17.0,0.0,90.0,6.0,1.1,4.0
18:44:18,17.0,0.0,90.0,6.0,1.1,4.0
18:44:18,15.7,0.0,90.0,6.0,1.1,4.0
18:44:18,16.6,0.0,90.0,6.0,1.1,4.0
18:44:18,16.9,0.0,90.0,6.0,1.1,4.0
18:44:18,17.0,0.0,90.0,6.0,1.1,4.0
18:44:18,17.0,0.0,90.0,6.0,1.1,4.0
18:44:18,16.1,0.0,90.0,6.0,1.1,4.0
18:44:18,16.8,0.0,90.0,6.0,1.1,4.0
18:44:18,17.0,0.0,90.0,6.0,1.1,4.0
18:44:18,17.0,0.0,90.0,6.0,1.1,4.0
18:44:18,17.0,0.0,90.0,6.0,1.1,4.0
18:44:18,17.0,0.0,90.0,6.0,1.1,4.0
18:44:18,16.1,0.0,90.0,6.0,1.1,4.0
18:44:18,16.8,0.0,90.0,6.0,1.1,4.0
18:44:18,16.9,0.0,90.0,6.0,1.1,4.0
18:44:19,17.0,0.0,90.0,6.0,1.1,4.0
18:44:19,17.0,0.0,90.0,6.0,1.1,4.0
18:44:19,15.7,0.0,90.0,6.0,1.1,4.0
18:44:19,16.7,0.0,90.0,6.0,1.1,4.0
18:44:19,16.9,0.0,90.0,6.0,1.1,4.0
18:44:19,17.0,0.0,90.0,6.0,1.1,4.0
18:44:19,17.0,0.0,90.0,6.0,1.1,4.0
18:44:19,17.0,0.0,90.0,6.0,1.1,4.0
18:44:19,17.0,0.0,90.0,6.0,1.1,4.0
18:44:19,17.0,0.0,90.0,6.0,1.1,4.0
18:44:19,17.0,0.0,90.0,6.0,1.1,4.0
18:44:19,17.0,0.0,90.0,6.0,1.1,4.0
18:44:19,17.0,0.0,90.0,6.0,1.1,4.0
18:44:19,17.0,0.0,90.0,6.0,1.1,4.0
18:44:19,17.0,0.0,90.0,6.0,1.1,4.0
18:44:19,17.0,0.0,90.0,6.0,1.1,4.0
18:44:19,17.0,0.0,90.0,6.0,1.1,4.0
18:44:19,17.0,0.0,90.0,6.0,1.1,4.0
18:44:19,17.0,0.0,90.0,6.0,1.1,4.0
18:44:19,17.0,0.0,90.0,6.0,1.1,4.0
18:44:19,17.0,0.0,90.0,6.0,1.1,4.0
18:44:19,17.0,0.0,90.0,6.0,1.1,4.0
18:44:19,17.0,0.0,90.0,6.0,1.1,4.0
18:44:19,17.0,0.0,90.0,6.0,1.1,4.0
18:44:20,17.0,0.0,90.0,6.0,1.1,4.0
18:44:20,17.0,0.0,90.0,6.0,1.1,4.0
18:44:20,17.0,0.0,90.0,6.0,1.1,4.0
18:44:20,17.0,0.0,90.0,6.0,1.1,4.0
18:44:20,17.0,0.0,90.0,6.0,1.1,4.0
18:44:20,17.0,0.0,90.0,6.0,1.1,4.0
18:44:20,17.0,0.0,90.0,6.0,1.1,4.0
18:44:20,17.0,0.0,90.0,6.0,1.1,4.0
18:44:20,17.0,0.0,90.0,6.0,1.1,4.0
18:44:20,17.0,0.0,90.0,6.0,1.1,4.0
18:44:20,17.0,0.0,90.0,6.0,1.1,4.0
18:44:20,17.0,0.0,90.0,6.0,1.1,4.0
18:44:20,17.0,0.0,90.0,6.0,1.1,4.0
18:44:20,17.2,0.0,90.0,6.0,1.1,4.0
18:44:20,17.2,0.0,90.0,6.0,1.1,4.0
18:44:20,17.2,0.0,90.0,6.0,1.1,4.0
18:44:20,17.1,0.0,90.0,6.0,1.1,4.0
18:44:20,17.0,0.0,90.0,6.0,1.1,4.0
18:44:20,17.0,0.0,90.0,6.0,1.1,4.0
18:44:20,16.8,0.0,90.0,6.0,1.1,4.0
18:44:20,16.9,0.0,90.0,6.0,1.1,4.0
18:44:20,17.0,0.0,90.0,6.0,1.1,4.0
18:44:20,17.3,0.0,90.0,6.0,1.1,4.0
18:44:20,17.9,0.0,90.0,6.0,1.1,4.0
18:44:20,18.5,0.0,90.0,6.0,1.1,4.0
18:44:21,19.1,0.0,90.0,6.0,1.1,4.0
18:44:21,19.7,0.0,90.0,6.0,1.1,4.0
18:44:21,19.1,0.0,90.0,6.0,1.1,4.0
18:44:21,20.6,0.0,90.0,6.0,1.1,4.0
18:44:21,21.6,0.0,90.0,6.0,1.1,4.0
18:44:21,22.4,0.0,90.0,6.0,1.1,4.0
18:44:21,23.1,0.0,90.0,6.0,1.1,4.0
18:44:21,21.2,0.0,90.0,6.0,1.1,4.0
18:44:21,23.8,0.0,90.0,6.0,1.1,4.0
18:44:21,24.8,0.0,90.0,6.0,1.1,4.0
18:44:21,25.5,0.0,90.0,6.0,1.1,4.0
18:44:21,26.0,0.0,90.0,6.0,1.1,4.0
18:44:21,25.1,0.0,90.0,6.0,1.1,4.0
18:44:21,26.4,0.0,90.0,6.0,1.1,4.0
18:44:21,27.3,0.0,90.0,6.0,1.1,4.0
18:44:21,27.5,0.0,90.0,6.0,1.1,4.0
18:44:21,28.0,0.0,90.0,6.0,1.1,4.0
18:44:21,28.5,0.0,90.0,6.0,1.1,4.0
18:44:21,26.1,0.0,90.0,6.0,1.1,4.0
18:44:21,27.6,0.0,90.0,6.0,1.1,4.0
18:44:21,28.1,0.0,90.0,6.0,1.1,4.0
18:44:21,28.1,0.0,90.0,6.0,1.1,4.0
18:44:21,28.1,0.0,90.0,6.0,1.1,4.0
18:44:21,25.0,0.0,90.0,6.0,1.1,4.0
18:44:21,27.3,0.0,90.0,6.0,1.1,4.0
18:44:22,28.3,0.0,90.0,6.0,1.1,4.0
18:44:22,28.6,0.0,90.0,6.0,1.1,4.0
18:44:22,28.8,0.0,90.0,6.0,1.1,4.0
18:44:22,27.2,0.0,90.0,6.0,1.1,4.0
18:44:22,28.0,0.0,90.0,6.0,1.1,4.0
18:44:22,28.2,0.0,90.0,6.0,1.1,4.0
18:44:22,28.2,0.0,90.0,6.0,1.1,4.0
18:44:22,28.2,0.0,90.0,6.0,1.1,4.0
18:44:22,28.2,0.0,90.0,6.0,1.1,4.0
18:44:22,26.0,0.0,90.0,6.0,1.1,4.0
18:44:22,27.7,0.0,90.0,6.0,1.1,4.0
18:44:22,28.5,0.0,90.0,6.0,1.1,4.0
18:44:22,28.7,0.0,90.0,6.0,1.1,4.0
18:44:22,28.8,0.0,90.0,6.0,1.1,4.0
18:44:22,25.6,0.0,90.0,6.0,1.1,4.0
18:44:22,27.9,0.0,90.0,6.0,1.1,4.0
18:44:22,28.1,0.0,90.0,6.0,1.1,4.0
18:44:22,28.1,0.0,90.0,6.0,1.1,4.0
18:44:22,28.1,0.0,90.0,6.0,1.1,4.0
18:44:22,27.0,0.0,90.0,6.0,1.1,4.0
18:44:22,27.9,0.0,90.0,6.0,1.1,4.0
18:44:22,28.1,0.0,90.0,6.0,1.1,4.0
18:44:22,28.2,0.0,90.0,6.0,1.1,4.0
18:44:22,28.2,0.0,90.0,6.0,1.1,4.0
18:44:22,28.2,0.0,90.0,6.0,1.1,4.0
18:44:22,26.0,0.0,90.0,6.0,1.1,4.0
18:44:23,27.6,0.0,90.0,6.0,1.1,4.0
18:44:23,28.1,0.0,90.0,6.0,1.1,4.0
18:44:23,28.1,0.0,90.0,6.0,1.1,4.0
18:44:23,28.1,0.0,90.0,6.0,1.1,4.0
18:44:23,25.0,0.0,90.0,6.0,1.1,4.0
18:44:23,27.3,0.0,90.0,6.0,1.1,4.0
18:44:23,27.9,0.0,90.0,6.0,1.1,4.0
18:44:23,28.1,0.0,90.0,6.0,1.1,4.0
18:44:23,28.1,0.0,90.0,6.0,1.1,4.0
18:44:23,26.9,0.0,90.0,6.0,1.1,4.0
18:44:23,27.9,0.0,90.0,6.0,1.1,4.0
18:44:23,28.1,0.0,90.0,6.0,1.1,4.0
18:44:23,28.2,0.0,90.0,6.0,1.1,4.0
18:44:23,28.2,0.0,90.0,6.0,1.1,4.0
18:44:23,28.2,0.0,90.0,6.0,1.1,4.0
18:44:23,26.0,0.0,90.0,6.0,1.1,4.0
18:44:23,27.6,0.0,90.0,6.0,1.1,4.0
18:44:23,28.0,0.0,90.0,6.0,1.1,4.0
18:44:23,28.1,0.0,90.0,6.0,1.1,4.0
18:44:23,28.2,0.0,90.0,6.0,1.1,4.0
18:44:23,25.1,0.0,90.0,6.0,1.1,4.0
18:44:24,27.4,0.0,90.0,6.0,1.1,4.0
18:44:24,28.0,0.0,90.0,6.0,1.1,4.0
18:44:24,28.1,0.0,90.0,6.0,1.1,4.0
18:44:24,28.1,0.0,90.0,6.0,1.1,4.0
18:44:24,27.0,0.0,90.0,6.0,1.1,4.0
18:44:24,27.9,0.0,90.0,6.0,1.1,4.0
18:44:24,28.1,0.0,90.0,6.0,1.1,4.0
18:44:24,28.2,0.0,90.0,6.0,1.1,4.0
18:44:24,28.2,0.0,90.0,6.0,1.1,4.0
18:44:24,28.2,0.0,90.0,6.0,1.1,4.0
18:44:24,26.0,0.0,90.0,6.0,1.1,4.0
18:44:24,27.5,0.0,90.0,6.0,1.1,4.0
18:44:24,28.0,0.0,90.0,6.0,1.1,4.0
18:44:24,27.7,0.0,90.0,6.0,1.1,4.0
18:44:24,28.0,0.0,90.0,6.0,1.1,4.0
18:44:24,25.0,0.0,90.0,6.0,1.1,4.0
18:44:24,27.3,0.0,90.0,6.0,1.1,4.0
18:44:24,28.0,0.0,90.0,6.0,1.1,4.0
18:44:24,28.1,0.0,90.0,6.0,1.1,4.0
18:44:24,28.2,0.0,90.0,6.0,1.1,4.0
18:44:24,27.0,0.0,90.0,6.0,1.1,4.0
18:44:24,27.9,0.0,90.0,6.0,1.1,4.0
18:44:24,28.1,0.0,90.0,6.0,1.1,4.0
18:44:24,28.2,0.0,90.0,6.0,1.1,4.0
18:44:24,28.2,0.0,90.0,6.0,1.1,4.0
18:44:24,28.2,0.0,90.0,6.0,1.1,4.0
18:44:24,25.7,0.0,90.0,6.0,1.1,4.0
18:44:24,27.5,0.0,90.0,6.0,1.1,4.0
18:44:24,28.1,0.0,90.0,6.0,1.1,4.0
18:44:25,28.2,0.0,90.0,6.0,1.1,4.0
18:44:25,28.2,0.0,90.0,6.0,1.1,4.0
18:44:25,25.1,0.0,90.0,6.0,1.1,4.0
18:44:25,27.3,0.0,90.0,6.0,1.1,4.0
18:44:25,27.9,0.0,90.0,6.0,1.1,4.0
18:44:25,27.7,0.0,90.0,6.0,1.1,4.0
18:44:25,28.0,0.0,90.0,6.0,1.1,4.0
18:44:25,26.9,0.0,90.0,6.0,1.1,4.0
18:44:25,27.9,0.0,90.0,6.0,1.1,4.0
18:44:25,28.1,0.0,90.0,6.0,1.1,4.0
18:44:25,28.2,0.0,90.0,6.0,1.1,4.0
18:44:25,28.2,0.0,90.0,6.0,1.1,4.0
18:44:25,28.2,0.0,90.0,6.0,1.1,4.0
18:44:25,26.0,0.0,90.0,6.0,1.1,4.0
18:44:25,27.6,0.0,90.0,6.0,1.1,4.0
18:44:25,28.0,0.0,90.0,6.0,1.1,4.0
18:44:25,28.1,0.0,90.0,6.0,1.1,4.0
18:44:25,28.1,0.0,90.0,6.0,1.1,4.0
18:44:25,25.1,0.0,90.0,6.0,1.1,4.0
18:44:25,27.3,0.0,90.0,6.0,1.1,4.0
18:44:25,28.0,0.0,90.0,6.0,1.1,4.0
18:44:25,28.1,0.0,90.0,6.0,1.1,4.0
18:44:25,28.2,0.0,90.0,6.0,1.1,4.0
18:44:25,26.0,0.0,90.0,6.0,1.1,4.0
18:44:26,27.7,0.0,90.0,6.0,1.1,4.0
18:44:26,28.1,0.0,90.0,6.0,1.1,4.0
18:44:26,28.2,0.0,90.0,6.0,1.1,4.0
18:44:26,28.2,0.0,90.0,6.0,1.1,4.0
18:44:26,28.1,0.0,90.0,6.0,1.1,4.0
18:44:26,27.1,0.0,90.0,6.0,1.1,4.0
18:44:26,27.9,0.0,90.0,6.0,1.1,4.0
18:44:26,28.1,0.0,90.0,6.0,1.1,4.0
18:44:26,28.2,0.0,90.0,6.0,1.1,4.0
18:44:26,28.2,0.0,90.0,6.0,1.1,4.0
18:44:26,25.1,0.0,90.0,6.0,1.1,4.0
18:44:26,27.4,0.0,90.0,6.0,1.1,4.0
18:44:26,28.0,0.0,90.0,6.0,1.1,4.0
18:44:26,28.2,0.0,90.0,6.0,1.1,4.0
18:44:26,27.8,0.0,90.0,6.0,1.1,4.0
18:44:26,25.9,0.0,90.0,6.0,1.1,4.0
18:44:26,27.6,0.0,90.0,6.0,1.1,4.0
18:44:26,28.0,0.0,90.0,6.0,1.1,4.0
18:44:26,27.7,0.0,90.0,6.0,1.1,4.0
18:44:26,28.0,0.0,90.0,6.0,1.1,4.0
18:44:26,28.1,0.0,90.0,6.0,1.1,4.0
18:44:26,27.2,0.0,90.0,6.0,1.1,4.0
18:44:26,27.9,0.0,90.0,6.0,1.1,4.0
18:44:26,28.1,0.0,90.0,6.0,1.1,4.0
18:44:26,28.2,0.0,90.0,6.0,1.1,4.0
18:44:27,28.2,0.0,90.0,6.0,1.1,4.0
18:44:27,25.0,0.0,90.0,6.0,1.1,4.0
18:44:27,26.9,0.0,90.0,6.0,1.1,4.0
18:44:27,27.8,0.0,90.0,6.0,1.1,4.0
18:44:27,28.2,0.0,90.0,6.0,1.1,4.0
18:44:27,28.2,0.0,90.0,6.0,1.1,4.0
18:44:27,26.0,0.0,90.0,6.0,1.1,4.0
18:44:27,27.6,0.0,90.0,6.0,1.1,4.0
18:44:27,27.6,0.0,90.0,6.0,1.1,4.0
18:44:27,28.0,15.0,76.0,6.6,0.55,4.0
18:44:27,28.1,15.0,62.0,6.6,0.55,4.0
18:44:27,27.0,15.0,48.0,6.6,0.55,4.0
18:44:27,26.7,15.0,35.0,6.6,0.55,4.0
18:44:27,27.9,15.0,35.0,6.6,0.55,4.0
18:44:27,28.1,15.0,35.0,6.6,0.55,4.0
18:44:27,27.7,15.0,35.0,6.6,0.55,4.0
18:44:27,27.6,15.0,35.0,6.6,0.55,4.0
18:44:27,25.6,15.0,49.0,6.6,0.55,4.0
18:44:27,27.1,15.0,35.0,6.6,0.55,4.0
18:44:27,27.4,15.0,35.0,6.6,0.55,4.0
18:44:27,27.5,15.0,35.0,6.6,0.55,4.0
18:44:27,27.6,15.0,35.0,6.6,0.55,4.0
18:44:27,27.6,15.0,35.0,6.6,0.55,4.0
18:44:27,27.6,15.0,35.0,6.6,0.55,4.0
18:44:27,27.5,15.0,35.0,6.6,0.55,4.0
18:44:28,27.0,15.0,35.0,6.6,0.55,4.0
18:44:28,26.9,15.0,35.0,6.6,0.55,4.0
18:44:28,26.5,15.0,41.0,6.6,0.55,4.0
18:44:28,26.3,15.0,35.0,6.6,0.55,4.0
18:44:28,25.9,15.0,44.0,6.6,0.55,4.0
18:44:28,25.4,15.0,55.0,6.6,0.55,4.0
18:44:28,25.3,15.0,45.0,6.6,0.55,4.0
18:44:28,24.9,15.0,53.0,6.6,0.55,4.0
18:44:28,24.1,15.0,67.0,6.6,0.55,4.0
18:44:28,23.9,15.0,64.0,6.6,0.55,4.0
18:44:28,23.1,15.0,78.0,6.6,0.55,4.0
18:44:28,22.6,15.0,86.0,6.6,0.55,4.0
18:44:28,22.2,15.0,83.0,6.6,0.55,4.0
18:44:28,21.5,15.0,96.0,6.6,0.55,4.0
18:44:28,20.8,15.0,105.0,6.6,0.55,4.0
18:44:28,20.4,15.0,98.0,6.6,0.55,4.0
18:44:28,19.9,15.0,101.0,6.543,0.563,3.99
18:44:28,19.3,15.0,109.0,6.197,0.642,3.933
18:44:28,19.0,15.0,102.0,5.985,0.691,3.898
18:44:28,18.6,15.0,99.0,5.786,0.736,3.864
18:44:28,18.3,15.0,96.0,5.608,0.777,3.835
18:44:28,18.1,15.0,94.0,5.445,0.815,3.807
18:44:28,17.8,15.0,92.0,5.303,0.847,3.784
18:44:28,17.6,15.0,93.0,5.151,0.882,3.758
18:44:28,17.5,15.0,85.0,5.098,0.894,3.75
18:44:29,17.3,15.0,86.0,4.99,0.919,3.732
18:44:29,17.1,15.0,90.0,4.849,0.951,3.708
18:44:29,16.9,15.0,92.0,4.71,0.983,3.685
18:44:29,16.8,15.0,85.0,4.671,0.992,3.679
18:44:29,16.6,15.0,90.0,4.546,1.021,3.658
18:44:29,16.4,15.0,93.0,4.412,1.051,3.635
18:44:29,16.1,15.0,94.0,4.288,1.08,3.615
18:44:29,16.1,15.0,88.0,4.245,1.09,3.608
18:44:29,15.9,15.0,91.0,4.2,1.1,3.6
18:44:29,15.7,15.0,94.0,4.2,1.1,3.6
18:44:29,15.7,15.0,76.0,4.2,1.1,3.6
18:44:29,15.6,15.0,74.0,4.2,1.1,3.6
18:44:29,15.5,15.0,88.0,4.2,1.1,3.6
18:44:29,15.5,15.0,88.0,4.2,1.1,3.6
18:44:29,15.5,15.0,88.0,4.2,1.1,3.6
18:44:29,14.5,15.0,102.0,4.2,1.1,3.6
18:44:29,15.2,15.0,88.0,4.2,1.1,3.6
18:44:29,15.5,15.0,74.0,4.2,1.1,3.6
18:44:29,15.6,15.0,73.0,4.2,1.1,3.6
18:44:29,15.8,15.0,71.0,4.2,1.1,3.6
18:44:29,15.1,15.0,85.0,4.2,1.1,3.6
18:44:29,15.8,15.0,71.0,4.2,1.1,3.6
18:44:29,16.0,15.0,67.0,4.2,1.1,3.6
18:44:29,16.2,15.0,65.0,4.335,1.069,3.622
18:44:29,16.4,15.0,65.0,4.444,1.044,3.641
18:44:29,16.5,15.0,70.0,4.486,1.034,3.648
18:44:30,16.2,15.0,84.0,4.302,1.077,3.617
18:44:30,16.4,15.0,75.0,4.457,1.041,3.643
18:44:30,16.5,15.0,75.0,4.495,1.032,3.649
18:44:30,16.5,15.0,78.0,4.5,1.031,3.65
18:44:30,16.5,15.0,79.0,4.508,1.029,3.651
18:44:30,15.4,15.0,93.0,4.2,1.1,3.6
18:44:30,16.2,15.0,79.0,4.326,1.071,3.621
18:44:30,16.4,15.0,67.0,4.452,1.042,3.642
18:44:30,16.5,15.0,72.0,4.487,1.034,3.648
18:44:30,16.5,15.0,76.0,4.5,1.031,3.65
18:44:30,16.3,15.0,89.0,4.373,1.06,3.629
18:44:30,16.7,15.0,75.0,4.602,1.008,3.667
18:44:30,16.6,15.0,79.0,4.539,1.022,3.656
18:44:30,16.5,15.0,82.0,4.52,1.027,3.653
18:44:30,16.5,15.0,82.0,4.51,1.029,3.652
18:44:30,16.4,15.0,90.0,4.418,1.05,3.636
18:44:30,15.6,15.0,104.0,4.2,1.1,3.6
18:44:30,16.1,15.0,90.0,4.276,1.083,3.613
18:44:30,16.1,15.0,82.0,4.26,1.086,3.61
18:44:30,16.1,15.0,83.0,4.253,1.088,3.609
18:44:30,16.1,15.0,84.0,4.247,1.089,3.608
18:44:30,15.4,15.0,98.0,4.2,1.1,3.6
18:44:30,15.9,15.0,84.0,4.2,1.1,3.6
18:44:30,16.0,15.0,73.0,4.229,1.093,3.605
18:44:30,16.1,15.0,76.0,4.253,1.088,3.609
18:44:31,16.1,15.0,81.0,4.236,1.092,3.606
18:44:31,15.7,15.0,95.0,4.2,1.1,3.6
18:44:31,15.6,15.0,96.0,4.2,1.1,3.6
18:44:31,16.0,15.0,82.0,4.2,1.1,3.6
18:44:31,16.0,15.0,75.0,4.225,1.094,3.604
18:44:31,16.1,15.0,78.0,4.238,1.091,3.606
18:44:31,16.2,15.0,72.0,4.334,1.069,3.622
18:44:31,15.6,15.0,86.0,4.2,1.1,3.6
18:44:31,16.3,15.0,72.0,4.353,1.065,3.625
18:44:31,16.5,15.0,62.0,4.473,1.037,3.646
18:44:31,16.5,15.0,70.0,4.496,1.032,3.649
18:44:31,16.7,15.0,64.0,4.625,1.003,3.671
18:44:31,16.0,15.0,78.0,4.2,1.1,3.6
18:44:31,16.6,15.0,65.0,4.548,1.02,3.658
18:44:31,16.7,15.0,64.0,4.646,0.998,3.674
18:44:31,16.6,15.0,78.0,4.548,1.02,3.658
18:44:31,16.5,15.0,82.0,4.517,1.027,3.653
18:44:31,16.1,15.0,96.0,4.274,1.083,3.612
18:44:31,15.9,15.0,102.0,4.2,1.1,3.6
18:44:31,16.1,15.0,88.0,4.246,1.089,3.608
18:44:31,16.1,15.0,83.0,4.249,1.089,3.608
18:44:31,15.9,15.0,90.0,4.2,1.1,3.6
18:44:31,15.9,15.0,89.0,4.2,1.1,3.6
18:44:31,15.2,15.0,103.0,4.2,1.1,3.6
18:44:32,15.7,15.0,89.0,4.2,1.1,3.6
18:44:32,15.8,15.0,75.0,4.2,1.1,3.6
18:44:32,15.8,15.0,78.0,4.2,1.1,3.6
18:44:32,15.9,15.0,80.0,4.2,1.1,3.6
18:44:32,15.3,15.0,94.0,4.2,1.1,3.6
18:44:32,15.9,15.0,80.0,4.2,1.1,3.6
18:44:32,16.1,15.0,67.0,4.24,1.091,3.607
18:44:32,16.2,15.0,66.0,4.337,1.069,3.623
18:44:32,16.3,15.0,70.0,4.373,1.06,3.629
18:44:32,16.4,15.0,68.0,4.466,1.039,3.644
18:44:32,16.2,15.0,82.0,4.298,1.077,3.616
18:44:32,16.4,15.0,71.0,4.452,1.042,3.642
18:44:32,16.5,15.0,72.0,4.494,1.033,3.649
18:44:32,16.5,15.0,75.0,4.502,1.031,3.65
18:44:32,16.5,15.0,76.0,4.512,1.029,3.652
18:44:32,15.4,15.0,90.0,4.2,1.1,3.6
18:44:32,16.2,15.0,76.0,4.336,1.069,3.623
18:44:32,16.4,15.0,64.0,4.459,1.041,3.643
18:44:32,16.5,15.0,69.0,4.496,1.032,3.649
18:44:32,16.4,15.0,80.0,4.426,1.048,3.638
18:44:32,15.6,15.0,94.0,4.2,1.1,3.6
18:44:32,16.1,15.0,80.0,4.277,1.082,3.613
18:44:32,16.3,15.0,70.0,4.361,1.063,3.627
18:44:32,16.1,15.0,81.0,4.289,1.08,3.615
18:44:32,16.1,15.0,83.0,4.258,1.087,3.61
18:44:33,16.1,15.0,84.0,4.233,1.092,3.606
18:44:33,15.6,15.0,98.0,4.2,1.1,3.6
18:44:33,15.8,15.0,85.0,4.2,1.1,3.6
18:44:33,15.8,15.0,80.0,4.2,1.1,3.6
18:44:33,15.7,15.0,87.0,4.2,1.1,3.6
18:44:33,15.7,15.0,87.0,4.2,1.1,3.6
18:44:33,14.7,15.0,101.0,4.2,1.1,3.6
18:44:33,15.4,15.0,87.0,4.2,1.1,3.6
18:44:33,15.5,15.0,76.0,4.2,1.1,3.6
18:44:33,15.5,15.0,80.0,4.2,1.1,3.6
18:44:33,15.5,15.0,82.0,4.2,1.1,3.6
18:44:33,15.3,15.0,93.0,4.2,1.1,3.6
18:44:33,15.6,15.0,79.0,4.2,1.1,3.6
18:44:33,15.7,15.0,74.0,4.2,1.1,3.6
18:44:33,15.7,15.0,78.0,4.2,1.1,3.6
18:44:33,15.7,15.0,80.0,4.2,1.1,3.6
18:44:33,15.7,15.0,82.0,4.2,1.1,3.6
18:44:33,15.0,15.0,96.0,4.2,1.1,3.6
18:44:33,15.5,15.0,82.0,4.2,1.1,3.6
18:44:33,15.6,15.0,73.0,4.2,1.1,3.6
18:44:33,15.6,15.0,77.0,4.2,1.1,3.6
18:44:33,15.6,15.0,80.0,4.2,1.1,3.6
18:44:33,14.7,15.0,94.0,4.2,1.1,3.6
18:44:33,15.4,15.0,80.0,4.2,1.1,3.6
18:44:33,15.6,15.0,68.0,4.2,1.1,3.6
18:44:34,15.5,15.0,80.0,4.2,1.1,3.6
18:44:34,15.5,15.0,82.0,4.2,1.1,3.6
18:44:34,15.1,15.0,96.0,4.2,1.1,3.6
18:44:34,15.4,15.0,82.0,4.2,1.1,3.6
18:44:34,15.5,15.0,77.0,4.2,1.1,3.6
18:44:34,15.5,15.0,80.0,4.2,1.1,3.6
18:44:34,15.6,15.0,76.0,4.2,1.1,3.6
18:44:34,15.6,15.0,77.0,4.2,1.1,3.6
18:44:34,15.0,15.0,91.0,4.2,1.1,3.6
18:44:34,15.6,15.0,77.0,4.2,1.1,3.6
18:44:34,15.8,15.0,66.0,4.2,1.1,3.6
18:44:34,15.9,15.0,72.0,4.2,1.1,3.6
18:44:34,15.9,15.0,76.0,4.2,1.1,3.6
18:44:34,14.8,15.0,90.0,4.2,1.1,3.6
18:44:34,15.6,15.0,76.0,4.2,1.1,3.6
18:44:34,15.8,15.0,65.0,4.2,1.1,3.6
18:44:34,16.0,15.0,63.0,4.217,1.096,3.603
18:44:34,16.1,15.0,69.0,4.244,1.09,3.607
18:44:34,15.7,15.0,83.0,4.2,1.1,3.6
18:44:34,15.7,15.0,89.0,4.2,1.1,3.6
18:44:34,16.0,15.0,75.0,4.2,1.1,3.6
18:44:34,16.1,15.0,71.0,4.24,1.091,3.607
18:44:34,16.1,15.0,75.0,4.246,1.09,3.608
18:44:34,16.1,15.0,77.0,4.247,1.089,3.608
18:44:34,15.4,15.0,91.0,4.2,1.1,3.6
18:44:35,15.9,15.0,77.0,4.2,1.1,3.6
18:44:35,16.1,15.0,70.0,4.23,1.093,3.605
18:44:35,16.1,15.0,73.0,4.253,1.088,3.609
18:44:35,16.1,15.0,76.0,4.252,1.088,3.609
18:44:35,15.4,15.0,90.0,4.2,1.1,3.6
18:44:35,15.9,15.0,76.0,4.2,1.1,3.6
18:44:35,16.1,15.0,69.0,4.232,1.093,3.605
18:44:35,16.1,15.0,72.0,4.26,1.086,3.61
18:44:35,15.9,15.0,83.0,4.2,1.1,3.6
18:44:35,15.6,15.0,97.0,4.2,1.1,3.6
18:44:35,15.6,15.0,89.0,4.2,1.1,3.6
18:44:35,15.8,15.0,76.0,4.2,1.1,3.6
18:44:35,15.9,15.0,76.0,4.2,1.1,3.6
18:44:35,16.0,15.0,70.0,4.214,1.097,3.602
18:44:35,16.1,15.0,72.0,4.238,1.091,3.606
18:44:35,15.6,15.0,86.0,4.2,1.1,3.6
18:44:35,16.1,15.0,72.0,4.271,1.084,3.612
18:44:35,16.3,15.0,64.0,4.359,1.064,3.626
18:44:35,16.3,15.0,70.0,4.366,1.062,3.628
18:44:35,16.4,15.0,66.0,4.464,1.039,3.644
18:44:35,15.8,15.0,80.0,4.2,1.1,3.6
18:44:35,16.3,15.0,66.0,4.395,1.055,3.633
18:44:35,16.5,15.0,64.0,4.482,1.035,3.647
18:44:35,16.4,15.0,76.0,4.412,1.051,3.635
18:44:35,16.3,15.0,79.0,4.378,1.059,3.63
18:44:35,16.3,15.0,78.0,4.377,1.059,3.629
18:44:36,15.8,15.0,92.0,4.2,1.1,3.6
18:44:36,16.0,15.0,80.0,4.219,1.096,3.603
18:44:36,15.9,15.0,85.0,4.2,1.1,3.6
18:44:36,15.9,15.0,85.0,4.2,1.1,3.6
18:44:36,15.9,15.0,82.0,4.2,1.1,3.6
18:44:36,14.9,15.0,96.0,4.2,1.1,3.6
18:44:36,15.6,15.0,82.0,4.2,1.1,3.6
18:44:36,15.8,15.0,68.0,4.2,1.1,3.6
18:44:36,15.8,15.0,70.0,4.2,1.1,3.6
18:44:36,15.9,15.0,74.0,4.2,1.1,3.6
18:44:36,16.0,15.0,68.0,4.213,1.097,3.602
18:44:36,16.1,15.0,71.0,4.239,1.091,3.606
18:44:36,16.1,15.0,74.0,4.251,1.088,3.609
18:44:36,16.2,15.0,70.0,4.322,1.072,3.62
18:44:36,16.2,15.0,71.0,4.347,1.066,3.625
18:44:36,16.3,15.0,73.0,4.356,1.064,3.626
18:44:36,16.3,15.0,74.0,4.364,1.062,3.627
18:44:36,16.3,15.0,75.0,4.37,1.061,3.628
18:44:36,16.3,15.0,75.0,4.377,1.059,3.629
18:44:36,16.1,15.0,84.0,4.282,1.081,3.614
18:44:36,16.2,15.0,76.0,4.34,1.068,3.623
18:44:36,16.1,15.0,82.0,4.273,1.083,3.612
18:44:36,16.1,15.0,81.0,4.252,1.088,3.609
18:44:36,16.2,15.0,72.0,4.335,1.069,3.623
18:44:36,16.3,15.0,72.0,4.36,1.063,3.627
18:44:37,16.3,15.0,74.0,4.359,1.064,3.626
18:44:37,16.3,15.0,75.0,4.363,1.063,3.627
18:44:37,16.4,15.0,67.0,4.47,1.038,3.645
18:44:37,16.3,15.0,78.0,4.389,1.057,3.632
18:44:37,16.5,15.0,70.0,4.472,1.038,3.645
18:44:37,16.3,15.0,78.0,4.401,1.054,3.634
18:44:37,16.3,15.0,79.0,4.374,1.06,3.629
18:44:37,16.3,15.0,78.0,4.364,1.062,3.627
18:44:37,16.3,15.0,78.0,4.356,1.064,3.626
18:44:37,16.1,15.0,84.0,4.274,1.083,3.612
18:44:37,16.1,15.0,82.0,4.256,1.087,3.609
18:44:37,16.1,15.0,80.0,4.246,1.089,3.608
18:44:37,15.9,15.0,86.0,4.2,1.1,3.6
18:44:37,15.9,15.0,84.0,4.2,1.1,3.6
18:44:37,15.9,15.0,81.0,4.2,1.1,3.6
18:44:37,16.0,15.0,72.0,4.203,1.099,3.601
18:44:37,16.0,15.0,73.0,4.218,1.096,3.603
18:44:37,16.1,15.0,74.0,4.234,1.092,3.606
18:44:37,16.1,15.0,75.0,4.232,1.093,3.605
18:44:37,16.1,15.0,75.0,4.239,1.091,3.607
18:44:37,16.1,15.0,76.0,4.242,1.09,3.607
18:44:37,16.1,15.0,77.0,4.233,1.092,3.606
18:44:37,16.2,15.0,69.0,4.321,1.072,3.62
18:44:37,16.2,15.0,70.0,4.343,1.067,3.624
18:44:37,16.3,15.0,72.0,4.356,1.064,3.626
18:44:38,16.3,15.0,73.0,4.364,1.062,3.627
18:44:38,16.3,15.0,75.0,4.351,1.065,3.625
18:44:38,16.3,15.0,75.0,4.351,1.065,3.625
18:44:38,15.5,15.0,89.0,4.2,1.1,3.6
18:44:38,16.1,15.0,75.0,4.264,1.085,3.611
18:44:38,16.1,15.0,71.0,4.258,1.087,3.61
18:44:38,16.2,15.0,67.0,4.338,1.068,3.623
18:44:38,16.1,15.0,76.0,4.272,1.083,3.612
18:44:38,16.2,15.0,71.0,4.329,1.071,3.621
18:44:38,15.6,15.0,85.0,4.2,1.1,3.6
18:44:38,16.1,15.0,71.0,4.257,1.087,3.609
18:44:38,16.2,15.0,64.0,4.339,1.068,3.623
18:44:38,16.3,15.0,67.0,4.368,1.062,3.628
18:44:38,16.3,15.0,71.0,4.363,1.063,3.627
18:44:38,15.3,15.0,85.0,4.2,1.1,3.6
18:44:38,16.0,15.0,71.0,4.202,1.1,3.6
18:44:38,16.2,15.0,59.0,4.332,1.07,3.622
18:44:38,16.3,15.0,64.0,4.362,1.063,3.627
18:44:38,16.3,15.0,68.0,4.373,1.06,3.629
18:44:38,15.9,15.0,82.0,4.2,1.1,3.6
18:44:38,16.3,15.0,68.0,4.352,1.065,3.625
18:44:38,16.3,15.0,68.0,4.38,1.059,3.63
18:44:38,16.1,15.0,79.0,4.28,1.082,3.613
18:44:38,16.1,15.0,79.0,4.256,1.087,3.609
18:44:38,16.1,15.0,77.0,4.249,1.089,3.608
18:44:39,15.4,15.0,91.0,4.2,1.1,3.6
18:44:39,15.8,15.0,77.0,4.2,1.1,3.6
18:44:39,15.8,15.0,72.0,4.2,1.1,3.6
18:44:39,15.9,15.0,73.0,4.2,1.1,3.6
18:44:39,15.9,15.0,74.0,4.2,1.1,3.6
18:44:39,15.0,15.0,88.0,4.2,1.1,3.6
18:44:39,15.8,15.0,74.0,4.2,1.1,3.6
18:44:39,16.0,15.0,60.0,4.201,1.1,3.6
18:44:39,16.1,15.0,63.0,4.239,1.091,3.606
18:44:39,16.1,15.0,68.0,4.246,1.089,3.608
18:44:39,15.7,15.0,82.0,4.2,1.1,3.6
18:44:39,16.0,15.0,68.0,4.215,1.097,3.602
18:44:39,16.1,15.0,68.0,4.249,1.089,3.608
18:44:39,15.9,15.0,79.0,4.2,1.1,3.6
18:44:39,16.0,15.0,71.0,4.225,1.094,3.604
18:44:39,16.1,15.0,72.0,4.238,1.091,3.606
18:44:39,15.4,15.0,86.0,4.2,1.1,3.6
18:44:39,15.9,15.0,72.0,4.2,1.1,3.6
18:44:39,16.0,15.0,64.0,4.228,1.094,3.605
18:44:39,15.9,15.0,75.0,4.2,1.1,3.6
18:44:39,16.0,15.0,69.0,4.222,1.095,3.604
18:44:39,15.0,15.0,83.0,4.2,1.1,3.6
18:44:39,15.8,15.0,69.0,4.2,1.1,3.6
18:44:39,16.0,15.0,58.0,4.2,1.1,3.6
18:44:39,15.9,15.0,71.0,4.2,1.1,3.6
18:44:40,16.0,15.0,67.0,4.21,1.098,3.602
18:44:40,15.7,15.0,81.0,4.2,1.1,3.6
18:44:40,15.7,15.0,83.0,4.2,1.1,3.6
18:44:40,15.8,15.0,70.0,4.2,1.1,3.6
18:44:40,15.9,15.0,71.0,4.2,1.1,3.6
18:44:40,15.9,15.0,73.0,4.2,1.1,3.6
18:44:40,16.0,15.0,66.0,4.21,1.098,3.602
18:44:40,15.4,15.0,80.0,4.2,1.1,3.6
18:44:40,15.9,15.0,66.0,4.2,1.1,3.6
18:44:40,16.0,15.0,63.0,4.221,1.095,3.604
18:44:40,16.1,15.0,66.0,4.244,1.09,3.607
18:44:40,16.1,15.0,70.0,4.249,1.089,3.608
18:44:40,15.3,15.0,84.0,4.2,1.1,3.6
18:44:40,15.7,15.0,72.0,4.2,1.1,3.6
18:44:40,15.9,15.0,67.0,4.2,1.1,3.6
18:44:40,15.9,15.0,70.0,4.2,1.1,3.6
18:44:40,15.9,15.0,73.0,4.2,1.1,3.6
18:44:40,15.5,15.0,87.0,4.2,1.1,3.6
18:44:40,15.4,15.0,88.0,4.2,1.1,3.6
18:44:40,15.8,15.0,74.0,4.2,1.1,3.6
18:44:40,15.9,15.0,65.0,4.2,1.1,3.6
18:44:40,15.9,15.0,68.0,4.2,1.1,3.6
18:44:40,15.9,15.0,72.0,4.2,1.1,3.6
18:44:40,14.9,15.0,86.0,4.2,1.1,3.6
18:44:41,15.8,15.0,72.0,4.2,1.1,3.6
18:44:41,16.0,15.0,58.0,4.2,1.1,3.6
18:44:41,16.0,15.0,61.0,4.23,1.093,3.605
18:44:41,16.1,15.0,65.0,4.252,1.088,3.609
18:44:41,15.4,15.0,79.0,4.2,1.1,3.6
18:44:41,15.9,15.0,65.0,4.2,1.1,3.6
18:44:41,15.9,15.0,69.0,4.2,1.1,3.6
18:44:41,15.9,15.0,72.0,4.2,1.1,3.6
18:44:41,15.9,15.0,74.0,4.2,1.1,3.6
18:44:41,15.9,15.0,75.0,4.2,1.1,3.6
18:44:41,15.5,15.0,89.0,4.2,1.1,3.6
18:44:41,15.8,15.0,75.0,4.2,1.1,3.6
18:44:41,15.7,15.0,76.0,4.2,1.1,3.6
18:44:41,15.7,15.0,77.0,4.2,1.1,3.6
18:44:41,15.7,15.0,76.0,4.2,1.1,3.6
18:44:41,14.7,15.0,90.0,4.2,1.1,3.6
18:44:41,15.4,15.0,76.0,4.2,1.1,3.6
18:44:41,15.6,15.0,62.0,4.2,1.1,3.6
18:44:41,15.6,15.0,66.0,4.2,1.1,3.6
18:44:41,15.7,15.0,68.0,4.2,1.1,3.6
18:44:41,15.0,15.0,82.0,4.2,1.1,3.6
18:44:41,15.5,15.0,68.0,4.2,1.1,3.6
18:44:41,15.6,15.0,64.0,4.2,1.1,3.6
18:44:41,15.7,15.0,68.0,4.2,1.1,3.6
18:44:41,15.7,15.0,71.0,4.2,1.1,3.6
18:44:41,15.7,15.0,73.0,4.2,1.1,3.6
18:44:42,15.4,15.0,87.0,4.2,1.1,3.6
18:44:42,15.5,15.0,77.0,4.2,1.1,3.6
18:44:42,15.5,15.0,75.0,4.2,1.1,3.6
18:44:42,15.5,15.0,75.0,4.2,1.1,3.6
18:44:42,15.5,15.0,75.0,4.2,1.1,3.6
18:44:42,14.5,15.0,89.0,4.2,1.1,3.6
18:44:42,15.3,15.0,75.0,4.2,1.1,3.6
18:44:42,15.6,15.0,61.0,4.2,1.1,3.6
18:44:42,15.8,15.0,55.0,4.2,1.1,3.6
18:44:42,15.8,15.0,62.0,4.2,1.1,3.6
18:44:42,15.3,15.0,76.0,4.2,1.1,3.6
18:44:42,15.9,15.0,62.0,4.2,1.1,3.6
18:44:42,16.2,15.0,51.0,4.305,1.076,3.617
18:44:42,16.2,15.0,57.0,4.35,1.066,3.625
18:44:42,16.3,15.0,62.0,4.379,1.059,3.63
18:44:42,16.3,15.0,67.0,4.373,1.06,3.629
18:44:42,15.6,15.0,81.0,4.2,1.1,3.6
18:44:42,16.1,15.0,67.0,4.281,1.082,3.613
18:44:42,16.3,15.0,60.0,4.362,1.063,3.627
18:44:42,16.1,15.0,72.0,4.286,1.08,3.614
18:44:42,16.1,15.0,73.0,4.267,1.085,3.611
18:44:42,15.1,15.0,87.0,4.2,1.1,3.6
18:44:42,15.7,15.0,73.0,4.2,1.1,3.6
18:44:42,15.8,15.0,64.0,4.2,1.1,3.6
18:44:42,15.7,15.0,74.0,4.2,1.1,3.6
18:44:43,15.7,15.0,76.0,4.2,1.1,3.6
18:44:43,15.3,15.0,90.0,4.2,1.1,3.6
18:44:43,15.5,15.0,76.0,4.2,1.1,3.6
18:44:43,15.5,15.0,74.0,4.2,1.1,3.6
18:44:43,15.5,15.0,74.0,4.2,1.1,3.6
18:44:43,15.3,15.0,81.0,4.2,1.1,3.6
18:44:43,15.3,15.0,79.0,4.2,1.1,3.6
18:44:43,14.7,15.0,93.0,4.2,1.1,3.6
18:44:43,15.1,15.0,79.0,4.2,1.1,3.6
18:44:43,15.3,15.0,67.0,4.2,1.1,3.6
18:44:43,15.3,15.0,69.0,4.2,1.1,3.6
18:44:43,15.3,15.0,73.0,4.2,1.1,3.6
18:44:43,14.8,15.0,87.0,4.2,1.1,3.6
18:44:43,15.4,15.0,73.0,4.2,1.1,3.6
18:44:43,15.6,15.0,59.0,4.2,1.1,3.6
18:44:43,15.8,15.0,57.0,4.2,1.1,3.6
18:44:43,15.8,15.0,61.0,4.2,1.1,3.6
18:44:43,15.7,15.0,75.0,4.2,1.1,3.6
18:44:43,15.6,15.0,75.0,4.2,1.1,3.6
18:44:43,16.1,15.0,61.0,4.278,1.082,3.613
18:44:43,16.3,15.0,54.0,4.355,1.065,3.626
18:44:43,16.3,15.0,59.0,4.387,1.057,3.631
18:44:43,16.3,15.0,66.0,4.373,1.06,3.629
18:44:43,15.6,15.0,80.0,4.2,1.1,3.6
18:44:44,16.1,15.0,66.0,4.259,1.087,3.61
18:44:44,16.3,15.0,59.0,4.35,1.066,3.625
18:44:44,16.1,15.0,70.0,4.289,1.08,3.615
18:44:44,16.1,15.0,73.0,4.258,1.087,3.61
18:44:44,15.4,15.0,87.0,4.2,1.1,3.6
18:44:44,15.7,15.0,74.0,4.2,1.1,3.6
18:44:44,15.8,15.0,68.0,4.2,1.1,3.6
18:44:44,15.7,15.0,76.0,4.2,1.1,3.6
18:44:44,15.7,15.0,76.0,4.2,1.1,3.6
18:44:44,15.3,15.0,90.0,4.2,1.1,3.6
18:44:44,15.1,15.0,92.0,4.2,1.1,3.6
18:44:44,15.4,15.0,78.0,4.2,1.1,3.6
18:44:44,15.5,15.0,68.0,4.2,1.1,3.6
18:44:44,15.5,15.0,70.0,4.2,1.1,3.6
18:44:44,15.3,15.0,79.0,4.2,1.1,3.6
18:44:44,14.7,15.0,93.0,4.2,1.1,3.6
18:44:44,15.1,15.0,79.0,4.2,1.1,3.6
18:44:44,15.2,15.0,67.0,4.2,1.1,3.6
18:44:44,15.3,15.0,69.0,4.2,1.1,3.6
18:44:44,15.3,15.0,72.0,4.2,1.1,3.6
18:44:44,14.6,15.0,86.0,4.2,1.1,3.6
18:44:44,15.3,15.0,72.0,4.2,1.1,3.6
18:44:44,15.4,15.0,58.0,4.2,1.1,3.6
18:44:44,15.5,15.0,64.0,4.2,1.1,3.6
18:44:44,15.6,15.0,62.0,4.2,1.1,3.6
18:44:44,15.6,15.0,65.0,4.2,1.1,3.6
18:44:45,15.8,15.0,61.0,4.2,1.1,3.6
18:44:45,15.8,15.0,64.0,4.2,1.1,3.6
18:44:45,16.0,15.0,60.0,4.202,1.1,3.6
18:44:45,16.1,15.0,62.0,4.237,1.092,3.606
18:44:45,16.1,15.0,66.0,4.242,1.09,3.607
18:44:45,16.1,15.0,68.0,4.242,1.09,3.607
18:44:45,16.1,15.0,69.0,4.244,1.09,3.607
18:44:45,15.9,15.0,77.0,4.2,1.1,3.6
18:44:45,15.9,15.0,77.0,4.2,1.1,3.6
18:44:45,15.7,15.0,82.0,4.2,1.1,3.6
18:44:45,15.7,15.0,79.0,4.2,1.1,3.6
18:44:45,15.6,15.0,76.0,4.2,1.1,3.6
18:44:45,15.5,15.0,80.0,4.2,1.1,3.6
18:44:45,15.5,15.0,79.0,4.2,1.1,3.6
18:44:45,15.5,15.0,76.0,4.2,1.1,3.6
18:44:45,15.5,15.0,75.0,4.2,1.1,3.6
18:44:45,15.5,15.0,74.0,4.2,1.1,3.6
18:44:45,15.4,15.0,75.0,4.2,1.1,3.6
18:44:45,15.6,15.0,66.0,4.2,1.1,3.6
18:44:45,15.6,15.0,67.0,4.2,1.1,3.6
18:44:45,15.6,15.0,69.0,4.2,1.1,3.6
18:44:45,15.6,15.0,70.0,4.2,1.1,3.6
18:44:45,15.6,15.0,71.0,4.2,1.1,3.6
18:44:45,15.5,15.0,78.0,4.2,1.1,3.6
18:44:45,15.5,15.0,77.0,4.2,1.1,3.6
18:44:46,15.4,15.0,75.0,4.2,1.1,3.6
18:44:46,15.6,15.0,68.0,4.2,1.1,3.6
18:44:46,15.6,15.0,67.0,4.2,1.1,3.6
18:44:46,15.6,15.0,70.0,4.2,1.1,3.6
18:44:46,15.6,15.0,70.0,4.2,1.1,3.6
18:44:46,15.8,15.0,64.0,4.2,1.1,3.6
18:44:46,15.8,15.0,64.0,4.2,1.1,3.6
18:44:46,15.8,15.0,67.0,4.2,1.1,3.6
18:44:46,15.8,15.0,70.0,4.2,1.1,3.6
18:44:46,15.8,15.0,71.0,4.2,1.1,3.6
18:44:46,15.8,15.0,69.0,4.2,1.1,3.6
18:44:46,15.8,15.0,71.0,4.2,1.1,3.6
18:44:46,15.8,15.0,71.0,4.2,1.1,3.6
18:44:46,15.8,15.0,70.0,4.2,1.1,3.6
18:44:46,15.8,15.0,70.0,4.2,1.1,3.6
18:44:46,15.8,15.0,70.0,4.2,1.1,3.6
18:44:46,15.8,15.0,70.0,4.2,1.1,3.6
18:44:46,15.8,15.0,71.0,4.2,1.1,3.6
18:44:46,15.5,15.0,85.0,4.2,1.1,3.6
18:44:46,15.8,15.0,71.0,4.2,1.1,3.6
18:44:46,15.8,15.0,66.0,4.2,1.1,3.6
18:44:46,15.8,15.0,67.0,4.2,1.1,3.6
18:44:46,15.8,15.0,68.0,4.2,1.1,3.6
18:44:46,14.9,15.0,82.0,4.2,1.1,3.6
18:44:47,15.6,15.0,68.0,4.2,1.1,3.6
18:44:47,15.8,15.0,56.0,4.2,1.1,3.6
18:44:47,15.8,15.0,61.0,4.2,1.1,3.6
18:44:47,15.8,15.0,64.0,4.2,1.1,3.6
18:44:47,15.2,15.0,78.0,4.2,1.1,3.6
18:44:47,15.7,15.0,64.0,4.2,1.1,3.6
18:44:47,15.8,15.0,59.0,4.2,1.1,3.6
18:44:47,15.9,15.0,63.0,4.2,1.1,3.6
18:44:47,15.9,15.0,66.0,4.2,1.1,3.6
18:44:47,15.8,15.0,69.0,4.2,1.1,3.6
18:44:47,15.6,15.0,83.0,4.2,1.1,3.6
18:44:47,15.8,15.0,69.0,4.2,1.1,3.6
18:44:47,15.8,15.0,66.0,4.2,1.1,3.6
18:44:47,15.8,15.0,67.0,4.2,1.1,3.6
18:44:47,15.9,15.0,68.0,4.2,1.1,3.6
18:44:47,14.9,15.0,82.0,4.2,1.1,3.6
18:44:47,15.6,15.0,68.0,4.2,1.1,3.6
18:44:47,15.8,15.0,55.0,4.2,1.1,3.6
18:44:47,15.8,15.0,61.0,4.2,1.1,3.6
18:44:47,15.9,15.0,63.0,4.2,1.1,3.6
18:44:47,15.2,15.0,77.0,4.2,1.1,3.6
18:44:47,15.7,15.0,63.0,4.2,1.1,3.6
18:44:47,15.8,15.0,58.0,4.2,1.1,3.6
18:44:47,15.9,15.0,63.0,4.2,1.1,3.6
18:44:47,15.9,15.0,65.0,4.2,1.1,3.6
18:44:47,15.9,15.0,68.0,4.2,1.1,3.6
18:44:48,15.5,15.0,82.0,4.2,1.1,3.6
18:44:48,15.8,15.0,68.0,4.2,1.1,3.6
18:44:48,15.9,15.0,63.0,4.2,1.1,3.6
18:44:48,15.7,15.0,74.0,4.2,1.1,3.6
18:44:48,15.7,15.0,74.0,4.2,1.1,3.6
18:44:48,14.7,15.0,88.0,4.2,1.1,3.6
18:44:48,15.4,15.0,74.0,4.2,1.1,3.6
18:44:48,15.6,15.0,60.0,4.2,1.1,3.6
18:44:48,15.6,15.0,61.0,4.2,1.1,3.6
18:44:48,15.7,15.0,64.0,4.2,1.1,3.6
18:44:48,15.0,15.0,78.0,4.2,1.1,3.6
18:44:48,15.5,15.0,64.0,4.2,1.1,3.6
18:44:48,15.6,15.0,60.0,4.2,1.1,3.6
18:44:48,15.5,15.0,69.0,4.2,1.1,3.6
18:44:48,15.5,15.0,72.0,4.2,1.1,3.6
18:44:48,15.5,15.0,72.0,4.2,1.1,3.6
18:44:48,14.8,15.0,86.0,4.2,1.1,3.6
18:44:48,15.3,15.0,72.0,4.2,1.1,3.6
18:44:48,15.6,15.0,58.0,4.2,1.1,3.6
18:44:48,15.6,15.0,60.0,4.2,1.1,3.6
18:44:48,15.6,15.0,64.0,4.2,1.1,3.6
18:44:48,14.7,15.0,78.0,4.2,1.1,3.6
18:44:48,15.4,15.0,64.0,4.2,1.1,3.6
18:44:48,15.6,15.0,55.0,4.2,1.1,3.6
18:44:49,15.5,15.0,67.0,4.2,1.1,3.6
18:44:49,15.5,15.0,69.0,4.2,1.1,3.6
18:44:49,15.1,15.0,83.0,4.2,1.1,3.6
18:44:49,15.4,15.0,69.0,4.2,1.1,3.6
18:44:49,15.5,15.0,65.0,4.2,1.1,3.6
18:44:49,15.6,15.0,60.0,4.2,1.1,3.6
18:44:49,15.6,15.0,63.0,4.2,1.1,3.6
18:44:49,15.7,15.0,66.0,4.2,1.1,3.6
18:44:49,14.9,15.0,80.0,4.2,1.1,3.6
18:44:49,15.3,15.0,67.0,4.2,1.1,3.6
18:44:49,15.5,15.0,63.0,4.2,1.1,3.6
18:44:49,15.5,15.0,65.0,4.2,1.1,3.6
18:44:49,15.5,15.0,69.0,4.2,1.1,3.6
18:44:49,14.1,15.0,83.0,4.2,1.1,3.6
18:44:49,15.2,15.0,69.0,4.2,1.1,3.6
18:44:49,15.6,15.0,55.0,4.2,1.1,3.6
18:44:49,15.6,15.0,54.0,4.2,1.1,3.6
18:44:49,15.8,15.0,54.0,4.2,1.1,3.6
18:44:49,15.5,15.0,68.0,4.2,1.1,3.6
18:44:49,15.4,15.0,75.0,4.2,1.1,3.6
18:44:49,15.8,15.0,61.0,4.2,1.1,3.6
18:44:49,15.8,15.0,60.0,4.2,1.1,3.6
18:44:49,15.9,15.0,62.0,4.2,1.1,3.6
18:44:49,15.7,15.0,72.0,4.2,1.1,3.6
18:44:49,15.0,15.0,86.0,4.2,1.1,3.6
18:44:50,15.5,15.0,72.0,4.2,1.1,3.6
18:44:50,15.5,15.0,67.0,4.2,1.1,3.6
18:44:50,15.5,15.0,70.0,4.2,1.1,3.6
18:44:50,15.5,15.0,70.0,4.2,1.1,3.6
18:44:50,14.8,15.0,84.0,4.2,1.1,3.6
18:44:50,15.2,15.0,70.0,4.2,1.1,3.6
18:44:50,15.3,15.0,65.0,4.2,1.1,3.6
18:44:50,15.3,15.0,68.0,4.2,1.1,3.6
18:44:50,15.3,15.0,70.0,4.2,1.1,3.6
18:44:50,14.8,15.0,84.0,4.2,1.1,3.6
18:44:50,14.9,15.0,81.0,4.2,1.1,3.6
18:44:50,15.1,15.0,67.0,4.2,1.1,3.6
18:44:50,15.1,15.0,67.0,4.2,1.1,3.6
18:44:50,15.2,15.0,63.0,4.2,1.1,3.6
18:44:50,15.3,15.0,65.0,4.2,1.1,3.6
18:44:50,14.6,15.0,79.0,4.2,1.1,3.6
18:44:50,15.3,15.0,65.0,4.2,1.1,3.6
18:44:50,15.4,15.0,56.0,4.2,1.1,3.6
18:44:50,15.4,15.0,61.0,4.2,1.1,3.6
18:44:50,15.6,15.0,58.0,4.2,1.1,3.6
18:44:50,15.0,15.0,72.0,4.2,1.1,3.6
18:44:50,15.6,15.0,58.0,4.2,1.1,3.6
18:44:50,15.8,15.0,51.0,4.2,1.1,3.6
18:44:50,15.9,15.0,57.0,4.2,1.1,3.6
18:44:50,15.9,15.0,62.0,4.2,1.1,3.6
18:44:51,15.5,15.0,76.0,4.2,1.1,3.6
18:44:51,15.4,15.0,80.0,4.2,1.1,3.6
18:44:51,15.6,15.0,67.0,4.2,1.1,3.6
18:44:51,15.7,15.0,65.0,4.2,1.1,3.6
18:44:51,15.5,15.0,74.0,4.2,1.1,3.6
18:44:51,15.5,15.0,73.0,4.2,1.1,3.6
18:44:51,14.5,15.0,87.0,4.2,1.1,3.6
18:44:51,15.2,15.0,73.0,4.2,1.1,3.6
18:44:51,15.4,15.0,59.0,4.2,1.1,3.6
18:44:51,15.5,15.0,61.0,4.2,1.1,3.6
18:44:51,15.6,15.0,58.0,4.2,1.1,3.6
18:44:51,15.0,15.0,72.0,4.2,1.1,3.6
18:44:51,15.5,15.0,58.0,4.2,1.1,3.6
18:44:51,15.5,15.0,62.0,4.2,1.1,3.6
18:44:51,15.5,15.0,66.0,4.2,1.1,3.6
18:44:51,15.5,15.0,68.0,4.2,1.1,3.6
18:44:51,15.5,15.0,70.0,4.2,1.1,3.6
18:44:51,15.2,15.0,84.0,4.2,1.1,3.6
18:44:51,15.4,15.0,70.0,4.2,1.1,3.6
18:44:51,15.5,15.0,65.0,4.2,1.1,3.6
18:44:51,15.3,15.0,74.0,4.2,1.1,3.6
18:44:51,15.3,15.0,74.0,4.2,1.1,3.6
18:44:51,14.4,15.0,88.0,4.2,1.1,3.6
18:44:51,15.0,15.0,74.0,4.2,1.1,3.6
18:44:51,15.2,15.0,60.0,4.2,1.1,3.6
18:44:52,15.3,15.0,60.0,4.2,1.1,3.6
18:44:52,15.3,15.0,65.0,4.2,1.1,3.6
18:44:52,14.1,15.0,79.0,4.2,1.1,3.6
18:44:52,15.1,15.0,65.0,4.2,1.1,3.6
18:44:52,15.4,15.0,51.0,4.2,1.1,3.6
18:44:52,15.6,15.0,48.0,4.2,1.1,3.6
18:44:52,15.6,15.0,56.0,4.2,1.1,3.6
18:44:52,15.7,15.0,61.0,4.2,1.1,3.6
18:44:52,15.0,15.0,75.0,4.2,1.1,3.6
18:44:52,15.5,15.0,61.0,4.2,1.1,3.6
18:44:52,15.5,15.0,64.0,4.2,1.1,3.6
18:44:52,15.5,15.0,67.0,4.2,1.1,3.6
18:44:52,15.5,15.0,68.0,4.2,1.1,3.6
18:44:52,14.4,15.0,82.0,4.2,1.1,3.6
18:44:52,15.1,15.0,68.0,4.2,1.1,3.6
18:44:52,15.2,15.0,60.0,4.2,1.1,3.6
18:44:52,15.1,15.0,70.0,4.2,1.1,3.6
18:44:52,15.1,15.0,72.0,4.2,1.1,3.6
18:44:52,14.8,15.0,86.0,4.2,1.1,3.6
18:44:52,15.0,15.0,72.0,4.2,1.1,3.6
18:44:52,15.1,15.0,66.0,4.2,1.1,3.6
18:44:52,15.1,15.0,68.0,4.2,1.1,3.6
18:44:52,15.1,15.0,71.0,4.2,1.1,3.6
18:44:52,15.2,15.0,64.0,4.2,1.1,3.6
18:44:52,14.7,15.0,78.0,4.2,1.1,3.6
18:44:53,15.1,15.0,64.0,4.2,1.1,3.6
18:44:53,15.3,15.0,58.0,4.2,1.1,3.6
18:44:53,15.1,15.0,70.0,4.2,1.1,3.6
18:44:53,15.1,15.0,72.0,4.2,1.1,3.6
18:44:53,14.2,15.0,86.0,4.2,1.1,3.6
18:44:53,14.8,15.0,72.0,4.2,1.1,3.6
18:44:53,15.0,15.0,58.0,4.2,1.1,3.6
18:44:53,15.1,15.0,61.0,4.2,1.1,3.6
18:44:53,15.1,15.0,65.0,4.2,1.1,3.6
18:44:53,14.8,15.0,79.0,4.2,1.1,3.6
18:44:53,15.0,15.0,65.0,4.2,1.1,3.6
18:44:53,15.1,15.0,65.0,4.2,1.1,3.6
18:44:53,15.1,15.0,67.0,4.2,1.1,3.6
18:44:53,15.1,15.0,69.0,4.2,1.1,3.6
18:44:53,15.1,15.0,70.0,4.2,1.1,3.6
18:44:53,15.2,15.0,64.0,4.2,1.1,3.6
18:44:53,15.2,15.0,66.0,4.2,1.1,3.6
18:44:53,15.3,15.0,67.0,4.2,1.1,3.6
18:44:53,15.4,15.0,61.0,4.2,1.1,3.6
18:44:53,15.5,15.0,63.0,4.2,1.1,3.6
18:44:53,15.6,15.0,59.0,4.2,1.1,3.6
18:44:53,15.6,15.0,62.0,4.2,1.1,3.6
18:44:53,15.8,15.0,56.0,4.2,1.1,3.6
18:44:53,15.8,15.0,60.0,4.2,1.1,3.6
18:44:53,15.9,15.0,63.0,4.2,1.1,3.6
18:44:54,15.9,15.0,65.0,4.2,1.1,3.6
18:44:54,15.9,15.0,66.0,4.2,1.1,3.6
18:44:54,15.7,15.0,74.0,4.2,1.1,3.6
18:44:54,15.7,15.0,73.0,4.2,1.1,3.6
18:44:54,15.5,15.0,78.0,4.2,1.1,3.6
18:44:54,15.5,15.0,74.0,4.2,1.1,3.6
18:44:54,15.4,15.0,73.0,4.2,1.1,3.6
18:44:54,15.3,15.0,77.0,4.2,1.1,3.6
18:44:54,15.3,15.0,75.0,4.2,1.1,3.6
18:44:54,15.3,15.0,72.0,4.2,1.1,3.6
18:44:54,15.4,15.0,64.0,4.2,1.1,3.6
18:44:54,15.4,15.0,66.0,4.2,1.1,3.6
18:44:54,15.6,15.0,60.0,4.2,1.1,3.6
18:44:54,15.6,15.0,61.0,4.2,1.1,3.6
18:44:54,15.6,15.0,64.0,4.2,1.1,3.6
18:44:54,15.6,15.0,66.0,4.2,1.1,3.6
18:44:54,15.8,15.0,60.0,4.2,1.1,3.6
18:44:54,15.7,15.0,68.0,4.2,1.1,3.6
18:44:54,15.7,15.0,69.0,4.2,1.1,3.6
18:44:54,15.7,15.0,69.0,4.2,1.1,3.6
18:44:54,15.6,15.0,68.0,4.2,1.1,3.6
18:44:54,15.5,15.0,73.0,4.2,1.1,3.6
18:44:54,15.5,15.0,72.0,4.2,1.1,3.6
18:44:54,15.5,15.0,72.0,4.2,1.1,3.6
18:44:54,15.5,15.0,70.0,4.2,1.1,3.6
18:44:54,15.5,15.0,69.0,4.2,1.1,3.6
18:44:55,15.5,15.0,68.0,4.2,1.1,3.6
18:44:55,15.5,15.0,68.0,4.2,1.1,3.6
18:44:55,15.5,15.0,69.0,4.2,1.1,3.6
18:44:55,15.5,15.0,68.0,4.2,1.1,3.6
18:44:55,15.6,15.0,62.0,4.2,1.1,3.6
18:44:55,15.6,15.0,63.0,4.2,1.1,3.6
18:44:55,15.6,15.0,66.0,4.2,1.1,3.6
18:44:55,14.9,15.0,80.0,4.2,1.1,3.6
18:44:55,15.3,15.0,66.0,4.2,1.1,3.6
18:44:55,15.4,15.0,60.0,4.2,1.1,3.6
18:44:55,15.5,15.0,63.0,4.2,1.1,3.6
18:44:55,15.5,15.0,65.0,4.2,1.1,3.6
18:44:55,14.8,15.0,79.0,4.2,1.1,3.6
18:44:55,15.3,15.0,65.0,4.2,1.1,3.6
18:44:55,15.3,15.0,64.0,4.2,1.1,3.6
18:44:55,15.3,15.0,67.0,4.2,1.1,3.6
18:44:55,15.4,15.0,62.0,4.2,1.1,3.6
18:44:55,15.1,15.0,76.0,4.2,1.1,3.6
18:44:55,15.1,15.0,77.0,4.2,1.1,3.6
18:44:55,15.5,15.0,63.0,4.2,1.1,3.6
18:44:55,15.6,15.0,54.0,4.2,1.1,3.6
18:44:55,15.6,15.0,60.0,4.2,1.1,3.6
18:44:55,15.5,15.0,69.0,4.2,1.1,3.6
18:44:55,14.9,15.0,83.0,4.2,1.1,3.6
18:44:55,15.3,15.0,69.0,4.2,1.1,3.6
18:44:56,15.4,15.0,60.0,4.2,1.1,3.6
18:44:56,15.3,15.0,69.0,4.2,1.1,3.6
18:44:56,15.3,15.0,71.0,4.2,1.1,3.6
18:44:56,14.8,15.0,85.0,4.2,1.1,3.6
18:44:56,15.3,15.0,71.0,4.2,1.1,3.6
18:44:56,15.4,15.0,57.0,4.2,1.1,3.6
18:44:56,15.4,15.0,61.0,4.2,1.1,3.6
18:44:56,15.6,15.0,57.0,4.2,1.1,3.6
18:44:56,15.3,15.0,71.0,4.2,1.1,3.6
18:44:56,15.3,15.0,75.0,4.2,1.1,3.6
18:44:56,15.6,15.0,61.0,4.2,1.1,3.6
18:44:56,15.6,15.0,58.0,4.2,1.1,3.6
18:44:56,15.5,15.0,68.0,4.2,1.1,3.6
18:44:56,15.5,15.0,69.0,4.2,1.1,3.6
18:44:56,14.5,15.0,83.0,4.2,1.1,3.6
18:44:56,15.2,15.0,69.0,4.2,1.1,3.6
18:44:56,15.4,15.0,56.0,4.2,1.1,3.6
18:44:56,15.3,15.0,65.0,4.2,1.1,3.6
18:44:56,15.4,15.0,62.0,4.2,1.1,3.6
18:44:56,14.8,15.0,76.0,4.2,1.1,3.6
18:44:56,15.5,15.0,62.0,4.2,1.1,3.6
18:44:56,15.6,15.0,50.0,4.2,1.1,3.6
18:44:56,15.7,15.0,57.0,4.2,1.1,3.6
18:44:56,15.7,15.0,62.0,4.2,1.1,3.6
18:44:57,15.5,15.0,70.0,4.2,1.1,3.6
18:44:57,15.2,15.0,84.0,4.2,1.1,3.6
18:44:57,15.4,15.0,70.0,4.2,1.1,3.6
18:44:57,15.3,15.0,71.0,4.2,1.1,3.6
18:44:57,15.3,15.0,71.0,4.2,1.1,3.6
18:44:57,15.3,15.0,70.0,4.2,1.1,3.6
18:44:57,14.3,15.0,84.0,4.2,1.1,3.6
18:44:57,15.2,15.0,70.0,4.2,1.1,3.6
18:44:57,15.4,15.0,56.0,4.2,1.1,3.6
18:44:57,15.6,15.0,49.0,4.2,1.1,3.6
18:44:57,15.6,15.0,55.0,4.2,1.1,3.6
18:44:57,15.0,15.0,69.0,4.2,1.1,3.6
18:44:57,15.7,15.0,55.0,4.2,1.1,3.6
18:44:57,15.8,15.0,49.0,4.2,1.1,3.6
18:44:57,15.9,15.0,55.0,4.2,1.1,3.6
18:44:57,15.7,15.0,67.0,4.2,1.1,3.6
18:44:57,15.7,15.0,69.0,4.2,1.1,3.6
18:44:57,15.0,15.0,83.0,4.2,1.1,3.6
18:44:57,15.4,15.0,69.0,4.2,1.1,3.6
18:44:57,15.4,15.0,64.0,4.2,1.1,3.6
18:44:57,15.3,15.0,71.0,4.2,1.1,3.6
18:44:57,15.3,15.0,70.0,4.2,1.1,3.6
18:44:57,14.4,15.0,84.0,4.2,1.1,3.6
18:44:57,15.1,15.0,70.0,4.2,1.1,3.6
18:44:57,15.1,15.0,63.0,4.2,1.1,3.6
18:44:58,15.1,15.0,65.0,4.2,1.1,3.6
18:44:58,15.1,15.0,67.0,4.2,1.1,3.6
18:44:58,14.8,15.0,81.0,4.2,1.1,3.6
18:44:58,15.0,15.0,67.0,4.2,1.1,3.6
18:44:58,15.1,15.0,64.0,4.2,1.1,3.6
18:44:58,15.1,15.0,66.0,4.2,1.1,3.6
18:44:58,15.1,15.0,68.0,4.2,1.1,3.6
18:44:58,15.1,15.0,68.0,4.2,1.1,3.6
18:44:58,14.5,15.0,82.0,4.2,1.1,3.6
18:44:58,14.9,15.0,68.0,4.2,1.1,3.6
18:44:58,15.1,15.0,60.0,4.2,1.1,3.6
18:44:58,15.1,15.0,63.0,4.2,1.1,3.6
18:44:58,15.1,15.0,65.0,4.2,1.1,3.6
18:44:58,14.2,15.0,79.0,4.2,1.1,3.6
18:44:58,14.9,15.0,65.0,4.2,1.1,3.6
18:44:58,15.0,15.0,56.0,4.2,1.1,3.6
18:44:58,15.1,15.0,60.0,4.2,1.1,3.6
18:44:58,15.1,15.0,64.0,4.2,1.1,3.6
18:44:58,14.8,15.0,78.0,4.2,1.1,3.6
18:44:58,15.1,15.0,64.0,4.2,1.1,3.6
18:44:58,15.1,15.0,63.0,4.2,1.1,3.6
18:44:58,15.1,15.0,66.0,4.2,1.1,3.6
18:44:58,15.1,15.0,68.0,4.2,1.1,3.6
18:44:58,15.1,15.0,68.0,4.2,1.1,3.6
18:44:58,14.5,15.0,82.0,4.2,1.1,3.6
18:44:59,14.9,15.0,68.0,4.2,1.1,3.6
18:44:59,15.1,15.0,60.0,4.2,1.1,3.6
18:44:59,15.1,15.0,63.0,4.2,1.1,3.6
18:44:59,15.1,15.0,65.0,4.2,1.1,3.6
18:44:59,14.5,15.0,79.0,4.2,1.1,3.6
18:44:59,14.9,15.0,65.0,4.2,1.1,3.6
18:44:59,15.1,15.0,59.0,4.2,1.1,3.6
18:44:59,15.1,15.0,62.0,4.2,1.1,3.6
18:44:59,15.1,15.0,65.0,4.2,1.1,3.6
18:44:59,14.8,15.0,79.0,4.2,1.1,3.6
18:44:59,14.7,15.0,80.0,4.2,1.1,3.6
18:44:59,15.0,15.0,66.0,4.2,1.1,3.6
18:44:59,15.1,15.0,61.0,4.2,1.1,3.6
18:44:59,15.1,15.0,64.0,4.2,1.1,3.6
18:44:59,15.1,15.0,66.0,4.2,1.1,3.6
18:44:59,14.5,15.0,80.0,4.2,1.1,3.6
18:44:59,14.9,15.0,66.0,4.2,1.1,3.6
18:44:59,15.1,15.0,60.0,4.2,1.1,3.6
18:44:59,15.1,15.0,63.0,4.2,1.1,3.6
18:44:59,15.1,15.0,65.0,4.2,1.1,3.6
18:44:59,14.5,15.0,79.0,4.2,1.1,3.6
18:44:59,14.9,15.0,65.0,4.2,1.1,3.6
18:44:59,15.1,15.0,59.0,4.2,1.1,3.6
18:44:59,15.1,15.0,63.0,4.2,1.1,3.6
18:44:59,15.1,15.0,65.0,4.2,1.1,3.6
18:44:59,14.8,15.0,79.0,4.2,1.1,3.6
18:45:00,14.7,15.0,80.0,4.2,1.1,3.6
18:45:00,15.0,15.1,66.0,4.2,1.1,3.6
18:45:00,15.1,15.1,65.0,4.2,1.1,3.6
18:45:00,15.1,15.1,65.0,4.2,1.1,3.6
18:45:00,15.1,15.1,66.0,4.2,1.1,3.6
18:45:00,14.2,15.1,80.0,4.2,1.1,3.6
18:45:00,14.9,15.3,71.0,4.2,1.1,3.6
18:45:00,15.0,15.3,62.0,4.2,1.1,3.6
18:45:00,15.1,15.7,76.0,4.2,1.1,3.6
18:45:00,15.1,15.9,87.0,4.2,1.1,3.6
18:45:00,14.5,15.9,101.0,4.453,1.042,3.642
18:45:00,15.0,16.0,87.0,4.227,1.094,3.604
18:45:00,15.1,16.1,74.0,4.221,1.095,3.603
18:45:00,15.1,16.3,83.0,4.334,1.069,3.622
18:45:00,15.1,16.3,79.0,4.334,1.069,3.622
18:45:00,15.2,16.3,70.0,4.248,1.089,3.608
18:45:00,15.0,16.5,84.0,4.521,1.027,3.653
18:45:00,15.3,16.5,70.0,4.3,1.077,3.617
18:45:00,15.6,16.7,69.0,4.278,1.082,3.613
18:45:00,15.6,16.9,78.0,4.35,1.066,3.625
18:45:00,15.8,16.9,69.0,4.257,1.087,3.61
18:45:00,14.9,17.0,83.0,4.886,0.943,3.714
18:45:00,15.7,17.2,69.0,4.472,1.038,3.645
18:45:00,16.0,17.2,60.0,4.325,1.071,3.621
18:45:01,16.1,17.3,68.0,4.335,1.069,3.623
18:45:01,16.2,17.5,73.0,4.352,1.065,3.625
18:45:01,15.6,17.5,87.0,4.752,0.974,3.692
18:45:01,16.1,17.7,76.0,4.544,1.021,3.657
18:45:01,16.3,17.8,74.0,4.513,1.028,3.652
18:45:01,16.3,17.8,74.0,4.492,1.033,3.649
18:45:01,16.3,18.0,86.0,4.609,1.006,3.668
18:45:01,16.1,18.0,94.0,4.753,0.973,3.692
18:45:01,16.1,18.3,102.0,4.926,0.934,3.721
18:45:01,16.5,18.4,88.0,4.766,0.97,3.694
18:45:01,16.5,18.4,76.0,4.733,0.978,3.689
18:45:01,16.5,18.6,88.0,4.846,0.952,3.708
18:45:01,16.5,18.7,90.0,4.908,0.938,3.718
18:45:01,15.5,18.7,104.0,5.547,0.791,3.824
18:45:01,16.3,18.9,90.0,5.179,0.876,3.763
18:45:01,16.5,19.1,85.0,5.188,0.874,3.765
18:45:01,16.5,19.1,81.0,5.147,0.883,3.758
18:45:01,16.5,19.3,94.0,5.272,0.854,3.779
18:45:01,15.8,19.5,108.0,5.832,0.726,3.872
18:45:01,16.4,19.6,94.0,5.537,0.794,3.823
18:45:01,16.5,19.6,83.0,5.462,0.811,3.81
18:45:01,16.5,19.7,90.0,5.507,0.8,3.818
18:45:01,16.5,19.8,95.0,5.563,0.788,3.827
18:45:01,16.5,19.8,93.0,5.571,0.786,3.828
18:45:01,15.8,20.0,107.0,6.116,0.661,3.919
18:45:02,16.3,20.1,97.0,5.859,0.72,3.877
18:45:02,16.5,20.1,89.0,5.786,0.737,3.864
18:45:02,16.5,20.1,88.0,5.75,0.745,3.858
18:45:02,16.5,20.1,90.0,5.746,0.746,3.858
18:45:02,16.5,20.1,92.0,5.746,0.746,3.858
18:45:02,16.5,20.1,93.0,5.75,0.745,3.858
18:45:02,16.5,20.1,93.0,5.746,0.746,3.858
18:45:02,16.5,20.1,94.0,5.752,0.744,3.859
18:45:02,16.5,20.1,94.0,5.752,0.744,3.859
18:45:02,16.4,20.1,103.0,5.844,0.723,3.874
18:45:02,16.5,20.1,93.0,5.78,0.738,3.863
18:45:02,16.5,20.1,92.0,5.763,0.742,3.86
18:45:02,16.5,20.1,93.0,5.758,0.743,3.86
18:45:02,16.5,20.1,94.0,5.764,0.742,3.861
18:45:02,16.5,20.1,93.0,5.753,0.744,3.859
18:45:02,16.5,20.1,95.0,5.764,0.742,3.861
18:45:02,16.5,20.1,95.0,5.761,0.742,3.86
18:45:02,16.5,20.1,95.0,5.761,0.742,3.86
18:45:02,16.7,20.1,84.0,5.646,0.769,3.841
18:45:02,16.7,20.1,86.0,5.611,0.777,3.835
18:45:02,16.8,20.1,89.0,5.608,0.777,3.835
18:45:02,16.9,20.1,81.0,5.497,0.803,3.816
18:45:02,17.0,20.1,85.0,5.477,0.807,3.813
18:45:02,17.2,20.1,77.0,5.359,0.834,3.793
18:45:02,17.2,20.1,80.0,5.319,0.844,3.787
18:45:03,17.2,20.1,85.0,5.322,0.843,3.787
18:45:03,17.4,20.1,78.0,5.214,0.868,3.769
18:45:03,17.5,20.1,80.0,5.172,0.877,3.762
18:45:03,17.7,20.1,75.0,5.066,0.902,3.744
18:45:03,17.7,20.1,77.0,5.023,0.911,3.737
18:45:03,17.9,20.1,74.0,4.933,0.932,3.722
18:45:03,18.0,20.1,76.0,4.888,0.942,3.715
18:45:03,18.0,20.1,81.0,4.886,0.943,3.714
18:45:03,18.0,20.1,82.0,4.872,0.946,3.712
18:45:03,18.0,20.1,84.0,4.869,0.947,3.712
18:45:03,18.0,20.1,86.0,4.879,0.944,3.713
18:45:03,18.0,20.1,84.0,4.859,0.949,3.71
18:45:03,18.0,20.1,85.0,4.861,0.949,3.71
18:45:03,18.0,20.1,86.0,4.867,0.947,3.711
18:45:03,18.0,20.1,87.0,4.874,0.946,3.712
18:45:03,18.0,20.1,87.0,4.878,0.945,3.713
18:45:03,18.0,20.1,86.0,4.863,0.948,3.711
18:45:03,18.0,20.1,87.0,4.87,0.947,3.712
18:45:03,18.0,20.1,87.0,4.872,0.946,3.712
18:45:03,18.0,20.1,86.0,4.866,0.947,3.711
18:45:03,18.0,20.1,87.0,4.869,0.947,3.712
18:45:03,18.0,20.1,86.0,4.862,0.948,3.71
18:45:03,17.1,20.1,100.0,5.374,0.831,3.796
18:45:03,17.8,20.1,86.0,4.997,0.917,3.733
18:45:03,17.9,20.1,75.0,4.902,0.939,3.717
18:45:03,18.0,20.1,78.0,4.858,0.949,3.71
18:45:04,18.0,20.1,83.0,4.859,0.949,3.71
18:45:04,17.1,20.1,97.0,5.387,0.828,3.798
18:45:04,18.0,20.1,83.0,4.872,0.946,3.712
18:45:04,18.2,20.1,69.0,4.731,0.978,3.689
18:45:04,18.2,20.1,74.0,4.716,0.982,3.686
18:45:04,18.3,20.1,79.0,4.699,0.986,3.683
18:45:04,17.8,20.1,93.0,4.967,0.924,3.728
18:45:04,17.9,20.1,95.0,4.935,0.932,3.722
18:45:04,18.4,20.1,81.0,4.644,0.998,3.674
18:45:04,18.5,20.1,69.0,4.563,1.017,3.661
18:45:04,18.7,20.1,65.0,4.418,1.05,3.636
18:45:04,18.8,20.1,71.0,4.373,1.06,3.629
18:45:04,18.1,20.1,85.0,4.796,0.963,3.699
18:45:04,19.1,20.1,71.0,4.218,1.096,3.603
18:45:04,19.3,20.1,57.0,4.2,1.1,3.6
18:45:04,19.6,20.1,55.0,4.2,1.1,3.6
18:45:04,19.7,20.1,64.0,4.2,1.1,3.6
18:45:04,18.9,20.1,78.0,4.334,1.069,3.622
18:45:04,19.7,20.1,64.0,4.2,1.1,3.6
18:45:04,20.1,20.1,50.0,4.2,1.1,3.6
18:45:04,20.3,20.1,57.0,4.2,1.1,3.6
18:45:04,20.5,20.1,56.0,4.2,1.1,3.6
18:45:04,20.0,20.1,70.0,4.2,1.1,3.6
18:45:04,19.9,20.1,84.0,4.2,1.1,3.6
18:45:05,20.4,20.1,70.0,4.2,1.1,3.6
18:45:05,20.5,20.1,62.0,4.2,1.1,3.6
18:45:05,20.6,20.1,67.0,4.2,1.1,3.6
18:45:05,20.6,20.1,72.0,4.2,1.1,3.6
18:45:05,19.5,20.1,86.0,4.2,1.1,3.6
18:45:05,20.3,20.1,72.0,4.2,1.1,3.6
18:45:05,20.5,20.1,60.0,4.2,1.1,3.6
18:45:05,20.6,20.1,65.0,4.2,1.1,3.6
18:45:05,20.6,20.1,72.0,4.2,1.1,3.6
18:45:05,19.0,20.1,86.0,4.274,1.083,3.612
18:45:05,20.2,20.1,72.0,4.2,1.1,3.6
18:45:05,20.5,20.1,58.0,4.2,1.1,3.6
18:45:05,20.6,20.1,60.0,4.2,1.1,3.6
18:45:05,20.6,20.1,67.0,4.2,1.1,3.6
18:45:05,19.5,20.1,81.0,4.2,1.1,3.6
18:45:05,20.3,20.1,67.0,4.2,1.1,3.6
18:45:05,20.5,20.1,59.0,4.2,1.1,3.6
18:45:05,20.6,20.1,65.0,4.2,1.1,3.6
18:45:05,20.6,20.1,69.0,4.2,1.1,3.6
18:45:05,20.6,20.1,73.0,4.2,1.1,3.6
18:45:05,20.1,20.1,87.0,4.2,1.1,3.6
18:45:05,20.3,20.1,81.0,4.2,1.1,3.6
18:45:05,20.3,20.1,78.0,4.2,1.1,3.6
18:45:05,20.3,20.1,78.0,4.2,1.1,3.6
18:45:05,20.3,20.1,78.0,4.2,1.1,3.6
18:45:06,18.6,20.1,92.0,4.489,1.034,3.648
18:45:06,19.8,20.1,78.0,4.2,1.1,3.6
18:45:06,20.2,20.1,64.0,4.2,1.1,3.6
18:45:06,20.2,20.1,62.0,4.2,1.1,3.6
18:45:06,20.3,20.1,69.0,4.2,1.1,3.6
18:45:06,19.2,20.1,83.0,4.2,1.1,3.6
18:45:06,20.0,20.1,69.0,4.2,1.1,3.6
18:45:06,20.2,20.1,60.0,4.2,1.1,3.6
18:45:06,20.2,20.1,69.0,4.2,1.1,3.6
18:45:06,20.3,20.1,71.0,4.2,1.1,3.6
18:45:06,20.2,20.1,76.0,4.2,1.1,3.6
18:45:06,19.7,20.1,90.0,4.2,1.1,3.6
18:45:06,20.1,20.1,76.0,4.2,1.1,3.6
18:45:06,20.3,20.1,69.0,4.2,1.1,3.6
18:45:06,20.3,20.1,72.0,4.2,1.1,3.6
18:45:06,20.3,20.1,75.0,4.2,1.1,3.6
18:45:06,18.7,20.1,89.0,4.431,1.047,3.638
18:45:06,19.8,20.1,75.0,4.2,1.1,3.6
18:45:06,20.2,20.1,61.0,4.2,1.1,3.6
18:45:06,20.2,20.1,63.0,4.2,1.1,3.6
18:45:06,20.5,20.1,58.0,4.2,1.1,3.6
18:45:06,19.5,20.1,72.0,4.2,1.1,3.6
18:45:06,20.3,20.1,58.0,4.2,1.1,3.6
18:45:06,20.5,20.1,56.0,4.2,1.1,3.6
18:45:06,20.6,20.1,64.0,4.2,1.1,3.6
18:45:07,20.6,20.1,71.0,4.2,1.1,3.6
18:45:07,20.0,20.1,85.0,4.2,1.1,3.6
18:45:07,19.7,20.1,99.0,4.2,1.1,3.6
18:45:07,20.1,20.1,85.0,4.2,1.1,3.6
18:45:07,20.2,20.1,71.0,4.2,1.1,3.6
18:45:07,20.1,20.1,78.0,4.2,1.1,3.6
18:45:07,20.0,20.1,82.0,4.2,1.1,3.6
18:45:07,19.2,20.1,96.0,4.2,1.1,3.6
18:45:07,20.0,20.1,82.0,4.2,1.1,3.6
18:45:07,20.2,20.1,68.0,4.2,1.1,3.6
18:45:07,20.3,20.1,66.0,4.2,1.1,3.6
18:45:07,20.5,20.1,60.0,4.2,1.1,3.6
18:45:07,19.0,20.1,74.0,4.274,1.083,3.612
18:45:07,20.4,20.1,60.0,4.2,1.1,3.6
18:45:07,20.8,20.1,46.0,4.2,1.1,3.6
18:45:07,21.0,20.1,51.0,4.2,1.1,3.6
18:45:07,21.0,20.1,62.0,4.2,1.1,3.6
18:45:07,20.6,20.1,76.0,4.2,1.1,3.6
18:45:07,21.2,20.1,62.0,4.232,1.093,3.605
18:45:07,21.3,20.1,56.0,4.322,1.072,3.62
18:45:07,21.3,20.1,63.0,4.34,1.068,3.623
18:45:07,21.3,20.1,69.0,4.322,1.072,3.62
18:45:07,21.1,20.1,83.0,4.2,1.1,3.6
18:45:07,20.5,20.1,97.0,4.2,1.1,3.6
18:45:07,20.8,20.1,83.0,4.2,1.1,3.6
18:45:07,20.9,20.1,70.0,4.2,1.1,3.6
18:45:08,20.7,20.1,84.0,4.2,1.1,3.6
18:45:08,20.6,20.1,82.0,4.2,1.1,3.6
18:45:08,19.0,20.1,96.0,4.248,1.089,3.608
18:45:08,20.4,20.1,82.0,4.2,1.1,3.6
18:45:08,20.8,20.1,68.0,4.2,1.1,3.6
18:45:08,20.9,20.1,54.0,4.2,1.1,3.6
18:45:08,21.0,20.1,62.0,4.2,1.1,3.6
18:45:08,19.8,20.1,76.0,4.2,1.1,3.6
18:45:08,21.0,20.1,62.0,4.2,1.1,3.6
18:45:08,21.2,20.1,48.0,4.289,1.08,3.615
18:45:08,21.3,20.1,55.0,4.328,1.071,3.621
18:45:08,21.3,20.1,63.0,4.34,1.068,3.623
18:45:08,20.7,20.1,77.0,4.2,1.1,3.6
18:45:08,20.6,20.1,91.0,4.2,1.1,3.6
18:45:08,21.2,20.1,77.0,4.23,1.093,3.605
18:45:08,21.3,20.1,63.0,4.317,1.073,3.619
18:45:08,21.1,20.1,74.0,4.2,1.1,3.6
18:45:08,21.0,20.1,77.0,4.2,1.1,3.6
18:45:08,19.9,20.1,91.0,4.2,1.1,3.6
18:45:08,20.7,20.1,77.0,4.2,1.1,3.6
18:45:08,20.9,20.1,63.0,4.2,1.1,3.6
18:45:08,21.0,20.1,64.0,4.2,1.1,3.6
18:45:08,21.0,20.1,68.0,4.2,1.1,3.6
18:45:08,19.3,20.1,82.0,4.2,1.1,3.6
18:45:08,20.5,20.1,68.0,4.2,1.1,3.6
18:45:09,20.9,20.1,54.0,4.2,1.1,3.6
18:45:09,21.0,20.1,56.0,4.2,1.1,3.6
18:45:09,21.0,20.1,63.0,4.2,1.1,3.6
18:45:09,20.4,20.1,77.0,4.2,1.1,3.6
18:45:09,20.9,20.1,63.0,4.2,1.1,3.6
18:45:09,20.7,20.1,77.0,4.2,1.1,3.6
18:45:09,20.6,20.1,79.0,4.2,1.1,3.6
18:45:09,20.6,20.1,77.0,4.2,1.1,3.6
18:45:09,20.6,20.1,76.0,4.2,1.1,3.6
18:45:09,19.6,20.1,90.0,4.2,1.1,3.6
18:45:09,20.6,20.1,76.0,4.2,1.1,3.6
18:45:09,20.9,20.1,62.0,4.2,1.1,3.6
18:45:09,21.0,20.1,56.0,4.2,1.1,3.6
18:45:09,21.0,20.1,64.0,4.2,1.1,3.6
18:45:09,19.6,20.1,78.0,4.2,1.1,3.6
18:45:09,20.9,20.1,64.0,4.2,1.1,3.6
18:45:09,21.2,20.1,50.0,4.258,1.087,3.61
18:45:09,21.3,20.1,52.0,4.319,1.073,3.62
18:45:09,21.3,20.1,62.0,4.316,1.073,3.619
18:45:09,20.1,20.1,76.0,4.2,1.1,3.6
18:45:09,21.0,20.1,62.0,4.2,1.1,3.6
18:45:09,21.3,20.1,53.0,4.296,1.078,3.616
18:45:09,21.1,20.1,67.0,4.205,1.099,3.601
18:45:09,21.0,20.1,75.0,4.2,1.1,3.6
18:45:09,21.0,20.1,76.0,4.2,1.1,3.6
18:45:10,20.2,20.1,90.0,4.2,1.1,3.6
18:45:10,20.5,20.1,78.0,4.2,1.1,3.6
18:45:10,20.4,20.1,84.0,4.2,1.1,3.6
18:45:10,20.3,20.1,82.0,4.2,1.1,3.6
18:45:10,20.1,20.1,87.0,4.2,1.1,3.6
18:45:10,18.5,20.1,101.0,4.547,1.02,3.658
18:45:10,19.6,20.1,87.0,4.2,1.1,3.6
18:45:10,19.7,20.1,73.0,4.2,1.1,3.6
18:45:10,19.7,20.1,73.0,4.2,1.1,3.6
18:45:10,19.7,20.1,76.0,4.2,1.1,3.6
18:45:10,18.7,20.1,90.0,4.454,1.042,3.642
18:45:10,19.4,20.1,76.0,4.2,1.1,3.6
18:45:10,19.6,20.1,64.0,4.2,1.1,3.6
18:45:10,19.7,20.1,68.0,4.2,1.1,3.6
18:45:10,19.7,20.1,71.0,4.2,1.1,3.6
18:45:10,19.7,20.1,74.0,4.2,1.1,3.6
18:45:10,19.7,20.1,76.0,4.2,1.1,3.6
18:45:10,19.7,20.1,78.0,4.2,1.1,3.6
18:45:10,19.7,20.1,79.0,4.2,1.1,3.6
18:45:10,19.7,20.1,79.0,4.2,1.1,3.6
18:45:10,19.5,20.1,90.0,4.2,1.1,3.6
18:45:10,19.4,20.1,87.0,4.2,1.1,3.6
18:45:10,19.4,20.1,84.0,4.2,1.1,3.6
18:45:10,19.4,20.1,83.0,4.2,1.1,3.6
18:45:11,19.6,20.1,71.0,4.2,1.1,3.6
18:45:11,19.7,20.1,72.0,4.2,1.1,3.6
18:45:11,19.7,20.1,74.0,4.2,1.1,3.6
18:45:11,19.9,20.1,64.0,4.2,1.1,3.6
18:45:11,20.0,20.1,66.0,4.2,1.1,3.6
18:45:11,20.0,20.1,72.0,4.2,1.1,3.6
18:45:11,20.0,20.1,72.0,4.2,1.1,3.6
18:45:11,20.0,20.1,76.0,4.2,1.1,3.6
18:45:11,20.0,20.1,76.0,4.2,1.1,3.6
18:45:11,20.2,20.1,69.0,4.2,1.1,3.6
18:45:11,20.2,20.1,73.0,4.2,1.1,3.6
18:45:11,20.2,20.1,72.0,4.2,1.1,3.6
18:45:11,20.5,20.1,63.0,4.2,1.1,3.6
18:45:11,20.5,20.1,65.0,4.2,1.1,3.6
18:45:11,20.6,20.1,68.0,4.2,1.1,3.6
18:45:11,20.6,20.1,71.0,4.2,1.1,3.6
18:45:11,20.6,20.1,74.0,4.2,1.1,3.6
18:45:11,20.6,20.1,74.0,4.2,1.1,3.6
18:45:11,20.6,20.1,74.0,4.2,1.1,3.6
18:45:11,20.3,20.1,87.0,4.2,1.1,3.6
18:45:11,20.2,20.1,85.0,4.2,1.1,3.6
18:45:11,20.2,20.1,81.0,4.2,1.1,3.6
18:45:11,20.2,20.1,79.0,4.2,1.1,3.6
18:45:11,20.2,20.1,78.0,4.2,1.1,3.6
18:45:11,20.2,20.1,77.0,4.2,1.1,3.6
18:45:12,20.2,20.1,78.0,4.2,1.1,3.6
18:45:12,20.2,20.1,75.0,4.2,1.1,3.6
18:45:12,20.2,20.1,76.0,4.2,1.1,3.6
18:45:12,20.2,20.1,75.0,4.2,1.1,3.6
18:45:12,20.2,20.1,75.0,4.2,1.1,3.6
18:45:12,20.2,20.1,77.0,4.2,1.1,3.6
18:45:12,20.2,20.1,76.0,4.2,1.1,3.6
18:45:12,20.2,20.1,75.0,4.2,1.1,3.6
18:45:12,20.2,20.1,76.0,4.2,1.1,3.6
18:45:12,18.7,20.1,90.0,4.438,1.045,3.64
18:45:12,19.8,20.1,76.0,4.2,1.1,3.6
18:45:12,20.2,20.1,62.0,4.2,1.1,3.6
18:45:12,20.2,20.1,61.0,4.2,1.1,3.6
18:45:12,20.3,20.1,68.0,4.2,1.1,3.6
18:45:12,19.7,20.1,82.0,4.2,1.1,3.6
18:45:12,20.2,20.1,68.0,4.2,1.1,3.6
18:45:12,20.2,20.1,67.0,4.2,1.1,3.6
18:45:12,20.2,20.1,72.0,4.2,1.1,3.6
18:45:12,20.2,20.1,75.0,4.2,1.1,3.6
18:45:12,20.5,20.1,64.0,4.2,1.1,3.6
18:45:12,19.3,20.1,78.0,4.2,1.1,3.6
18:45:12,20.0,20.1,68.0,4.2,1.1,3.6
18:45:12,20.2,20.1,64.0,4.2,1.1,3.6
18:45:12,20.2,20.1,68.0,4.2,1.1,3.6
18:45:12,20.2,20.1,71.0,4.2,1.1,3.6
18:45:12,18.7,20.1,85.0,4.412,1.051,3.635
18:45:13,19.8,20.1,71.0,4.2,1.1,3.6
18:45:13,20.2,20.1,57.0,4.2,1.1,3.6
18:45:13,20.1,20.1,67.0,4.2,1.1,3.6
18:45:13,20.2,20.1,66.0,4.2,1.1,3.6
18:45:13,19.2,20.1,80.0,4.2,1.1,3.6
18:45:13,20.0,20.1,66.0,4.2,1.1,3.6
18:45:13,20.2,20.1,59.0,4.2,1.1,3.6
18:45:13,20.3,20.1,64.0,4.2,1.1,3.6
18:45:13,20.3,20.1,71.0,4.2,1.1,3.6
18:45:13,20.3,20.1,73.0,4.2,1.1,3.6
18:45:13,19.8,20.1,87.0,4.2,1.1,3.6
18:45:13,20.2,20.1,73.0,4.2,1.1,3.6
18:45:13,20.2,20.1,69.0,4.2,1.1,3.6
18:45:13,20.3,20.1,71.0,4.2,1.1,3.6
18:45:13,20.3,20.1,73.0,4.2,1.1,3.6
18:45:13,19.2,20.1,87.0,4.2,1.1,3.6
18:45:13,20.0,20.1,73.0,4.2,1.1,3.6
18:45:13,20.2,20.1,61.0,4.2,1.1,3.6
18:45:13,20.3,20.1,65.0,4.2,1.1,3.6
18:45:13,20.5,20.1,61.0,4.2,1.1,3.6
18:45:13,19.5,20.1,75.0,4.2,1.1,3.6
18:45:13,20.3,20.1,61.0,4.2,1.1,3.6
18:45:13,20.5,20.1,57.0,4.2,1.1,3.6
18:45:13,20.6,20.1,63.0,4.2,1.1,3.6
18:45:13,20.4,20.1,77.0,4.2,1.1,3.6
18:45:14,19.8,20.1,91.0,4.2,1.1,3.6
18:45:14,19.6,20.1,99.0,4.2,1.1,3.6
18:45:14,20.0,20.1,85.0,4.2,1.1,3.6
18:45:14,20.0,20.1,73.0,4.2,1.1,3.6
18:45:14,20.0,20.1,73.0,4.2,1.1,3.6
18:45:14,19.8,20.1,86.0,4.2,1.1,3.6
18:45:14,18.8,20.1,100.0,4.392,1.056,3.632
18:45:14,19.5,20.1,86.0,4.2,1.1,3.6
18:45:14,19.7,20.1,72.0,4.2,1.1,3.6
18:45:14,19.5,20.1,82.0,4.2,1.1,3.6
18:45:14,19.4,20.1,84.0,4.2,1.1,3.6
18:45:14,18.5,20.1,98.0,4.55,1.02,3.658
18:45:14,19.4,20.1,84.0,4.2,1.1,3.6
18:45:14,19.6,20.1,70.0,4.2,1.1,3.6
18:45:14,19.7,20.1,66.0,4.2,1.1,3.6
18:45:14,19.7,20.1,72.0,4.2,1.1,3.6
18:45:14,19.2,20.1,86.0,4.2,1.1,3.6
18:45:14,19.6,20.1,72.0,4.2,1.1,3.6
18:45:14,19.7,20.1,70.0,4.2,1.1,3.6
18:45:14,19.5,20.1,83.0,4.2,1.1,3.6
18:45:14,19.5,20.1,84.0,4.2,1.1,3.6
18:45:14,19.4,20.1,86.0,4.2,1.1,3.6
18:45:14,19.0,20.1,100.0,4.263,1.086,3.61
18:45:14,19.3,20.1,86.0,4.2,1.1,3.6
18:45:15,19.4,20.1,74.0,4.2,1.1,3.6
18:45:15,19.6,20.1,66.0,4.2,1.1,3.6
18:45:15,19.7,20.1,70.0,4.2,1.1,3.6
18:45:15,18.2,20.1,84.0,4.722,0.98,3.687
18:45:15,19.5,20.1,70.0,4.2,1.1,3.6
18:45:15,19.9,20.1,56.0,4.2,1.1,3.6
18:45:15,20.0,20.1,58.0,4.2,1.1,3.6
18:45:15,20.2,20.1,59.0,4.2,1.1,3.6
18:45:15,19.2,20.1,73.0,4.2,1.1,3.6
18:45:15,20.2,20.1,59.0,4.2,1.1,3.6
18:45:15,20.5,20.1,49.0,4.2,1.1,3.6
18:45:15,20.5,20.1,61.0,4.2,1.1,3.6
18:45:15,20.6,20.1,65.0,4.2,1.1,3.6
18:45:15,20.6,20.1,71.0,4.2,1.1,3.6
18:45:15,20.1,20.1,85.0,4.2,1.1,3.6
18:45:15,20.5,20.1,71.0,4.2,1.1,3.6
18:45:15,20.3,20.1,78.0,4.2,1.1,3.6
18:45:15,20.3,20.1,80.0,4.2,1.1,3.6
18:45:15,20.3,20.1,78.0,4.2,1.1,3.6
18:45:15,19.1,20.1,92.0,4.2,1.1,3.6
18:45:15,19.8,20.1,78.0,4.2,1.1,3.6
18:45:15,20.0,20.1,67.0,4.2,1.1,3.6
18:45:15,20.1,20.1,70.0,4.2,1.1,3.6
18:45:15,20.0,20.1,74.0,4.2,1.1,3.6
18:45:15,19.1,20.1,88.0,4.2,1.1,3.6
18:45:16,20.0,20.1,74.0,4.2,1.1,3.6
18:45:16,20.2,20.1,60.0,4.2,1.1,3.6
18:45:16,20.5,20.1,54.0,4.2,1.1,3.6
18:45:16,20.6,20.1,61.0,4.2,1.1,3.6
18:45:16,20.0,20.1,75.0,4.2,1.1,3.6
18:45:16,20.5,20.1,64.0,4.2,1.1,3.6
18:45:16,20.6,20.1,64.0,4.2,1.1,3.6
18:45:16,20.6,20.1,68.0,4.2,1.1,3.6
18:45:16,20.6,20.1,73.0,4.2,1.1,3.6
18:45:16,20.6,20.1,75.0,4.2,1.1,3.6
18:45:16,19.3,20.1,89.0,4.2,1.1,3.6
18:45:16,20.0,20.1,75.0,4.2,1.1,3.6
18:45:16,20.2,20.1,67.0,4.2,1.1,3.6
18:45:16,20.2,20.1,71.0,4.2,1.1,3.6
18:45:16,20.2,20.1,74.0,4.2,1.1,3.6
18:45:16,18.7,20.1,88.0,4.414,1.051,3.636
18:45:16,19.8,20.1,74.0,4.2,1.1,3.6
18:45:16,20.2,20.1,60.0,4.2,1.1,3.6
18:45:16,20.2,20.1,62.0,4.2,1.1,3.6
18:45:16,20.3,20.1,68.0,4.2,1.1,3.6
18:45:16,19.7,20.1,82.0,4.2,1.1,3.6
18:45:16,20.1,20.1,68.0,4.2,1.1,3.6
18:45:16,20.3,20.1,66.0,4.2,1.1,3.6
18:45:16,20.3,20.1,70.0,4.2,1.1,3.6
18:45:16,20.3,20.1,75.0,4.2,1.1,3.6
18:45:17,20.2,20.1,77.0,4.2,1.1,3.6
18:45:17,19.8,20.1,91.0,4.2,1.1,3.6
18:45:17,20.2,20.1,77.0,4.2,1.1,3.6
18:45:17,20.3,20.1,69.0,4.2,1.1,3.6
18:45:17,20.3,20.1,73.0,4.2,1.1,3.6
18:45:17,20.3,20.1,74.0,4.2,1.1,3.6
18:45:17,19.5,20.1,88.0,4.2,1.1,3.6
18:45:17,20.4,20.1,74.0,4.2,1.1,3.6
18:45:17,20.6,20.1,60.0,4.2,1.1,3.6
18:45:17,20.6,20.1,65.0,4.2,1.1,3.6
18:45:17,20.6,20.1,69.0,4.2,1.1,3.6
18:45:17,19.5,20.1,83.0,4.2,1.1,3.6
18:45:17,20.1,20.1,73.0,4.2,1.1,3.6
18:45:17,20.3,20.1,67.0,4.2,1.1,3.6
18:45:17,20.3,20.1,73.0,4.2,1.1,3.6
18:45:17,20.2,20.1,75.0,4.2,1.1,3.6
18:45:17,19.7,20.1,89.0,4.2,1.1,3.6
18:45:17,19.6,20.1,95.0,4.2,1.1,3.6
18:45:17,20.1,20.1,81.0,4.2,1.1,3.6
18:45:17,20.2,20.1,67.0,4.2,1.1,3.6
18:45:17,20.2,20.1,71.0,4.2,1.1,3.6
18:45:17,20.3,20.1,73.0,4.2,1.1,3.6
18:45:17,19.2,20.1,87.0,4.2,1.1,3.6
18:45:17,20.2,20.1,73.0,4.2,1.1,3.6
18:45:17,20.5,20.1,59.0,4.2,1.1,3.6
18:45:17,20.5,20.1,62.0,4.2,1.1,3.6
18:45:18,20.6,20.1,66.0,4.2,1.1,3.6
18:45:18,19.5,20.1,80.0,4.2,1.1,3.6
18:45:18,20.4,20.1,66.0,4.2,1.1,3.6
18:45:18,20.8,20.1,52.0,4.2,1.1,3.6
18:45:18,21.0,20.1,53.0,4.2,1.1,3.6
18:45:18,21.0,20.1,62.0,4.2,1.1,3.6
18:45:18,20.4,20.1,76.0,4.2,1.1,3.6
18:45:18,20.8,20.1,64.0,4.2,1.1,3.6
18:45:18,21.0,20.1,63.0,4.2,1.1,3.6
18:45:18,21.0,20.1,67.0,4.2,1.1,3.6
18:45:18,21.0,20.1,71.0,4.2,1.1,3.6
18:45:18,21.0,20.1,73.0,4.2,1.1,3.6
18:45:18,19.7,20.1,87.0,4.2,1.1,3.6
18:45:18,20.4,20.1,73.0,4.2,1.1,3.6
18:45:18,20.5,20.1,66.0,4.2,1.1,3.6
18:45:18,20.6,20.1,68.0,4.2,1.1,3.6
18:45:18,20.6,20.1,72.0,4.2,1.1,3.6
18:45:18,19.0,20.1,86.0,4.245,1.09,3.608
18:45:18,20.2,20.1,72.0,4.2,1.1,3.6
18:45:18,20.5,20.1,58.0,4.2,1.1,3.6
18:45:18,20.6,20.1,59.0,4.2,1.1,3.6
18:45:18,20.6,20.1,67.0,4.2,1.1,3.6
18:45:18,19.5,20.1,81.0,4.2,1.1,3.6
18:45:18,20.4,20.1,67.0,4.2,1.1,3.6
18:45:18,20.5,20.1,58.0,4.2,1.1,3.6
18:45:19,20.4,20.1,72.0,4.2,1.1,3.6
18:45:19,20.3,20.1,79.0,4.2,1.1,3.6
18:45:19,20.3,20.1,79.0,4.2,1.1,3.6
18:45:19,20.2,20.1,79.0,4.2,1.1,3.6
18:45:19,20.1,20.1,84.0,4.2,1.1,3.6
18:45:19,20.1,20.1,82.0,4.2,1.1,3.6
18:45:19,20.1,20.1,79.0,4.2,1.1,3.6
18:45:19,19.8,20.1,90.0,4.2,1.1,3.6
18:45:19,19.7,20.1,90.0,4.2,1.1,3.6
18:45:19,19.7,20.1,84.0,4.2,1.1,3.6
18:45:19,19.7,20.1,81.0,4.2,1.1,3.6
18:45:19,19.5,20.1,92.0,4.2,1.1,3.6
18:45:19,19.4,20.1,89.0,4.2,1.1,3.6
18:45:19,19.4,20.1,84.0,4.2,1.1,3.6
18:45:19,19.4,20.1,83.0,4.2,1.1,3.6
18:45:19,19.6,20.1,71.0,4.2,1.1,3.6
18:45:19,19.7,20.1,71.0,4.2,1.1,3.6
18:45:19,19.7,20.1,75.0,4.2,1.1,3.6
18:45:19,19.7,20.1,76.0,4.2,1.1,3.6
18:45:19,19.7,20.1,78.0,4.2,1.1,3.6
18:45:19,19.7,20.1,78.0,4.2,1.1,3.6
18:45:19,19.7,20.1,78.0,4.2,1.1,3.6
18:45:19,19.7,20.1,78.0,4.2,1.1,3.6
18:45:19,19.5,20.1,90.0,4.2,1.1,3.6
18:45:20,19.4,20.1,87.0,4.2,1.1,3.6
18:45:20,19.4,20.1,84.0,4.2,1.1,3.6
18:45:20,19.4,20.1,83.0,4.2,1.1,3.6
18:45:20,19.6,20.1,70.0,4.2,1.1,3.6
18:45:20,19.7,20.1,72.0,4.2,1.1,3.6
18:45:20,19.7,20.1,74.0,4.2,1.1,3.6
18:45:20,19.9,20.1,66.0,4.2,1.1,3.6
18:45:20,20.0,20.1,69.0,4.2,1.1,3.6
18:45:20,20.0,20.1,72.0,4.2,1.1,3.6
18:45:20,20.0,20.1,74.0,4.2,1.1,3.6
18:45:20,20.0,20.1,78.0,4.2,1.1,3.6
18:45:20,20.0,20.1,76.0,4.2,1.1,3.6
18:45:20,20.1,20.1,72.0,4.2,1.1,3.6
18:45:20,20.2,20.1,73.0,4.2,1.1,3.6
18:45:20,20.2,20.1,73.0,4.2,1.1,3.6
18:45:20,20.5,20.1,62.0,4.2,1.1,3.6
18:45:20,20.5,20.1,65.0,4.2,1.1,3.6
18:45:20,20.5,20.1,71.0,4.2,1.1,3.6
18:45:20,20.6,20.1,71.0,4.2,1.1,3.6
18:45:20,20.6,20.1,73.0,4.2,1.1,3.6
18:45:20,20.6,20.1,73.0,4.2,1.1,3.6
18:45:20,19.0,20.1,87.0,4.248,1.089,3.608
18:45:20,20.1,20.1,73.0,4.2,1.1,3.6
18:45:20,20.5,20.1,59.0,4.2,1.1,3.6
18:45:20,20.3,20.1,71.0,4.2,1.1,3.6
18:45:20,20.3,20.1,75.0,4.2,1.1,3.6
18:45:21,19.7,20.1,89.0,4.2,1.1,3.6
18:45:21,20.2,20.1,75.0,4.2,1.1,3.6
18:45:21,20.3,20.1,69.0,4.2,1.1,3.6
18:45:21,20.3,20.1,73.0,4.2,1.1,3.6
18:45:21,20.2,20.1,75.0,4.2,1.1,3.6
18:45:21,20.2,20.1,76.0,4.2,1.1,3.6
18:45:21,19.7,20.1,90.0,4.2,1.1,3.6
18:45:21,20.1,20.1,76.0,4.2,1.1,3.6
18:45:21,20.2,20.1,70.0,4.2,1.1,3.6
18:45:21,20.3,20.1,70.0,4.2,1.1,3.6
18:45:21,20.2,20.1,74.0,4.2,1.1,3.6
18:45:21,18.7,20.1,88.0,4.419,1.05,3.637
18:45:21,19.9,20.1,74.0,4.2,1.1,3.6
18:45:21,20.2,20.1,60.0,4.2,1.1,3.6
18:45:21,20.2,20.1,62.0,4.2,1.1,3.6
18:45:21,20.3,20.1,68.0,4.2,1.1,3.6
18:45:21,19.2,20.1,82.0,4.2,1.1,3.6
18:45:21,20.0,20.1,68.0,4.2,1.1,3.6
18:45:21,20.2,20.1,60.0,4.2,1.1,3.6
18:45:21,20.3,20.1,65.0,4.2,1.1,3.6
18:45:21,20.3,20.1,70.0,4.2,1.1,3.6
18:45:21,19.7,20.1,84.0,4.2,1.1,3.6
18:45:21,19.6,20.1,95.0,4.2,1.1,3.6
18:45:21,20.1,20.1,81.0,4.2,1.1,3.6
18:45:21,20.1,20.1,71.0,4.2,1.1,3.6
18:45:22,20.0,20.1,76.0,4.2,1.1,3.6
18:45:22,20.0,20.1,80.0,4.2,1.1,3.6
18:45:22,19.2,20.1,94.0,4.2,1.1,3.6
18:45:22,20.0,20.1,80.0,4.2,1.1,3.6
18:45:22,20.2,20.1,66.0,4.2,1.1,3.6
18:45:22,20.5,20.1,53.0,4.2,1.1,3.6
18:45:22,20.6,20.1,60.0,4.2,1.1,3.6
18:45:22,19.5,20.1,74.0,4.2,1.1,3.6
18:45:22,20.3,20.1,60.0,4.2,1.1,3.6
18:45:22,20.6,20.1,56.0,4.2,1.1,3.6
18:45:22,20.6,20.1,64.0,4.2,1.1,3.6
18:45:22,20.6,20.1,69.0,4.2,1.1,3.6
18:45:22,20.3,20.1,83.0,4.2,1.1,3.6
18:45:22,21.1,20.1,69.0,4.205,1.099,3.601
18:45:22,21.0,20.1,60.0,4.2,1.1,3.6
18:45:22,21.0,20.1,68.0,4.2,1.1,3.6
18:45:22,21.0,20.1,72.0,4.2,1.1,3.6
18:45:22,21.0,20.1,73.0,4.2,1.1,3.6
18:45:22,19.9,20.1,87.0,4.2,1.1,3.6
18:45:22,20.7,20.1,73.0,4.2,1.1,3.6
18:45:22,20.9,20.1,59.0,4.2,1.1,3.6
18:45:22,20.7,20.1,73.0,4.2,1.1,3.6
18:45:22,20.9,20.1,64.0,4.2,1.1,3.6
18:45:22,19.1,20.1,78.0,4.2,1.1,3.6
18:45:22,20.2,20.1,64.0,4.2,1.1,3.6
18:45:23,20.5,20.1,57.0,4.2,1.1,3.6
18:45:23,20.6,20.1,63.0,4.2,1.1,3.6
18:45:23,20.6,20.1,68.0,4.2,1.1,3.6
18:45:23,19.3,20.1,82.0,4.2,1.1,3.6
18:45:23,20.5,20.1,68.0,4.2,1.1,3.6
18:45:23,20.8,20.1,54.0,4.2,1.1,3.6
18:45:23,21.0,20.1,55.0,4.2,1.1,3.6
18:45:23,21.0,20.1,62.0,4.2,1.1,3.6
18:45:23,21.0,20.1,68.0,4.2,1.1,3.6
18:45:23,20.5,20.1,82.0,4.2,1.1,3.6
18:45:23,20.8,20.1,68.0,4.2,1.1,3.6
18:45:23,20.7,20.1,77.0,4.2,1.1,3.6
18:45:23,20.6,20.1,78.0,4.2,1.1,3.6
18:45:23,20.6,20.1,79.0,4.2,1.1,3.6
18:45:23,19.0,20.1,93.0,4.236,1.092,3.606
18:45:23,20.2,20.1,79.0,4.2,1.1,3.6
18:45:23,20.5,20.1,65.0,4.2,1.1,3.6
18:45:23,20.9,20.1,51.0,4.2,1.1,3.6
18:45:23,20.9,20.1,56.0,4.2,1.1,3.6
18:45:23,19.8,20.1,70.0,4.2,1.1,3.6
18:45:23,21.0,20.1,56.0,4.2,1.1,3.6
18:45:23,21.3,20.1,43.0,4.294,1.078,3.616
18:45:23,21.3,20.1,55.0,4.319,1.073,3.62
18:45:23,21.3,20.1,63.0,4.323,1.072,3.62
18:45:24,21.3,20.1,67.0,4.326,1.071,3.621
18:45:24,20.8,20.1,81.0,4.2,1.1,3.6
18:45:24,21.2,20.1,67.0,4.276,1.083,3.613
18:45:24,21.0,20.1,76.0,4.2,1.1,3.6
18:45:24,21.0,20.1,76.0,4.2,1.1,3.6
18:45:24,20.7,20.1,88.0,4.2,1.1,3.6
18:45:24,19.6,20.1,102.0,4.2,1.1,3.6
18:45:24,20.4,20.1,88.0,4.2,1.1,3.6
18:45:24,20.5,20.1,74.0,4.2,1.1,3.6
18:45:24,20.4,20.1,78.0,4.2,1.1,3.6
18:45:24,20.3,20.1,80.0,4.2,1.1,3.6
18:45:24,18.7,20.1,94.0,4.425,1.048,3.638
18:45:24,20.1,20.1,80.0,4.2,1.1,3.6
18:45:24,20.5,20.1,66.0,4.2,1.1,3.6
18:45:24,20.4,20.1,66.0,4.2,1.1,3.6
18:45:24,20.3,20.1,73.0,4.2,1.1,3.6
18:45:24,19.9,20.1,87.0,4.2,1.1,3.6
18:45:24,20.5,20.1,73.0,4.2,1.1,3.6
18:45:24,20.4,20.1,72.0,4.2,1.1,3.6
18:45:24,20.3,20.1,77.0,4.2,1.1,3.6
18:45:24,20.3,20.1,76.0,4.2,1.1,3.6
18:45:24,20.3,20.1,77.0,4.2,1.1,3.6
18:45:24,19.3,20.1,91.0,4.2,1.1,3.6
18:45:24,20.0,20.1,77.0,4.2,1.1,3.6
18:45:24,20.2,20.1,63.0,4.2,1.1,3.6
18:45:25,20.3,20.1,66.0,4.2,1.1,3.6
18:45:25,20.3,20.1,71.0,4.2,1.1,3.6
18:45:25,18.9,20.1,85.0,4.291,1.079,3.615
18:45:25,20.2,20.1,71.0,4.2,1.1,3.6
18:45:25,20.3,20.1,57.0,4.2,1.1,3.6
18:45:25,20.5,20.1,55.0,4.2,1.1,3.6
18:45:25,20.6,20.1,62.0,4.2,1.1,3.6
18:45:25,19.5,20.1,76.0,4.2,1.1,3.6
18:45:25,20.1,20.1,69.0,4.2,1.1,3.6
18:45:25,20.3,20.1,65.0,4.2,1.1,3.6
18:45:25,20.3,20.1,70.0,4.2,1.1,3.6
18:45:25,20.1,20.1,80.0,4.2,1.1,3.6
18:45:25,20.0,20.1,84.0,4.2,1.1,3.6
18:45:25,19.5,20.1,98.0,4.2,1.1,3.6
18:45:25,19.9,20.1,84.0,4.2,1.1,3.6
18:45:25,20.0,20.1,70.0,4.2,1.1,3.6
18:45:25,20.0,20.1,72.0,4.2,1.1,3.6
18:45:25,19.8,20.1,84.0,4.2,1.1,3.6
18:45:25,18.8,20.1,98.0,4.379,1.059,3.63
18:45:25,19.5,20.1,84.0,4.2,1.1,3.6
18:45:25,19.6,20.1,70.0,4.2,1.1,3.6
18:45:25,19.7,20.1,69.0,4.2,1.1,3.6
18:45:25,19.5,20.1,83.0,4.2,1.1,3.6
18:45:25,18.5,20.1,97.0,4.566,1.016,3.661
18:45:25,19.4,20.1,83.0,4.2,1.1,3.6
18:45:25,19.4,20.1,70.0,4.2,1.1,3.6
18:45:26,19.5,20.1,74.0,4.2,1.1,3.6
18:45:26,19.7,20.1,67.0,4.2,1.1,3.6
18:45:26,19.2,20.1,81.0,4.2,1.1,3.6
18:45:26,19.1,20.1,92.0,4.206,1.099,3.601
18:45:26,19.5,20.1,78.0,4.2,1.1,3.6
18:45:26,19.7,20.1,64.0,4.2,1.1,3.6
18:45:26,19.7,20.1,71.0,4.2,1.1,3.6
18:45:26,19.7,20.1,76.0,4.2,1.1,3.6
18:45:26,18.7,20.1,90.0,4.428,1.048,3.638
18:45:26,19.5,20.1,76.0,4.2,1.1,3.6
18:45:26,19.5,20.1,74.0,4.2,1.1,3.6
18:45:26,19.5,20.1,77.0,4.2,1.1,3.6
18:45:26,19.4,20.1,79.0,4.2,1.1,3.6
18:45:26,18.0,20.1,93.0,4.853,0.95,3.709
18:45:26,19.1,20.1,79.0,4.216,1.096,3.603
18:45:26,19.3,20.1,65.0,4.2,1.1,3.6
18:45:26,19.4,20.1,67.0,4.2,1.1,3.6
18:45:26,19.4,20.1,72.0,4.2,1.1,3.6
18:45:26,18.4,20.1,86.0,4.608,1.007,3.668
18:45:26,19.2,20.1,72.0,4.2,1.1,3.6
18:45:26,19.4,20.1,64.0,4.2,1.1,3.6
18:45:26,19.4,20.1,70.0,4.2,1.1,3.6
18:45:26,19.2,20.1,84.0,4.2,1.1,3.6
18:45:26,19.2,20.1,86.0,4.2,1.1,3.6
18:45:27,18.7,20.1,100.0,4.442,1.044,3.64
18:45:27,19.0,20.1,86.0,4.247,1.089,3.608
18:45:27,19.1,20.1,76.0,4.2,1.1,3.6
18:45:27,19.3,20.1,68.0,4.2,1.1,3.6
18:45:27,19.4,20.1,71.0,4.2,1.1,3.6
18:45:27,18.0,20.1,85.0,4.861,0.949,3.71
18:45:27,19.3,20.1,71.0,4.2,1.1,3.6
18:45:27,19.6,20.1,57.0,4.2,1.1,3.6
18:45:27,19.7,20.1,61.0,4.2,1.1,3.6
18:45:27,20.0,20.1,58.0,4.2,1.1,3.6
18:45:27,19.0,20.1,72.0,4.282,1.081,3.614
18:45:27,19.8,20.1,60.0,4.2,1.1,3.6
18:45:27,20.0,20.1,58.0,4.2,1.1,3.6
18:45:27,20.2,20.1,58.0,4.2,1.1,3.6
18:45:27,20.3,20.1,65.0,4.2,1.1,3.6
18:45:27,20.3,20.1,70.0,4.2,1.1,3.6
18:45:27,20.2,20.1,76.0,4.2,1.1,3.6
18:45:27,20.2,20.1,76.0,4.2,1.1,3.6
18:45:27,20.3,20.1,75.0,4.2,1.1,3.6
18:45:27,20.1,20.1,84.0,4.2,1.1,3.6
18:45:27,20.1,20.1,83.0,4.2,1.1,3.6
18:45:27,20.0,20.1,81.0,4.2,1.1,3.6
18:45:27,20.0,20.1,81.0,4.2,1.1,3.6
18:45:27,20.2,20.1,72.0,4.2,1.1,3.6
18:45:27,20.2,20.1,73.0,4.2,1.1,3.6
18:45:28,20.2,20.1,75.0,4.2,1.1,3.6
18:45:28,20.2,20.1,75.0,4.2,1.1,3.6
18:45:28,20.2,20.1,77.0,4.2,1.1,3.6
18:45:28,20.2,20.1,76.0,4.2,1.1,3.6
18:45:28,20.2,20.1,77.0,4.2,1.1,3.6
18:45:28,20.2,20.1,78.0,4.2,1.1,3.6
18:45:28,20.2,20.1,77.0,4.2,1.1,3.6
18:45:28,20.2,20.1,76.0,4.2,1.1,3.6
18:45:28,20.2,20.1,77.0,4.2,1.1,3.6
18:45:28,20.2,20.1,78.0,4.2,1.1,3.6
18:45:28,20.2,20.1,77.0,4.2,1.1,3.6
18:45:28,20.2,20.1,76.0,4.2,1.1,3.6
18:45:28,20.2,20.1,78.0,4.2,1.1,3.6
18:45:28,20.3,20.1,75.0,4.2,1.1,3.6
18:45:28,20.2,20.1,77.0,4.2,1.1,3.6
18:45:28,20.2,20.1,78.0,4.2,1.1,3.6
18:45:28,20.2,20.1,76.0,4.2,1.1,3.6
18:45:28,20.2,20.1,78.0,4.2,1.1,3.6
18:45:28,20.2,20.1,76.0,4.2,1.1,3.6
18:45:28,20.2,20.1,77.0,4.2,1.1,3.6
18:45:28,20.2,20.1,77.0,4.2,1.1,3.6
18:45:28,20.2,20.1,77.0,4.2,1.1,3.6
18:45:28,20.2,20.1,78.0,4.2,1.1,3.6
18:45:28,20.2,20.1,77.0,4.2,1.1,3.6
18:45:28,20.2,20.1,76.0,4.2,1.1,3.6
18:45:28,20.2,20.1,78.0,4.2,1.1,3.6
18:45:29,20.2,20.1,78.0,4.2,1.1,3.6
18:45:29,20.2,20.1,77.0,4.2,1.1,3.6
18:45:29,20.2,20.1,79.0,4.2,1.1,3.6
18:45:29,20.2,20.1,78.0,4.2,1.1,3.6
18:45:29,20.2,20.1,75.0,4.2,1.1,3.6
18:45:29,20.2,20.1,78.0,4.2,1.1,3.6
18:45:29,20.2,20.1,76.0,4.2,1.1,3.6
18:45:29,18.7,20.1,90.0,4.45,1.043,3.642
18:45:29,19.9,20.1,76.0,4.2,1.1,3.6
18:45:29,20.2,20.1,62.0,4.2,1.1,3.6
18:45:29,20.2,20.1,63.0,4.2,1.1,3.6
18:45:29,20.2,20.1,69.0,4.2,1.1,3.6
18:45:29,19.7,20.1,83.0,4.2,1.1,3.6
18:45:29,20.2,20.1,69.0,4.2,1.1,3.6
18:45:29,20.3,20.1,67.0,4.2,1.1,3.6
18:45:29,20.3,20.1,71.0,4.2,1.1,3.6
18:45:29,20.3,20.1,74.0,4.2,1.1,3.6
18:45:29,20.3,20.1,75.0,4.2,1.1,3.6
18:45:29,19.1,20.1,89.0,4.2,1.1,3.6
18:45:29,19.8,20.1,75.0,4.2,1.1,3.6
18:45:29,20.0,20.1,68.0,4.2,1.1,3.6
18:45:29,20.0,20.1,72.0,4.2,1.1,3.6
18:45:29,20.0,20.1,73.0,4.2,1.1,3.6
18:45:29,18.5,20.1,87.0,4.55,1.02,3.658
18:45:30,19.8,20.1,73.0,4.2,1.1,3.6
18:45:30,20.1,20.1,59.0,4.2,1.1,3.6
18:45:30,20.2,20.1,60.0,4.2,1.1,3.6
18:45:30,20.2,20.1,68.0,4.2,1.1,3.6
18:45:30,19.2,20.1,82.0,4.2,1.1,3.6
18:45:30,20.0,20.1,68.0,4.2,1.1,3.6
18:45:30,20.2,20.1,60.0,4.2,1.1,3.6
18:45:30,20.3,20.1,67.0,4.2,1.1,3.6
18:45:30,20.3,20.1,71.0,4.2,1.1,3.6
18:45:30,20.3,20.1,75.0,4.2,1.1,3.6
18:45:30,19.8,20.1,89.0,4.2,1.1,3.6
18:45:30,20.2,20.1,75.0,4.2,1.1,3.6
18:45:30,20.2,20.1,70.0,4.2,1.1,3.6
18:45:30,20.3,20.1,73.0,4.2,1.1,3.6
18:45:30,20.2,20.1,76.0,4.2,1.1,3.6
18:45:30,19.2,20.1,90.0,4.2,1.1,3.6
18:45:30,20.0,20.1,76.0,4.2,1.1,3.6
18:45:30,20.2,20.1,62.0,4.2,1.1,3.6
18:45:30,20.3,20.1,67.0,4.2,1.1,3.6
18:45:30,20.3,20.1,71.0,4.2,1.1,3.6
18:45:30,19.2,20.1,85.0,4.2,1.1,3.6
18:45:30,20.0,20.1,71.0,4.2,1.1,3.6
18:45:30,20.2,20.1,60.0,4.2,1.1,3.6
18:45:30,20.3,20.1,67.0,4.2,1.1,3.6
18:45:30,20.3,20.1,71.0,4.2,1.1,3.6
18:45:31,19.8,20.1,85.0,4.2,1.1,3.6
18:45:31,19.6,20.1,97.0,4.2,1.1,3.6
18:45:31,20.1,20.1,83.0,4.2,1.1,3.6
18:45:31,20.1,20.1,72.0,4.2,1.1,3.6
18:45:31,20.0,20.1,77.0,4.2,1.1,3.6
18:45:31,20.0,20.1,79.0,4.2,1.1,3.6
18:45:31,19.0,20.1,93.0,4.243,1.09,3.607
18:45:31,19.9,20.1,79.0,4.2,1.1,3.6
18:45:31,20.2,20.1,65.0,4.2,1.1,3.6
18:45:31,20.2,20.1,64.0,4.2,1.1,3.6
18:45:31,20.3,20.1,70.0,4.2,1.1,3.6
18:45:31,19.2,20.1,84.0,4.2,1.1,3.6
18:45:31,20.0,20.1,70.0,4.2,1.1,3.6
18:45:31,20.2,20.1,62.0,4.2,1.1,3.6
18:45:31,20.3,20.1,66.0,4.2,1.1,3.6
18:45:31,20.3,20.1,70.0,4.2,1.1,3.6
18:45:31,19.7,20.1,84.0,4.2,1.1,3.6
18:45:31,20.2,20.1,70.0,4.2,1.1,3.6
18:45:31,20.3,20.1,68.0,4.2,1.1,3.6
18:45:31,20.2,20.1,74.0,4.2,1.1,3.6
18:45:31,20.2,20.1,76.0,4.2,1.1,3.6
18:45:31,20.3,20.1,76.0,4.2,1.1,3.6
18:45:31,19.8,20.1,90.0,4.2,1.1,3.6
18:45:31,20.2,20.1,76.0,4.2,1.1,3.6
18:45:31,20.2,20.1,70.0,4.2,1.1,3.6
18:45:32,20.3,20.1,72.0,4.2,1.1,3.6
18:45:32,20.3,20.1,75.0,4.2,1.1,3.6
18:45:32,18.7,20.1,89.0,4.418,1.05,3.636
18:45:32,19.9,20.1,75.0,4.2,1.1,3.6
18:45:32,20.2,20.1,61.0,4.2,1.1,3.6
18:45:32,20.1,20.1,70.0,4.2,1.1,3.6
18:45:32,20.1,20.1,74.0,4.2,1.1,3.6
18:45:32,19.0,20.1,88.0,4.242,1.09,3.607
18:45:32,19.8,20.1,74.0,4.2,1.1,3.6
18:45:32,20.0,20.1,63.0,4.2,1.1,3.6
18:45:32,20.0,20.1,70.0,4.2,1.1,3.6
18:45:32,20.0,20.1,73.0,4.2,1.1,3.6
18:45:32,20.2,20.1,69.0,4.2,1.1,3.6
18:45:32,19.8,20.1,83.0,4.2,1.1,3.6
18:45:32,20.1,20.1,69.0,4.2,1.1,3.6
18:45:32,20.2,20.1,68.0,4.2,1.1,3.6
18:45:32,20.1,20.1,78.0,4.2,1.1,3.6
18:45:32,20.2,20.1,74.0,4.2,1.1,3.6
18:45:32,19.2,20.1,88.0,4.2,1.1,3.6
18:45:32,20.0,20.1,74.0,4.2,1.1,3.6
18:45:32,20.2,20.1,61.0,4.2,1.1,3.6
18:45:32,20.3,20.1,67.0,4.2,1.1,3.6
18:45:32,20.3,20.1,72.0,4.2,1.1,3.6
18:45:32,19.2,20.1,86.0,4.2,1.1,3.6
18:45:32,20.0,20.1,72.0,4.2,1.1,3.6
18:45:33,20.2,20.1,60.0,4.2,1.1,3.6
18:45:33,20.2,20.1,68.0,4.2,1.1,3.6
18:45:33,20.3,20.1,71.0,4.2,1.1,3.6
18:45:33,19.7,20.1,85.0,4.2,1.1,3.6
18:45:33,20.3,20.1,71.0,4.2,1.1,3.6
18:45:33,20.3,20.1,68.0,4.2,1.1,3.6
18:45:33,20.3,20.1,73.0,4.2,1.1,3.6
18:45:33,20.3,20.1,76.0,4.2,1.1,3.6
18:45:33,20.3,20.1,77.0,4.2,1.1,3.6
18:45:33,19.3,20.1,91.0,4.2,1.1,3.6
18:45:33,20.0,20.1,77.0,4.2,1.1,3.6
18:45:33,20.2,20.1,63.0,4.2,1.1,3.6
18:45:33,20.3,20.1,67.0,4.2,1.1,3.6
18:45:33,20.3,20.1,72.0,4.2,1.1,3.6
18:45:33,18.9,20.1,86.0,4.309,1.075,3.618
18:45:33,20.2,20.1,72.0,4.2,1.1,3.6
18:45:33,20.3,20.1,60.0,4.2,1.1,3.6
18:45:33,20.3,20.1,66.0,4.2,1.1,3.6
18:45:33,20.3,20.1,72.0,4.2,1.1,3.6
18:45:33,19.8,20.1,86.0,4.2,1.1,3.6
18:45:33,20.2,20.1,72.0,4.2,1.1,3.6
18:45:33,20.1,20.1,77.0,4.2,1.1,3.6
18:45:33,20.1,20.1,80.0,4.2,1.1,3.6
18:45:33,19.8,20.1,90.0,4.2,1.1,3.6
18:45:33,19.8,20.1,89.0,4.2,1.1,3.6
18:45:33,19.3,20.1,103.0,4.2,1.1,3.6
18:45:34,19.4,20.1,89.0,4.2,1.1,3.6
18:45:34,19.4,20.1,84.0,4.2,1.1,3.6
18:45:34,19.5,20.1,81.0,4.2,1.1,3.6
18:45:34,19.4,20.1,84.0,4.2,1.1,3.6
18:45:34,18.5,20.1,98.0,4.562,1.017,3.66
18:45:34,19.2,20.1,84.0,4.2,1.1,3.6
18:45:34,19.4,20.1,70.0,4.2,1.1,3.6
18:45:34,19.4,20.1,72.0,4.2,1.1,3.6
18:45:34,19.4,20.1,76.0,4.2,1.1,3.6
18:45:34,18.6,20.1,90.0,4.48,1.036,3.647
18:45:34,19.4,20.1,76.0,4.2,1.1,3.6
18:45:34,19.7,20.1,62.0,4.2,1.1,3.6
18:45:34,19.9,20.1,56.0,4.2,1.1,3.6
18:45:34,20.0,20.1,64.0,4.2,1.1,3.6
18:45:34,19.5,20.1,78.0,4.2,1.1,3.6
18:45:34,19.6,20.1,87.0,4.2,1.1,3.6
18:45:34,20.1,20.1,73.0,4.2,1.1,3.6
18:45:34,20.2,20.1,61.0,4.2,1.1,3.6
18:45:34,20.3,20.1,67.0,4.2,1.1,3.6
18:45:34,20.3,20.1,72.0,4.2,1.1,3.6
18:45:34,19.4,20.1,86.0,4.2,1.1,3.6
18:45:34,20.3,20.1,72.0,4.2,1.1,3.6
18:45:34,20.5,20.1,58.0,4.2,1.1,3.6
18:45:34,20.4,20.1,72.0,4.2,1.1,3.6
18:45:35,20.3,20.1,79.0,4.2,1.1,3.6
18:45:35,18.7,20.1,93.0,4.416,1.05,3.636
18:45:35,19.9,20.1,79.0,4.2,1.1,3.6
18:45:35,20.2,20.1,65.0,4.2,1.1,3.6
18:45:35,20.1,20.1,69.0,4.2,1.1,3.6
18:45:35,20.1,20.1,76.0,4.2,1.1,3.6
18:45:35,19.0,20.1,90.0,4.251,1.088,3.609
18:45:35,19.8,20.1,76.0,4.2,1.1,3.6
18:45:35,20.0,20.1,64.0,4.2,1.1,3.6
18:45:35,20.1,20.1,68.0,4.2,1.1,3.6
18:45:35,20.1,20.1,74.0,4.2,1.1,3.6
18:45:35,20.0,20.1,77.0,4.2,1.1,3.6
18:45:35,19.7,20.1,91.0,4.2,1.1,3.6
18:45:35,20.2,20.1,77.0,4.2,1.1,3.6
18:45:35,20.1,20.1,74.0,4.2,1.1,3.6
18:45:35,20.1,20.1,77.0,4.2,1.1,3.6
18:45:35,20.1,20.1,80.0,4.2,1.1,3.6
18:45:35,18.6,20.1,94.0,4.526,1.025,3.654
18:45:35,19.7,20.1,80.0,4.2,1.1,3.6
18:45:35,20.0,20.1,66.0,4.2,1.1,3.6
18:45:35,20.0,20.1,65.0,4.2,1.1,3.6
18:45:35,20.0,20.1,72.0,4.2,1.1,3.6
18:45:36,19.0,20.1,86.0,4.24,1.091,3.607
18:45:36,19.8,20.1,72.0,4.2,1.1,3.6
18:45:36,20.0,20.1,63.0,4.2,1.1,3.6
18:45:36,20.0,20.1,69.0,4.2,1.1,3.6
18:45:36,20.1,20.1,73.0,4.2,1.1,3.6
18:45:36,19.8,20.1,87.0,4.2,1.1,3.6
18:45:36,19.8,20.1,87.0,4.2,1.1,3.6
18:45:36,19.7,20.1,85.0,4.2,1.1,3.6
18:45:36,19.5,20.1,94.0,4.2,1.1,3.6
18:45:36,19.4,20.1,91.0,4.2,1.1,3.6
18:45:36,19.4,20.1,87.0,4.2,1.1,3.6
18:45:36,19.2,20.1,95.0,4.2,1.1,3.6
18:45:36,19.2,20.1,92.0,4.2,1.1,3.6
18:45:36,19.1,20.1,88.0,4.2,1.1,3.6
18:45:36,19.3,20.1,77.0,4.2,1.1,3.6
18:45:36,19.4,20.1,77.0,4.2,1.1,3.6
18:45:36,19.4,20.1,80.0,4.2,1.1,3.6
18:45:36,19.6,20.1,70.0,4.2,1.1,3.6
18:45:36,19.7,20.1,73.0,4.2,1.1,3.6
18:45:36,19.7,20.1,75.0,4.2,1.1,3.6
18:45:36,19.9,20.1,66.0,4.2,1.1,3.6
18:45:36,20.0,20.1,70.0,4.2,1.1,3.6
18:45:36,20.0,20.1,73.0,4.2,1.1,3.6
18:45:36,20.0,20.1,77.0,4.2,1.1,3.6
18:45:36,20.2,20.1,72.0,4.2,1.1,3.6
18:45:36,20.1,20.1,80.0,4.2,1.1,3.6
18:45:37,20.0,20.1,82.0,4.2,1.1,3.6
18:45:37,20.0,20.1,80.0,4.2,1.1,3.6
18:45:37,20.0,20.1,81.0,4.2,1.1,3.6
18:45:37,20.0,20.1,79.0,4.2,1.1,3.6
18:45:37,20.0,20.1,81.0,4.2,1.1,3.6
18:45:37,20.0,20.1,79.0,4.2,1.1,3.6
18:45:37,20.0,20.1,79.0,4.2,1.1,3.6
18:45:37,20.0,21.1,93.0,4.233,1.092,3.605
18:45:37,20.0,21.4,107.0,4.422,1.049,3.637
18:45:37,20.0,21.4,104.0,4.429,1.048,3.638
18:45:37,20.0,21.6,107.0,4.564,1.017,3.661
18:45:37,20.0,21.7,101.0,4.608,1.007,3.668
18:45:37,20.0,21.7,95.0,4.624,1.003,3.671
18:45:37,20.0,21.7,89.0,4.591,1.01,3.665
18:45:37,20.2,21.7,80.0,4.501,1.031,3.65
18:45:37,20.2,21.7,82.0,4.487,1.034,3.648
18:45:37,20.5,21.7,72.0,4.336,1.069,3.623
18:45:37,20.6,21.7,75.0,4.288,1.08,3.615
18:45:37,20.8,21.7,66.0,4.2,1.1,3.6
18:45:37,20.9,21.7,71.0,4.2,1.1,3.6
18:45:37,20.9,21.7,79.0,4.2,1.1,3.6
18:45:37,21.2,21.7,68.0,4.2,1.1,3.6
18:45:37,19.6,21.7,82.0,4.866,0.947,3.711
18:45:37,21.1,21.7,68.0,4.2,1.1,3.6
18:45:37,21.5,21.7,54.0,4.2,1.1,3.6
18:45:37,21.6,21.7,57.0,4.2,1.1,3.6
18:45:37,21.6,21.7,70.0,4.2,1.1,3.6
18:45:38,20.8,21.7,84.0,4.2,1.1,3.6
18:45:38,21.2,21.7,79.0,4.2,1.1,3.6
18:45:38,21.1,21.7,88.0,4.2,1.1,3.6
18:45:38,21.0,21.7,87.0,4.2,1.1,3.6
18:45:38,20.7,21.7,101.0,4.2,1.1,3.6
18:45:38,20.6,21.7,98.0,4.25,1.089,3.608
18:45:38,19.9,21.7,112.0,4.687,0.988,3.681
18:45:38,20.2,21.7,98.0,4.507,1.03,3.651
18:45:38,20.3,21.7,86.0,4.456,1.041,3.643
18:45:38,20.1,21.7,94.0,4.539,1.022,3.656
18:45:38,20.1,21.7,95.0,4.588,1.011,3.665
18:45:38,18.5,21.7,109.0,5.497,0.803,3.816
18:45:38,19.6,21.7,95.0,4.832,0.955,3.705
18:45:38,20.0,21.7,81.0,4.648,0.997,3.675
18:45:38,20.1,21.7,74.0,4.587,1.011,3.664
18:45:38,20.0,21.7,82.0,4.597,1.009,3.666
18:45:38,19.2,21.7,96.0,5.119,0.889,3.753
18:45:38,19.8,21.7,82.0,4.717,0.982,3.686
18:45:38,20.0,21.7,74.0,4.602,1.008,3.667
18:45:38,20.0,21.7,81.0,4.592,1.01,3.665
18:45:38,20.1,21.7,85.0,4.589,1.011,3.665
18:45:38,19.5,21.7,99.0,4.906,0.938,3.718
18:45:38,19.4,21.7,110.0,4.976,0.922,3.729
18:45:38,19.9,21.7,96.0,4.678,0.991,3.68
18:45:38,20.0,21.7,82.0,4.626,1.002,3.671
18:45:39,20.1,21.7,81.0,4.589,1.011,3.665
18:45:39,20.2,21.7,79.0,4.514,1.028,3.652
18:45:39,19.2,21.7,93.0,5.097,0.894,3.75
18:45:39,20.3,21.7,79.0,4.457,1.041,3.643
18:45:39,20.5,21.7,65.0,4.322,1.072,3.62
18:45:39,20.6,21.7,72.0,4.278,1.082,3.613
18:45:39,20.9,21.7,64.0,4.2,1.1,3.6
18:45:39,19.3,21.7,78.0,5.055,0.904,3.743
18:45:39,20.8,21.7,64.0,4.2,1.1,3.6
18:45:39,21.2,21.7,50.0,4.2,1.1,3.6
18:45:39,21.5,21.7,49.0,4.2,1.1,3.6
18:45:39,21.6,21.7,62.0,4.2,1.1,3.6
18:45:39,21.1,21.7,76.0,4.2,1.1,3.6
18:45:39,21.6,21.7,66.0,4.2,1.1,3.6
18:45:39,21.7,21.7,69.0,4.2,1.1,3.6
18:45:39,21.4,21.7,83.0,4.2,1.1,3.6
18:45:39,21.4,21.7,91.0,4.2,1.1,3.6
18:45:39,21.1,21.7,99.0,4.2,1.1,3.6
18:45:39,20.5,21.7,113.0,4.329,1.071,3.621
18:45:39,20.6,21.7,100.0,4.256,1.087,3.609
18:45:39,20.6,21.7,92.0,4.236,1.092,3.606
18:45:39,20.4,21.7,101.0,4.377,1.059,3.63
18:45:39,20.3,21.7,99.0,4.427,1.048,3.638
18:45:39,18.8,21.7,113.0,5.349,0.837,3.791
18:45:39,19.9,21.7,99.0,4.701,0.985,3.684
18:45:39,20.2,21.7,85.0,4.523,1.026,3.654
18:45:40,20.1,21.7,85.0,4.572,1.015,3.662
18:45:40,20.1,21.7,87.0,4.56,1.017,3.66
18:45:40,19.0,21.7,101.0,5.194,0.872,3.766
18:45:40,19.8,21.7,87.0,4.745,0.975,3.691
18:45:40,20.0,21.7,76.0,4.618,1.004,3.67
18:45:40,20.0,21.7,81.0,4.591,1.01,3.665
18:45:40,20.1,21.7,85.0,4.577,1.014,3.663
18:45:40,20.1,21.7,89.0,4.582,1.012,3.664
18:45:40,19.6,21.7,103.0,4.876,0.945,3.713
18:45:40,19.9,21.7,89.0,4.659,0.995,3.676
18:45:40,20.1,21.7,83.0,4.586,1.012,3.664
18:45:40,20.1,21.7,86.0,4.576,1.014,3.663
18:45:40,20.1,21.7,89.0,4.573,1.015,3.662
18:45:40,19.2,21.7,103.0,5.095,0.895,3.749
18:45:40,20.0,21.7,89.0,4.61,1.006,3.668
18:45:40,20.2,21.7,75.0,4.482,1.035,3.647
18:45:40,20.3,21.7,80.0,4.464,1.039,3.644
18:45:40,20.3,21.7,84.0,4.453,1.042,3.642
18:45:40,18.9,21.7,98.0,5.275,0.854,3.779
18:45:40,20.2,21.7,84.0,4.52,1.027,3.653
18:45:40,20.5,21.7,70.0,4.32,1.073,3.62
18:45:40,20.8,21.7,58.0,4.2,1.1,3.6
18:45:40,20.9,21.7,68.0,4.2,1.1,3.6
18:45:40,20.4,21.7,82.0,4.394,1.056,3.632
18:45:40,21.2,21.7,68.0,4.2,1.1,3.6
18:45:41,21.3,21.7,66.0,4.2,1.1,3.6
18:45:41,21.4,21.7,74.0,4.2,1.1,3.6
18:45:41,21.6,21.7,69.0,4.2,1.1,3.6
18:45:41,21.7,21.7,72.0,4.2,1.1,3.6
18:45:41,20.5,21.7,86.0,4.293,1.079,3.615
18:45:41,21.1,21.7,84.0,4.2,1.1,3.6
18:45:41,21.2,21.7,79.0,4.2,1.1,3.6
18:45:41,21.3,21.7,80.0,4.2,1.1,3.6
18:45:41,21.3,21.7,81.0,4.2,1.1,3.6
18:45:41,19.4,21.7,95.0,4.958,0.926,3.726
18:45:41,20.6,21.7,81.0,4.269,1.084,3.611
18:45:41,20.9,21.7,72.0,4.2,1.1,3.6
18:45:41,20.7,21.7,86.0,4.206,1.099,3.601
18:45:41,20.6,21.7,93.0,4.255,1.087,3.609
18:45:41,19.5,21.7,107.0,4.903,0.939,3.717
18:45:41,20.3,21.7,93.0,4.416,1.05,3.636
18:45:41,20.5,21.7,79.0,4.292,1.079,3.615
18:45:41,20.6,21.7,80.0,4.259,1.086,3.61
18:45:41,20.6,21.7,85.0,4.261,1.086,3.61
18:45:41,20.3,21.7,99.0,4.465,1.039,3.644
18:45:41,20.2,21.7,100.0,4.484,1.035,3.647
18:45:41,21.0,21.7,86.0,4.2,1.1,3.6
18:45:41,21.2,21.7,72.0,4.2,1.1,3.6
18:45:41,21.3,21.7,72.0,4.2,1.1,3.6
18:45:41,21.6,21.7,66.0,4.2,1.1,3.6
18:45:42,20.5,21.7,80.0,4.308,1.075,3.618
18:45:42,21.7,21.7,66.0,4.2,1.1,3.6
18:45:42,22.0,21.7,55.0,4.2,1.1,3.6
18:45:42,22.1,21.7,65.0,4.2,1.1,3.6
18:45:42,22.1,21.7,75.0,4.2,1.1,3.6
18:45:42,20.3,21.7,89.0,4.465,1.039,3.644
18:45:42,21.6,21.7,75.0,4.2,1.1,3.6
18:45:42,22.0,21.7,61.0,4.2,1.1,3.6
18:45:42,22.1,21.7,66.0,4.2,1.1,3.6
18:45:42,21.8,21.7,80.0,4.2,1.1,3.6
18:45:42,21.1,21.7,94.0,4.2,1.1,3.6
18:45:42,21.6,21.7,80.0,4.2,1.1,3.6
18:45:42,21.7,21.7,77.0,4.2,1.1,3.6
18:45:42,21.5,21.7,91.0,4.2,1.1,3.6
18:45:42,21.4,21.7,93.0,4.2,1.1,3.6
18:45:42,21.3,21.7,94.0,4.2,1.1,3.6
18:45:42,20.5,21.7,108.0,4.29,1.079,3.615
18:45:42,20.9,21.7,94.0,4.2,1.1,3.6
18:45:42,20.9,21.7,88.0,4.2,1.1,3.6
18:45:42,21.0,21.7,87.0,4.2,1.1,3.6
18:45:42,21.0,21.7,88.0,4.2,1.1,3.6
18:45:42,19.2,21.7,102.0,5.13,0.887,3.755
18:45:42,20.5,21.7,88.0,4.343,1.067,3.624
18:45:42,20.8,21.7,74.0,4.2,1.1,3.6
18:45:43,21.0,21.7,71.0,4.2,1.1,3.6
18:45:43,21.0,21.7,79.0,4.2,1.1,3.6
18:45:43,20.0,21.7,93.0,4.59,1.011,3.665
18:45:43,21.0,21.7,79.0,4.2,1.1,3.6
18:45:43,21.5,21.7,65.0,4.2,1.1,3.6
18:45:43,21.7,21.7,62.0,4.2,1.1,3.6
18:45:43,21.7,21.7,72.0,4.2,1.1,3.6
18:45:43,21.7,21.7,79.0,4.2,1.1,3.6
18:45:43,21.1,21.7,93.0,4.2,1.1,3.6
18:45:43,21.3,21.7,91.0,4.2,1.1,3.6
18:45:43,21.4,21.7,86.0,4.2,1.1,3.6
18:45:43,21.1,21.7,99.0,4.2,1.1,3.6
18:45:43,21.0,21.7,99.0,4.2,1.1,3.6
18:45:43,19.9,21.7,113.0,4.691,0.988,3.682
18:45:43,20.4,21.7,99.0,4.351,1.065,3.625
18:45:43,20.6,21.7,87.0,4.271,1.084,3.612
18:45:43,20.6,21.7,87.0,4.243,1.09,3.607
18:45:43,20.6,21.7,90.0,4.25,1.088,3.608
18:45:43,19.7,21.7,104.0,4.799,0.963,3.7
18:45:43,20.6,21.7,90.0,4.244,1.09,3.607
18:45:43,21.1,21.7,76.0,4.2,1.1,3.6
18:45:43,21.3,21.7,66.0,4.2,1.1,3.6
18:45:43,21.3,21.7,75.0,4.2,1.1,3.6
18:45:43,21.0,21.7,89.0,4.2,1.1,3.6
18:45:43,21.5,21.7,75.0,4.2,1.1,3.6
18:45:43,21.9,21.7,61.0,4.2,1.1,3.6
18:45:44,22.1,21.7,65.0,4.2,1.1,3.6
18:45:44,22.1,21.7,74.0,4.2,1.1,3.6
18:45:44,22.4,21.7,66.0,4.2,1.1,3.6
18:45:44,21.2,21.7,80.0,4.2,1.1,3.6
18:45:44,22.1,21.7,66.0,4.2,1.1,3.6
18:45:44,22.4,21.7,62.0,4.2,1.1,3.6
18:45:44,22.5,21.7,68.0,4.2,1.1,3.6
18:45:44,22.5,21.7,76.0,4.2,1.1,3.6
18:45:44,20.5,21.7,90.0,4.339,1.068,3.623
18:45:44,21.7,21.7,77.0,4.2,1.1,3.6
18:45:44,22.0,21.7,67.0,4.2,1.1,3.6
18:45:44,21.8,21.7,81.0,4.2,1.1,3.6
18:45:44,21.7,21.7,89.0,4.2,1.1,3.6
18:45:44,21.7,21.7,89.0,4.2,1.1,3.6
18:45:44,21.4,21.7,101.0,4.2,1.1,3.6
18:45:44,21.3,21.7,99.0,4.2,1.1,3.6
18:45:44,21.1,21.7,105.0,4.2,1.1,3.6
18:45:44,21.0,21.7,101.0,4.2,1.1,3.6
18:45:44,20.7,21.7,109.0,4.2,1.1,3.6
18:45:44,20.6,21.7,106.0,4.247,1.089,3.608
18:45:44,20.6,21.7,100.0,4.265,1.085,3.611
18:45:44,20.6,21.7,97.0,4.275,1.083,3.612
18:45:44,20.6,21.7,94.0,4.274,1.083,3.612
18:45:44,20.6,21.7,93.0,4.273,1.083,3.612
18:45:44,20.6,21.7,93.0,4.279,1.082,3.613
18:45:45,20.8,21.7,80.0,4.2,1.1,3.6
18:45:45,20.9,21.7,82.0,4.2,1.1,3.6
18:45:45,21.2,21.7,72.0,4.2,1.1,3.6
18:45:45,21.2,21.7,78.0,4.2,1.1,3.6
18:45:45,21.5,21.7,69.0,4.2,1.1,3.6
18:45:45,21.6,21.7,74.0,4.2,1.1,3.6
18:45:45,21.9,21.7,66.0,4.2,1.1,3.6
18:45:45,22.0,21.7,71.0,4.2,1.1,3.6
18:45:45,22.0,21.7,77.0,4.2,1.1,3.6
18:45:45,22.1,21.7,81.0,4.2,1.1,3.6
18:45:45,22.4,21.7,68.0,4.2,1.1,3.6
18:45:45,22.1,21.7,82.0,4.2,1.1,3.6
18:45:45,22.1,21.7,89.0,4.2,1.1,3.6
18:45:45,22.0,21.7,89.0,4.2,1.1,3.6
18:45:45,22.0,21.7,87.0,4.2,1.1,3.6
18:45:45,22.0,21.7,87.0,4.2,1.1,3.6
18:45:45,22.0,21.7,86.0,4.2,1.1,3.6
18:45:45,22.1,21.7,85.0,4.2,1.1,3.6
18:45:45,22.0,21.7,87.0,4.2,1.1,3.6
18:45:45,22.0,21.7,86.0,4.2,1.1,3.6
18:45:45,22.0,21.7,85.0,4.2,1.1,3.6
18:45:45,22.0,21.7,85.0,4.2,1.1,3.6
18:45:45,22.0,21.7,86.0,4.2,1.1,3.6
18:45:45,22.0,21.7,86.0,4.2,1.1,3.6
18:45:46,22.0,21.7,86.0,4.2,1.1,3.6
18:45:46,22.0,21.7,86.0,4.2,1.1,3.6
18:45:46,22.0,21.7,85.0,4.2,1.1,3.6
18:45:46,22.0,21.7,86.0,4.2,1.1,3.6
18:45:46,22.0,21.7,86.0,4.2,1.1,3.6
18:45:46,22.0,21.7,85.0,4.2,1.1,3.6
18:45:46,22.0,21.7,86.0,4.2,1.1,3.6
18:45:46,20.9,21.7,100.0,4.2,1.1,3.6
18:45:46,21.7,21.7,86.0,4.2,1.1,3.6
18:45:46,21.9,21.7,72.0,4.2,1.1,3.6
18:45:46,22.0,21.7,74.0,4.2,1.1,3.6
18:45:46,22.0,21.7,79.0,4.2,1.1,3.6
18:45:46,20.3,21.7,93.0,4.452,1.042,3.642
18:45:46,21.6,21.7,79.0,4.2,1.1,3.6
18:45:46,21.9,21.7,65.0,4.2,1.1,3.6
18:45:46,22.0,21.7,68.0,4.2,1.1,3.6
18:45:46,22.1,21.7,75.0,4.2,1.1,3.6
18:45:46,20.8,21.7,89.0,4.2,1.1,3.6
18:45:46,21.8,21.7,75.0,4.2,1.1,3.6
18:45:46,22.0,21.7,66.0,4.2,1.1,3.6
18:45:46,22.1,21.7,73.0,4.2,1.1,3.6
18:45:46,22.1,21.7,79.0,4.2,1.1,3.6
18:45:46,22.1,21.7,82.0,4.2,1.1,3.6
18:45:46,21.5,22.4,96.0,4.2,1.1,3.6
18:45:46,21.9,22.4,97.0,4.2,1.1,3.6
18:45:47,22.0,22.8,107.0,4.2,1.1,3.6
18:45:47,22.1,23.2,117.0,4.285,1.081,3.614
18:45:47,22.0,23.2,105.0,4.292,1.079,3.615
18:45:47,20.9,23.2,119.0,5.007,0.915,3.734
18:45:47,21.8,23.4,105.0,4.572,1.015,3.662
18:45:47,22.0,23.6,91.0,4.542,1.022,3.657
18:45:47,22.3,23.6,77.0,4.352,1.065,3.625
18:45:47,22.4,23.9,91.0,4.475,1.037,3.646
18:45:47,20.8,24.2,105.0,5.62,0.775,3.837
18:45:47,22.7,24.2,91.0,4.516,1.028,3.653
18:45:47,23.2,24.3,77.0,4.25,1.089,3.608
18:45:47,23.7,24.5,63.0,4.2,1.1,3.6
18:45:47,23.8,24.5,69.0,4.2,1.1,3.6
18:45:47,23.4,24.5,83.0,4.277,1.082,3.613
18:45:47,24.4,24.5,69.0,4.2,1.1,3.6
18:45:47,24.7,24.6,56.0,4.2,1.1,3.6
18:45:47,25.2,24.6,51.0,4.2,1.1,3.6
18:45:47,25.3,24.9,65.0,4.2,1.1,3.6
18:45:47,25.7,25.2,78.0,4.2,1.1,3.6
18:45:47,24.1,25.2,92.0,4.251,1.088,3.609
18:45:47,25.7,25.4,78.0,4.2,1.1,3.6
18:45:47,26.2,25.4,64.0,4.2,1.1,3.6
18:45:47,26.3,25.6,70.0,4.2,1.1,3.6
18:45:47,26.4,25.6,75.0,4.2,1.1,3.6
18:45:47,23.9,25.6,89.0,4.64,0.999,3.673
18:45:48,26.1,25.6,75.0,4.2,1.1,3.6
18:45:48,26.7,25.6,61.0,4.264,1.085,3.611
18:45:48,26.9,25.6,49.0,4.362,1.063,3.627
18:45:48,26.9,25.6,63.0,4.385,1.058,3.631
18:45:48,25.2,25.6,77.0,4.2,1.1,3.6
18:45:48,26.5,25.6,63.0,4.2,1.1,3.6
18:45:48,27.3,25.6,49.0,4.635,1.0,3.673
18:45:48,27.5,25.6,43.0,4.763,0.971,3.694
18:45:48,27.6,25.6,57.0,4.791,0.965,3.698
18:45:48,26.6,25.6,71.0,4.215,1.096,3.603
18:45:48,26.4,25.6,85.0,4.2,1.1,3.6
18:45:48,27.2,25.6,71.0,4.585,1.012,3.664
18:45:48,27.5,25.6,57.0,4.751,0.974,3.692
18:45:48,27.6,25.6,62.0,4.791,0.965,3.698
18:45:48,27.6,25.6,70.0,4.782,0.967,3.697
18:45:48,25.7,25.6,84.0,4.2,1.1,3.6
18:45:48,27.1,25.6,70.0,4.506,1.03,3.651
18:45:48,27.5,25.6,56.0,4.721,0.981,3.687
18:45:48,27.1,25.6,70.0,4.492,1.033,3.649
18:45:48,27.0,25.6,84.0,4.43,1.047,3.638
18:45:48,24.4,25.6,98.0,4.334,1.069,3.622
18:45:48,26.2,25.6,84.0,4.2,1.1,3.6
18:45:48,26.7,25.6,70.0,4.256,1.087,3.609
18:45:48,26.9,25.6,57.0,4.353,1.065,3.625
18:45:48,26.9,25.6,66.0,4.388,1.057,3.631
18:45:49,24.9,25.6,80.0,4.2,1.1,3.6
18:45:49,26.4,25.6,66.0,4.2,1.1,3.6
18:45:49,26.8,25.6,52.0,4.313,1.074,3.619
18:45:49,26.9,25.6,61.0,4.373,1.06,3.629
18:45:49,26.5,25.6,75.0,4.2,1.1,3.6
18:45:49,26.4,25.6,89.0,4.2,1.1,3.6
18:45:49,25.5,25.6,103.0,4.2,1.1,3.6
18:45:49,26.2,25.6,89.0,4.2,1.1,3.6
18:45:49,26.3,25.6,75.0,4.2,1.1,3.6
18:45:49,26.4,25.6,74.0,4.2,1.1,3.6
18:45:49,26.3,25.6,80.0,4.2,1.1,3.6
18:45:49,23.5,25.6,94.0,4.834,0.955,3.706
18:45:49,25.2,25.6,80.0,4.2,1.1,3.6
18:45:49,25.7,25.6,66.0,4.2,1.1,3.6
18:45:49,25.8,25.6,67.0,4.2,1.1,3.6
18:45:49,25.9,25.6,74.0,4.2,1.1,3.6
18:45:49,24.1,25.6,88.0,4.488,1.034,3.648
18:45:49,25.4,25.6,74.0,4.2,1.1,3.6
18:45:49,25.4,25.6,76.0,4.2,1.1,3.6
18:45:49,25.4,25.6,81.0,4.2,1.1,3.6
18:45:49,25.3,25.6,87.0,4.2,1.1,3.6
18:45:49,24.5,25.6,101.0,4.288,1.08,3.615
18:45:49,25.2,25.6,87.0,4.2,1.1,3.6
18:45:49,25.3,25.6,74.0,4.2,1.1,3.6
18:45:49,25.0,25.6,88.0,4.2,1.1,3.6
18:45:49,24.9,25.6,99.0,4.2,1.1,3.6
18:45:50,24.8,25.6,96.0,4.2,1.1,3.6
18:45:50,23.3,25.6,110.0,4.996,0.918,3.733
18:45:50,24.4,25.6,96.0,4.326,1.071,3.621
18:45:50,24.7,25.6,82.0,4.2,1.1,3.6
18:45:50,24.8,25.6,75.0,4.2,1.1,3.6
18:45:50,25.2,25.6,65.0,4.2,1.1,3.6
18:45:50,22.9,25.6,79.0,5.193,0.872,3.766
18:45:50,24.7,25.6,65.0,4.2,1.1,3.6
18:45:50,25.5,25.6,51.0,4.2,1.1,3.6
18:45:50,25.7,25.6,49.0,4.2,1.1,3.6
18:45:50,25.8,25.6,63.0,4.2,1.1,3.6
18:45:50,24.1,25.6,77.0,4.512,1.028,3.652
18:45:50,25.4,25.6,64.0,4.2,1.1,3.6
18:45:50,25.8,25.6,57.0,4.2,1.1,3.6
18:45:50,26.2,25.6,51.0,4.2,1.1,3.6
18:45:50,26.3,25.6,62.0,4.2,1.1,3.6
18:45:50,26.0,25.6,76.0,4.2,1.1,3.6
18:45:50,25.4,25.6,90.0,4.2,1.1,3.6
18:45:50,26.1,25.6,76.0,4.2,1.1,3.6
18:45:50,25.9,25.6,83.0,4.2,1.1,3.6
18:45:50,26.2,25.6,71.0,4.2,1.1,3.6
18:45:50,26.3,25.6,72.0,4.2,1.1,3.6
18:45:50,24.5,25.6,86.0,4.27,1.084,3.612
18:45:50,25.9,25.6,72.0,4.2,1.1,3.6
18:45:50,26.2,25.6,58.0,4.2,1.1,3.6
18:45:51,26.3,25.6,67.0,4.2,1.1,3.6
18:45:51,26.3,25.6,74.0,4.2,1.1,3.6
18:45:51,24.5,25.6,88.0,4.259,1.087,3.61
18:45:51,25.9,25.6,74.0,4.2,1.1,3.6
18:45:51,26.3,25.6,60.0,4.2,1.1,3.6
18:45:51,26.0,25.6,74.0,4.2,1.1,3.6
18:45:51,26.3,25.6,72.0,4.2,1.1,3.6
18:45:51,25.4,25.6,86.0,4.2,1.1,3.6
18:45:51,25.2,25.6,100.0,4.2,1.1,3.6
18:45:51,26.0,25.6,86.0,4.2,1.1,3.6
18:45:51,26.3,25.6,72.0,4.2,1.1,3.6
18:45:51,25.9,25.6,86.0,4.2,1.1,3.6
18:45:51,26.3,25.6,72.0,4.2,1.1,3.6
18:45:51,24.5,25.6,86.0,4.281,1.081,3.614
18:45:51,25.9,25.6,72.0,4.2,1.1,3.6
18:45:51,26.2,25.6,58.0,4.2,1.1,3.6
18:45:51,26.3,25.6,66.0,4.2,1.1,3.6
18:45:51,26.4,25.6,70.0,4.2,1.1,3.6
18:45:51,23.7,25.6,84.0,4.747,0.975,3.691
18:45:51,25.6,25.6,70.0,4.2,1.1,3.6
18:45:51,26.1,25.6,56.0,4.2,1.1,3.6
18:45:51,26.3,25.6,58.0,4.2,1.1,3.6
18:45:51,26.3,25.6,70.0,4.2,1.1,3.6
18:45:51,24.4,25.6,84.0,4.296,1.078,3.616
18:45:52,25.5,25.6,76.0,4.2,1.1,3.6
18:45:52,26.1,25.6,62.0,4.2,1.1,3.6
18:45:52,25.9,25.6,76.0,4.2,1.1,3.6
18:45:52,25.8,25.6,86.0,4.2,1.1,3.6
18:45:52,25.8,25.6,87.0,4.2,1.1,3.6
18:45:52,25.3,25.6,101.0,4.2,1.1,3.6
18:45:52,25.7,25.6,87.0,4.2,1.1,3.6
18:45:52,25.8,25.6,77.0,4.2,1.1,3.6
18:45:52,25.8,25.6,81.0,4.2,1.1,3.6
18:45:52,25.8,25.6,83.0,4.2,1.1,3.6
18:45:52,23.3,25.6,97.0,4.965,0.925,3.728
18:45:52,25.4,25.6,83.0,4.2,1.1,3.6
18:45:52,26.1,25.6,69.0,4.2,1.1,3.6
18:45:52,26.3,25.6,55.0,4.2,1.1,3.6
18:45:52,26.3,25.6,65.0,4.2,1.1,3.6
18:45:52,24.5,25.6,79.0,4.252,1.088,3.609
18:45:52,25.9,25.6,65.0,4.2,1.1,3.6
18:45:52,26.3,25.6,53.0,4.2,1.1,3.6
18:45:52,26.3,25.6,67.0,4.2,1.1,3.6
18:45:52,26.3,25.6,74.0,4.2,1.1,3.6
18:45:52,25.7,25.6,88.0,4.2,1.1,3.6
18:45:52,25.6,25.6,102.0,4.2,1.1,3.6
18:45:52,26.6,25.6,88.0,4.208,1.098,3.601
18:45:52,26.8,25.6,74.0,4.342,1.068,3.624
18:45:52,26.5,25.6,84.0,4.2,1.1,3.6
18:45:53,26.4,25.6,89.0,4.2,1.1,3.6
18:45:53,26.3,25.6,88.0,4.2,1.1,3.6
18:45:53,26.3,25.6,89.0,4.2,1.1,3.6
18:45:53,26.3,25.6,86.0,4.2,1.1,3.6
18:45:53,26.3,25.6,82.0,4.2,1.1,3.6
18:45:53,26.3,25.6,84.0,4.2,1.1,3.6
18:45:53,26.3,25.6,84.0,4.2,1.1,3.6
18:45:53,26.3,25.6,85.0,4.2,1.1,3.6
18:45:53,26.3,25.6,83.0,4.2,1.1,3.6
18:45:53,26.3,25.6,84.0,4.2,1.1,3.6
18:45:53,26.2,25.6,84.0,4.2,1.1,3.6
18:45:53,26.3,25.6,81.0,4.2,1.1,3.6
18:45:53,26.3,25.6,81.0,4.2,1.1,3.6
18:45:53,26.3,25.6,82.0,4.2,1.1,3.6
18:45:53,26.3,25.6,84.0,4.2,1.1,3.6
18:45:53,26.2,25.6,85.0,4.2,1.1,3.6
18:45:53,26.3,25.6,82.0,4.2,1.1,3.6
18:45:53,26.3,25.6,82.0,4.2,1.1,3.6
18:45:53,26.3,25.6,82.0,4.2,1.1,3.6
18:45:53,26.3,25.6,82.0,4.2,1.1,3.6
18:45:53,26.3,25.6,84.0,4.2,1.1,3.6
18:45:53,26.3,25.6,83.0,4.2,1.1,3.6
18:45:53,26.3,25.6,83.0,4.2,1.1,3.6
18:45:53,26.3,25.6,84.0,4.2,1.1,3.6
18:45:53,26.3,25.6,83.0,4.2,1.1,3.6
18:45:54,26.3,25.6,81.0,4.2,1.1,3.6
18:45:54,26.2,25.6,87.0,4.2,1.1,3.6
18:45:54,26.3,25.6,82.0,4.2,1.1,3.6
18:45:54,26.2,25.6,84.0,4.2,1.1,3.6
18:45:54,26.3,25.6,81.0,4.2,1.1,3.6
18:45:54,26.2,25.6,84.0,4.2,1.1,3.6
18:45:54,26.3,25.6,80.0,4.2,1.1,3.6
18:45:54,26.2,25.6,83.0,4.2,1.1,3.6
18:45:54,26.3,25.6,82.0,4.2,1.1,3.6
18:45:54,26.2,25.6,83.0,4.2,1.1,3.6
18:45:54,26.3,25.6,81.0,4.2,1.1,3.6
18:45:54,26.3,25.6,82.0,4.2,1.1,3.6
18:45:54,26.3,25.6,82.0,4.2,1.1,3.6
18:45:54,26.3,25.6,82.0,4.2,1.1,3.6
18:45:54,26.3,25.6,83.0,4.2,1.1,3.6
18:45:54,26.3,25.6,83.0,4.2,1.1,3.6
18:45:54,26.3,25.6,81.0,4.2,1.1,3.6
18:45:54,26.3,25.6,82.0,4.2,1.1,3.6
18:45:54,24.4,25.6,96.0,4.291,1.079,3.615
18:45:54,25.8,25.6,82.0,4.2,1.1,3.6
18:45:54,26.2,25.6,68.0,4.2,1.1,3.6
18:45:54,26.3,25.6,65.0,4.2,1.1,3.6
18:45:54,26.3,25.6,74.0,4.2,1.1,3.6
18:45:54,26.3,25.6,79.0,4.2,1.1,3.6
18:45:54,25.7,25.6,93.0,4.2,1.1,3.6
18:45:55,26.6,25.6,79.0,4.2,1.1,3.6
18:45:55,26.4,25.6,76.0,4.2,1.1,3.6
18:45:55,26.4,25.6,81.0,4.2,1.1,3.6
18:45:55,26.3,25.6,83.0,4.2,1.1,3.6
18:45:55,23.7,25.6,97.0,4.744,0.975,3.691
18:45:55,25.6,25.6,83.0,4.2,1.1,3.6
18:45:55,26.2,25.6,69.0,4.2,1.1,3.6
18:45:55,26.3,25.6,57.0,4.2,1.1,3.6
18:45:55,26.7,25.6,47.0,4.279,1.082,3.613
18:45:55,25.1,25.6,61.0,4.2,1.1,3.6
18:45:55,26.4,25.6,50.0,4.2,1.1,3.6
18:45:55,26.8,25.6,47.0,4.311,1.075,3.618
18:45:55,26.9,25.6,58.0,4.372,1.06,3.629
18:45:55,26.9,25.6,67.0,4.388,1.057,3.631
18:45:55,25.9,25.6,81.0,4.2,1.1,3.6
18:45:55,25.7,25.6,95.0,4.2,1.1,3.6
18:45:55,26.5,25.6,81.0,4.2,1.1,3.6
18:45:55,26.8,25.6,67.0,4.326,1.071,3.621
18:45:55,26.5,25.6,81.0,4.2,1.1,3.6
18:45:55,26.4,25.6,88.0,4.2,1.1,3.6
18:45:55,24.6,25.6,102.0,4.225,1.094,3.604
18:45:55,25.8,25.6,88.0,4.2,1.1,3.6
18:45:55,26.2,25.6,74.0,4.2,1.1,3.6
18:45:55,26.3,25.6,64.0,4.2,1.1,3.6
18:45:55,26.4,25.6,71.0,4.2,1.1,3.6
18:45:56,23.7,25.6,85.0,4.737,0.977,3.69
18:45:56,25.7,25.6,71.0,4.2,1.1,3.6
18:45:56,26.6,25.6,57.0,4.2,1.1,3.6
18:45:56,26.4,25.6,60.0,4.2,1.1,3.6
18:45:56,26.4,25.6,72.0,4.2,1.1,3.6
18:45:56,25.4,25.6,86.0,4.2,1.1,3.6
18:45:56,26.2,25.6,72.0,4.2,1.1,3.6
18:45:56,26.3,25.6,67.0,4.2,1.1,3.6
18:45:56,26.3,25.6,73.0,4.2,1.1,3.6
18:45:56,26.3,25.6,80.0,4.2,1.1,3.6
18:45:56,26.3,25.6,79.0,4.2,1.1,3.6
18:45:56,25.5,25.6,93.0,4.2,1.1,3.6
18:45:56,26.1,25.6,79.0,4.2,1.1,3.6
18:45:56,26.2,25.6,70.0,4.2,1.1,3.6
18:45:56,26.3,25.6,74.0,4.2,1.1,3.6
18:45:56,26.3,25.6,77.0,4.2,1.1,3.6
18:45:56,23.7,25.6,91.0,4.726,0.98,3.688
18:45:56,25.3,25.6,77.0,4.2,1.1,3.6
18:45:56,25.7,25.6,63.0,4.2,1.1,3.6
18:45:56,25.8,25.6,67.0,4.2,1.1,3.6
18:45:56,25.8,25.6,72.0,4.2,1.1,3.6
18:45:56,24.1,25.6,86.0,4.518,1.027,3.653
18:45:56,25.3,25.6,72.0,4.2,1.1,3.6
18:45:56,25.7,25.6,58.0,4.2,1.1,3.6
18:45:56,25.8,25.6,65.0,4.2,1.1,3.6
18:45:56,25.5,25.6,79.0,4.2,1.1,3.6
18:45:57,25.3,25.6,93.0,4.2,1.1,3.6
18:45:57,24.5,25.6,107.0,4.264,1.085,3.611
18:45:57,25.1,25.6,93.0,4.2,1.1,3.6
18:45:57,25.2,25.6,79.0,4.2,1.1,3.6
18:45:57,25.3,25.6,80.0,4.2,1.1,3.6
18:45:57,25.0,25.6,94.0,4.2,1.1,3.6
18:45:57,23.3,25.6,108.0,4.995,0.918,3.733
18:45:57,24.4,25.6,94.0,4.329,1.07,3.622
18:45:57,24.7,25.6,80.0,4.2,1.1,3.6
18:45:57,24.8,25.6,74.0,4.2,1.1,3.6
18:45:57,24.8,25.6,79.0,4.2,1.1,3.6
18:45:57,23.2,25.6,93.0,5.053,0.905,3.742
18:45:57,24.8,25.6,79.0,4.2,1.1,3.6
18:45:57,25.2,25.6,65.0,4.2,1.1,3.6
18:45:57,25.2,25.6,65.0,4.2,1.1,3.6
18:45:57,25.3,25.6,74.0,4.2,1.1,3.6
18:45:57,24.4,25.6,88.0,4.306,1.076,3.618
18:45:57,25.1,25.6,74.0,4.2,1.1,3.6
18:45:57,25.3,25.6,69.0,4.2,1.1,3.6
18:45:57,25.4,25.6,77.0,4.2,1.1,3.6
18:45:57,25.4,25.6,81.0,4.2,1.1,3.6
18:45:57,25.3,25.6,88.0,4.2,1.1,3.6
18:45:57,23.9,25.6,102.0,4.613,1.005,3.669
18:45:57,25.3,25.6,88.0,4.2,1.1,3.6
18:45:58,25.3,25.6,74.0,4.2,1.1,3.6
18:45:58,25.4,25.6,77.0,4.2,1.1,3.6
18:45:58,25.7,25.6,63.0,4.2,1.1,3.6
18:45:58,23.3,25.6,77.0,4.987,0.92,3.731
18:45:58,25.2,25.6,63.0,4.2,1.1,3.6
18:45:58,25.7,25.6,49.0,4.2,1.1,3.6
18:45:58,25.8,25.6,60.0,4.2,1.1,3.6
18:45:58,25.8,25.6,70.0,4.2,1.1,3.6
18:45:58,25.2,25.6,84.0,4.2,1.1,3.6
18:45:58,25.7,25.6,71.0,4.2,1.1,3.6
18:45:58,25.8,25.6,73.0,4.2,1.1,3.6
18:45:58,25.8,25.6,78.0,4.2,1.1,3.6
18:45:58,25.8,25.6,81.0,4.2,1.1,3.6
18:45:58,25.8,25.6,83.0,4.2,1.1,3.6
18:45:58,25.0,25.6,97.0,4.2,1.1,3.6
18:45:58,25.6,25.6,83.0,4.2,1.1,3.6
18:45:58,25.8,25.6,71.0,4.2,1.1,3.6
18:45:58,25.8,25.6,76.0,4.2,1.1,3.6
18:45:58,25.8,25.6,80.0,4.2,1.1,3.6
18:45:58,24.1,25.6,94.0,4.494,1.033,3.649
18:45:58,25.4,25.6,80.0,4.2,1.1,3.6
18:45:58,25.7,25.6,66.0,4.2,1.1,3.6
18:45:58,25.8,25.6,67.0,4.2,1.1,3.6
18:45:58,25.8,25.6,74.0,4.2,1.1,3.6
18:45:58,24.1,25.6,88.0,4.51,1.029,3.652
18:45:58,25.7,25.6,74.0,4.2,1.1,3.6
18:45:59,25.8,25.6,61.0,4.2,1.1,3.6
18:45:59,25.9,25.6,72.0,4.2,1.1,3.6
18:45:59,25.8,25.6,79.0,4.2,1.1,3.6
18:45:59,24.9,25.6,93.0,4.2,1.1,3.6
18:45:59,24.7,25.6,107.0,4.2,1.1,3.6
18:45:59,25.5,25.6,93.0,4.2,1.1,3.6
18:45:59,26.1,25.6,79.0,4.2,1.1,3.6
18:45:59,26.2,25.6,65.0,4.2,1.1,3.6
18:45:59,26.4,25.6,63.0,4.2,1.1,3.6
18:45:59,24.6,25.6,77.0,4.227,1.094,3.605
18:45:59,25.9,25.6,63.0,4.2,1.1,3.6
18:45:59,26.3,25.6,53.0,4.2,1.1,3.6
18:45:59,26.3,25.6,66.0,4.2,1.1,3.6
18:45:59,26.4,25.6,71.0,4.2,1.1,3.6
18:45:59,23.7,25.6,85.0,4.726,0.979,3.688
18:45:59,25.6,25.6,71.0,4.2,1.1,3.6
18:45:59,26.2,25.6,57.0,4.2,1.1,3.6
18:45:59,26.3,25.6,55.0,4.2,1.1,3.6
18:45:59,26.4,25.6,68.0,4.2,1.1,3.6
18:45:59,24.5,25.6,82.0,4.288,1.08,3.615
18:45:59,25.9,25.6,68.0,4.2,1.1,3.6
18:45:59,26.2,25.6,56.0,4.2,1.1,3.6
18:45:59,26.3,25.6,63.0,4.2,1.1,3.6
18:45:59,26.0,25.6,77.0,4.2,1.1,3.6
18:46:00,25.8,25.6,91.0,4.2,1.1,3.6
18:46:00,25.0,25.6,105.0,4.2,1.1,3.6
18:46:00,25.6,25.6,91.0,4.2,1.1,3.6
18:46:00,25.8,25.6,77.0,4.2,1.1,3.6
18:46:00,25.8,25.6,77.0,4.2,1.1,3.6
18:46:00,25.5,25.6,91.0,4.2,1.1,3.6
18:46:00,23.0,25.6,105.0,5.183,0.875,3.764
18:46:00,24.7,25.6,91.0,4.2,1.1,3.6
18:46:00,25.2,25.6,77.0,4.2,1.1,3.6
18:46:00,25.2,25.6,69.0,4.2,1.1,3.6
18:46:00,25.3,25.6,75.0,4.2,1.1,3.6
18:46:00,23.6,25.6,89.0,4.8,0.962,3.7
18:46:00,24.9,25.6,75.0,4.2,1.1,3.6
18:46:00,25.2,25.6,62.0,4.2,1.1,3.6
18:46:00,25.3,25.6,71.0,4.2,1.1,3.6
18:46:00,25.3,25.6,78.0,4.2,1.1,3.6
18:46:00,24.4,25.6,92.0,4.29,1.079,3.615
18:46:00,25.2,25.6,78.0,4.2,1.1,3.6
18:46:00,25.3,25.6,74.0,4.2,1.1,3.6
18:46:00,25.3,25.6,77.0,4.2,1.1,3.6
18:46:00,25.3,25.6,81.0,4.2,1.1,3.6
18:46:00,25.3,25.6,84.0,4.2,1.1,3.6
18:46:00,23.7,25.6,98.0,4.765,0.97,3.694
18:46:00,24.9,25.6,84.0,4.2,1.1,3.6
18:46:00,25.2,25.6,70.0,4.2,1.1,3.6
18:46:01,25.3,25.6,73.0,4.2,1.1,3.6
18:46:01,25.0,25.6,87.0,4.2,1.1,3.6
18:46:01,22.8,25.6,101.0,5.291,0.85,3.782
18:46:01,24.7,25.6,87.0,4.2,1.1,3.6
18:46:01,25.1,25.6,73.0,4.2,1.1,3.6
18:46:01,25.3,25.6,63.0,4.2,1.1,3.6
18:46:01,25.3,25.6,73.0,4.2,1.1,3.6
18:46:01,23.6,25.6,87.0,4.823,0.957,3.704
18:46:01,24.9,25.6,73.0,4.2,1.1,3.6
18:46:01,25.2,25.6,62.0,4.2,1.1,3.6
18:46:01,25.3,25.6,70.0,4.2,1.1,3.6
18:46:01,25.3,25.6,79.0,4.2,1.1,3.6
18:46:01,25.3,25.6,83.0,4.2,1.1,3.6
18:46:01,25.3,25.6,85.0,4.2,1.1,3.6
18:46:01,25.2,25.6,90.0,4.2,1.1,3.6
18:46:01,25.3,25.6,87.0,4.2,1.1,3.6
18:46:01,25.3,25.6,85.0,4.2,1.1,3.6
18:46:01,25.3,25.6,87.0,4.2,1.1,3.6
18:46:01,24.9,25.6,101.0,4.2,1.1,3.6
18:46:01,24.8,25.6,100.0,4.2,1.1,3.6
18:46:01,24.8,25.6,97.0,4.2,1.1,3.6
18:46:01,24.8,25.6,95.0,4.2,1.1,3.6
18:46:01,24.7,25.6,94.0,4.2,1.1,3.6
18:46:01,24.7,25.6,92.0,4.2,1.1,3.6
18:46:01,25.1,25.6,78.0,4.2,1.1,3.6
18:46:02,25.2,25.6,77.0,4.2,1.1,3.6
18:46:02,25.2,25.6,81.0,4.2,1.1,3.6
18:46:02,25.2,25.6,83.0,4.2,1.1,3.6
18:46:02,25.2,25.6,85.0,4.2,1.1,3.6
18:46:02,25.2,25.6,88.0,4.2,1.1,3.6
18:46:02,25.2,25.6,89.0,4.2,1.1,3.6
18:46:02,25.2,25.6,87.0,4.2,1.1,3.6
18:46:02,25.2,25.6,88.0,4.2,1.1,3.6
18:46:02,25.2,25.6,87.0,4.2,1.1,3.6
18:46:02,25.3,25.6,86.0,4.2,1.1,3.6
18:46:02,25.3,25.6,87.0,4.2,1.1,3.6
18:46:02,25.2,25.6,90.0,4.2,1.1,3.6
18:46:02,25.2,25.6,88.0,4.2,1.1,3.6
18:46:02,25.2,25.6,89.0,4.2,1.1,3.6
18:46:02,25.2,25.6,89.0,4.2,1.1,3.6
18:46:02,25.2,25.6,88.0,4.2,1.1,3.6
18:46:02,25.2,25.6,89.0,4.2,1.1,3.6
18:46:02,25.2,25.6,87.0,4.2,1.1,3.6
18:46:02,25.3,25.6,87.0,4.2,1.1,3.6
18:46:02,25.2,25.6,88.0,4.2,1.1,3.6
18:46:02,25.2,25.6,89.0,4.2,1.1,3.6
18:46:02,25.2,25.6,88.0,4.2,1.1,3.6
18:46:02,25.2,25.6,88.0,4.2,1.1,3.6
18:46:02,25.2,25.6,91.0,4.2,1.1,3.6
18:46:02,25.2,25.6,87.0,4.2,1.1,3.6
18:46:02,25.1,25.6,92.0,4.2,1.1,3.6
18:46:03,25.2,25.6,87.0,4.2,1.1,3.6
18:46:03,25.2,25.6,88.0,4.2,1.1,3.6
18:46:03,25.2,25.6,88.0,4.2,1.1,3.6
18:46:03,25.2,25.6,87.0,4.2,1.1,3.6
18:46:03,22.8,25.6,101.0,5.285,0.851,3.781
18:46:03,24.6,25.6,87.0,4.2,1.1,3.6
18:46:03,25.1,25.6,73.0,4.2,1.1,3.6
18:46:03,25.2,25.6,66.0,4.2,1.1,3.6
18:46:03,25.3,25.6,76.0,4.2,1.1,3.6
18:46:03,24.3,25.6,90.0,4.363,1.063,3.627
18:46:03,25.1,25.6,76.0,4.2,1.1,3.6
18:46:03,25.2,25.6,73.0,4.2,1.1,3.6
18:46:03,25.3,25.6,79.0,4.2,1.1,3.6
18:46:03,25.3,25.6,85.0,4.2,1.1,3.6
18:46:03,25.3,25.6,86.0,4.2,1.1,3.6
18:46:03,24.5,25.6,100.0,4.261,1.086,3.61
18:46:03,25.1,25.6,86.0,4.2,1.1,3.6
18:46:03,24.9,25.6,94.0,4.2,1.1,3.6
18:46:03,24.9,25.6,95.0,4.2,1.1,3.6
18:46:03,24.8,25.6,95.0,4.2,1.1,3.6
18:46:03,22.5,25.6,109.0,5.486,0.805,3.814
18:46:03,24.1,25.6,95.0,4.482,1.035,3.647
18:46:03,24.6,25.6,81.0,4.2,1.1,3.6
18:46:03,24.8,25.6,69.0,4.2,1.1,3.6
18:46:03,25.1,25.6,64.0,4.2,1.1,3.6
18:46:04,23.6,25.6,78.0,4.826,0.956,3.704
18:46:04,24.9,25.6,64.0,4.2,1.1,3.6
18:46:04,25.2,25.6,58.0,4.2,1.1,3.6
18:46:04,25.3,25.6,70.0,4.2,1.1,3.6
18:46:04,25.6,25.6,63.0,4.2,1.1,3.6
18:46:04,24.8,25.6,77.0,4.2,1.1,3.6
18:46:04,24.6,25.6,91.0,4.2,1.1,3.6
18:46:04,25.5,25.6,77.0,4.2,1.1,3.6
18:46:04,25.7,25.6,63.0,4.2,1.1,3.6
18:46:04,25.8,25.6,71.0,4.2,1.1,3.6
18:46:04,25.8,25.6,78.0,4.2,1.1,3.6
18:46:04,24.1,25.6,92.0,4.493,1.033,3.649
18:46:04,25.3,25.6,78.0,4.2,1.1,3.6
18:46:04,25.6,25.6,64.0,4.2,1.1,3.6
18:46:04,25.8,25.6,70.0,4.2,1.1,3.6
18:46:04,25.8,25.6,76.0,4.2,1.1,3.6
18:46:04,24.1,25.6,90.0,4.518,1.027,3.653
18:46:04,25.3,25.6,76.0,4.2,1.1,3.6
18:46:04,25.7,25.6,62.0,4.2,1.1,3.6
18:46:04,25.8,25.6,70.0,4.2,1.1,3.6
18:46:04,25.8,25.6,77.0,4.2,1.1,3.6
18:46:04,24.9,25.6,91.0,4.2,1.1,3.6
18:46:04,26.0,25.6,77.0,4.2,1.1,3.6
18:46:04,26.3,25.6,63.0,4.2,1.1,3.6
18:46:05,26.3,25.6,70.0,4.2,1.1,3.6
18:46:05,26.4,25.6,76.0,4.2,1.1,3.6
18:46:05,26.0,25.6,90.0,4.2,1.1,3.6
18:46:05,24.5,25.6,104.0,4.284,1.081,3.614
18:46:05,25.4,25.6,90.0,4.2,1.1,3.6
18:46:05,26.1,25.6,76.0,4.2,1.1,3.6
18:46:05,25.9,25.6,79.0,4.2,1.1,3.6
18:46:05,25.8,25.6,87.0,4.2,1.1,3.6
18:46:05,23.3,25.6,101.0,4.964,0.925,3.727
18:46:05,25.2,25.6,87.0,4.2,1.1,3.6
18:46:05,26.0,25.6,73.0,4.2,1.1,3.6
18:46:05,25.9,25.6,68.0,4.2,1.1,3.6
18:46:05,26.2,25.6,63.0,4.2,1.1,3.6
18:46:05,24.4,25.6,77.0,4.303,1.076,3.617
18:46:05,25.9,25.6,63.0,4.2,1.1,3.6
18:46:05,26.2,25.6,54.0,4.2,1.1,3.6
18:46:05,26.3,25.6,65.0,4.2,1.1,3.6
18:46:05,26.0,25.6,79.0,4.2,1.1,3.6
18:46:05,25.9,25.6,93.0,4.2,1.1,3.6
18:46:05,25.0,25.6,107.0,4.2,1.1,3.6
18:46:05,25.6,25.6,93.0,4.2,1.1,3.6
18:46:05,25.4,25.6,95.0,4.2,1.1,3.6
18:46:05,25.3,25.6,95.0,4.2,1.1,3.6
18:46:05,25.2,25.6,96.0,4.2,1.1,3.6
18:46:05,23.6,25.6,110.0,4.783,0.966,3.697
18:46:06,24.9,25.6,96.0,4.2,1.1,3.6
18:46:06,25.2,25.6,82.0,4.2,1.1,3.6
18:46:06,25.3,25.6,74.0,4.2,1.1,3.6
18:46:06,25.3,25.6,79.0,4.2,1.1,3.6
18:46:06,23.7,25.6,93.0,4.769,0.97,3.695
18:46:06,24.9,25.6,79.0,4.2,1.1,3.6
18:46:06,25.2,25.6,67.0,4.2,1.1,3.6
18:46:06,25.2,25.6,77.0,4.2,1.1,3.6
18:46:06,25.2,25.6,82.0,4.2,1.1,3.6
18:46:06,24.4,25.6,96.0,4.337,1.069,3.623
18:46:06,25.1,25.6,82.0,4.2,1.1,3.6
18:46:06,25.3,25.6,74.0,4.2,1.1,3.6
18:46:06,25.3,25.6,83.0,4.2,1.1,3.6
18:46:06,25.3,25.6,84.0,4.2,1.1,3.6
18:46:06,25.3,25.6,88.0,4.2,1.1,3.6
18:46:06,23.7,25.6,102.0,4.765,0.971,3.694
18:46:06,24.9,25.6,88.0,4.2,1.1,3.6
18:46:06,25.2,25.6,74.0,4.2,1.1,3.6
18:46:06,25.2,25.6,78.0,4.2,1.1,3.6
18:46:06,25.3,25.6,80.0,4.2,1.1,3.6
18:46:06,22.9,25.6,94.0,5.239,0.862,3.773
18:46:06,24.7,25.6,80.0,4.2,1.1,3.6
18:46:06,25.2,25.6,66.0,4.2,1.1,3.6
18:46:06,25.2,25.6,69.0,4.2,1.1,3.6
18:46:06,25.3,25.6,75.0,4.2,1.1,3.6
18:46:07,23.6,25.6,89.0,4.795,0.964,3.699
18:46:07,24.9,25.6,75.0,4.2,1.1,3.6
18:46:07,25.2,25.6,64.0,4.2,1.1,3.6
18:46:07,25.3,25.6,74.0,4.2,1.1,3.6
18:46:07,25.3,25.6,82.0,4.2,1.1,3.6
18:46:07,25.2,25.6,89.0,4.2,1.1,3.6
18:46:07,24.5,25.6,103.0,4.289,1.08,3.615
18:46:07,25.1,25.6,89.0,4.2,1.1,3.6
18:46:07,25.3,25.6,76.0,4.2,1.1,3.6
18:46:07,25.3,25.6,83.0,4.2,1.1,3.6
18:46:07,25.3,25.6,88.0,4.2,1.1,3.6
18:46:07,22.9,25.6,102.0,5.234,0.863,3.772
18:46:07,24.7,25.6,88.0,4.2,1.1,3.6
18:46:07,25.2,25.6,74.0,4.2,1.1,3.6
18:46:07,25.3,25.6,68.0,4.2,1.1,3.6
18:46:07,25.3,25.6,76.0,4.2,1.1,3.6
18:46:07,23.7,25.6,90.0,4.766,0.97,3.694
18:46:07,25.3,25.6,76.0,4.2,1.1,3.6
18:46:07,25.7,25.6,62.0,4.2,1.1,3.6
18:46:07,25.8,25.6,63.0,4.2,1.1,3.6
18:46:07,25.8,25.6,77.0,4.2,1.1,3.6
18:46:07,24.6,25.6,91.0,4.227,1.094,3.605
18:46:07,24.3,25.6,105.0,4.396,1.055,3.633
18:46:07,25.1,25.6,91.0,4.2,1.1,3.6
18:46:07,25.2,25.6,77.0,4.2,1.1,3.6
18:46:08,25.3,25.6,80.0,4.2,1.1,3.6
18:46:08,25.4,25.6,81.0,4.2,1.1,3.6
18:46:08,23.7,25.6,95.0,4.727,0.979,3.688
18:46:08,24.9,25.6,81.0,4.2,1.1,3.6
18:46:08,24.8,25.6,86.0,4.2,1.1,3.6
18:46:08,24.8,25.6,93.0,4.2,1.1,3.6
18:46:08,24.8,25.6,90.0,4.2,1.1,3.6
18:46:08,22.5,25.6,104.0,5.461,0.811,3.81
18:46:08,24.2,25.6,90.0,4.46,1.04,3.643
18:46:08,24.6,25.6,76.0,4.2,1.1,3.6
18:46:08,24.8,25.6,70.0,4.2,1.1,3.6
18:46:08,25.2,25.6,62.0,4.2,1.1,3.6
18:46:08,23.5,25.6,76.0,4.871,0.946,3.712
18:46:08,24.9,25.6,62.0,4.2,1.1,3.6
18:46:08,25.2,25.6,60.0,4.2,1.1,3.6
18:46:08,25.3,25.6,71.0,4.2,1.1,3.6
18:46:08,25.3,25.6,81.0,4.2,1.1,3.6
18:46:08,25.7,25.6,70.0,4.2,1.1,3.6
18:46:08,25.0,25.6,84.0,4.2,1.1,3.6
18:46:08,25.3,25.6,88.0,4.2,1.1,3.6
18:46:08,25.3,25.6,87.0,4.2,1.1,3.6
18:46:08,25.3,25.6,91.0,4.2,1.1,3.6
18:46:08,25.3,25.6,92.0,4.2,1.1,3.6
18:46:08,22.9,25.6,106.0,5.222,0.866,3.77
18:46:08,24.7,25.6,92.0,4.2,1.1,3.6
18:46:09,25.2,25.6,78.0,4.2,1.1,3.6
18:46:09,25.3,25.6,69.0,4.2,1.1,3.6
18:46:09,25.3,25.6,81.0,4.2,1.1,3.6
18:46:09,23.6,25.6,95.0,4.783,0.966,3.697
18:46:09,24.9,25.6,81.0,4.2,1.1,3.6
18:46:09,25.2,25.6,67.0,4.2,1.1,3.6
18:46:09,25.3,25.6,74.0,4.2,1.1,3.6
18:46:09,25.3,25.6,83.0,4.2,1.1,3.6
18:46:09,24.4,25.6,97.0,4.303,1.076,3.617
18:46:09,24.3,25.6,111.0,4.395,1.055,3.633
18:46:09,25.0,25.6,97.0,4.2,1.1,3.6
18:46:09,25.2,25.6,83.0,4.2,1.1,3.6
18:46:09,25.3,25.6,80.0,4.2,1.1,3.6
18:46:09,25.3,25.6,85.0,4.2,1.1,3.6
18:46:09,23.4,25.6,99.0,4.943,0.93,3.724
18:46:09,24.8,25.6,85.0,4.2,1.1,3.6
18:46:09,25.2,25.6,71.0,4.2,1.1,3.6
18:46:09,25.3,25.6,75.0,4.2,1.1,3.6
18:46:09,25.3,25.6,83.0,4.2,1.1,3.6
18:46:09,22.9,25.6,97.0,5.243,0.861,3.774
18:46:09,24.6,25.6,83.0,4.2,1.1,3.6
18:46:09,25.1,25.6,69.0,4.2,1.1,3.6
18:46:09,25.2,25.6,70.0,4.2,1.1,3.6
18:46:09,25.3,25.6,79.0,4.2,1.1,3.6
18:46:09,25.3,25.6,84.0,4.2,1.1,3.6
18:46:09,25.3,25.6,86.0,4.2,1.1,3.6
18:46:10,25.3,25.6,90.0,4.2,1.1,3.6
18:46:10,25.3,25.6,93.0,4.2,1.1,3.6
18:46:10,25.3,25.6,91.0,4.2,1.1,3.6
18:46:10,25.2,25.6,95.0,4.2,1.1,3.6
18:46:10,24.9,25.6,109.0,4.2,1.1,3.6
18:46:10,24.8,25.6,108.0,4.2,1.1,3.6
18:46:10,25.1,25.6,94.0,4.2,1.1,3.6
18:46:10,25.2,25.6,84.0,4.2,1.1,3.6
18:46:10,25.2,25.6,87.0,4.2,1.1,3.6
18:46:10,25.2,25.6,90.0,4.2,1.1,3.6
18:46:10,25.2,25.6,93.0,4.2,1.1,3.6
18:46:10,25.2,25.6,92.0,4.2,1.1,3.6
18:46:10,25.2,25.6,94.0,4.2,1.1,3.6
18:46:10,25.2,25.6,93.0,4.2,1.1,3.6
18:46:10,25.2,25.6,92.0,4.2,1.1,3.6
18:46:10,25.2,25.6,92.0,4.2,1.1,3.6
18:46:10,25.2,25.6,91.0,4.2,1.1,3.6
18:46:10,25.2,25.6,92.0,4.2,1.1,3.6
18:46:10,25.2,25.6,94.0,4.2,1.1,3.6
18:46:10,25.6,25.6,80.0,4.2,1.1,3.6
18:46:10,25.7,25.6,77.0,4.2,1.1,3.6
18:46:10,25.8,25.6,82.0,4.2,1.1,3.6
18:46:10,25.7,25.6,88.0,4.2,1.1,3.6
18:46:10,25.7,25.6,88.0,4.2,1.1,3.6
18:46:10,25.7,25.6,90.0,4.2,1.1,3.6
18:46:11,25.8,25.6,88.0,4.2,1.1,3.6
18:46:11,25.8,25.6,88.0,4.2,1.1,3.6
18:46:11,25.8,25.6,91.0,4.2,1.1,3.6
18:46:11,26.1,25.6,77.0,4.2,1.1,3.6
18:46:11,26.2,25.6,77.0,4.2,1.1,3.6
18:46:11,26.2,25.6,81.0,4.2,1.1,3.6
18:46:11,26.2,25.6,84.0,4.2,1.1,3.6
18:46:11,26.3,25.6,85.0,4.2,1.1,3.6
18:46:11,26.2,25.6,88.0,4.2,1.1,3.6
18:46:11,26.3,25.6,86.0,4.2,1.1,3.6
18:46:11,26.2,25.6,89.0,4.2,1.1,3.6
18:46:11,26.3,25.6,87.0,4.2,1.1,3.6
18:46:11,26.2,25.6,89.0,4.2,1.1,3.6
18:46:11,26.2,25.6,89.0,4.2,1.1,3.6
18:46:11,26.2,25.6,89.0,4.2,1.1,3.6
18:46:11,26.2,25.6,88.0,4.2,1.1,3.6
18:46:11,24.5,25.6,102.0,4.24,1.091,3.607
18:46:11,25.8,25.6,88.0,4.2,1.1,3.6
18:46:11,26.1,25.6,74.0,4.2,1.1,3.6
18:46:11,26.2,25.6,72.0,4.2,1.1,3.6
18:46:11,26.3,25.6,75.0,4.2,1.1,3.6
18:46:11,23.7,25.6,89.0,4.736,0.977,3.689
18:46:11,25.6,25.6,75.0,4.2,1.1,3.6
18:46:11,26.1,25.6,61.0,4.2,1.1,3.6
18:46:12,26.2,25.6,64.0,4.2,1.1,3.6
18:46:12,26.3,25.6,73.0,4.2,1.1,3.6
18:46:12,25.4,25.6,87.0,4.2,1.1,3.6
18:46:12,26.2,25.6,73.0,4.2,1.1,3.6
18:46:12,26.3,25.6,71.0,4.2,1.1,3.6
18:46:12,26.4,25.6,77.0,4.2,1.1,3.6
18:46:12,26.7,25.6,66.0,4.252,1.088,3.609
18:46:12,26.8,25.6,69.0,4.339,1.068,3.623
18:46:12,25.9,25.6,83.0,4.2,1.1,3.6
18:46:12,26.6,25.6,70.0,4.21,1.098,3.602
18:46:12,26.8,25.6,68.0,4.336,1.069,3.623
18:46:12,26.9,25.6,74.0,4.364,1.062,3.627
18:46:12,26.9,25.6,78.0,4.379,1.059,3.63
18:46:12,24.3,25.6,92.0,4.364,1.062,3.627
18:46:12,26.2,25.6,78.0,4.2,1.1,3.6
18:46:12,26.7,25.6,64.0,4.265,1.085,3.611
18:46:12,26.9,25.6,59.0,4.352,1.065,3.625
18:46:12,26.9,25.6,70.0,4.372,1.061,3.629
18:46:12,25.1,25.6,84.0,4.2,1.1,3.6
18:46:12,26.4,25.6,70.0,4.2,1.1,3.6
18:46:12,26.8,25.6,56.0,4.319,1.073,3.62
18:46:12,26.9,25.6,64.0,4.395,1.055,3.632
18:46:12,26.9,25.6,75.0,4.381,1.058,3.63
18:46:12,25.9,25.6,89.0,4.2,1.1,3.6
18:46:12,25.3,25.6,103.0,4.2,1.1,3.6
18:46:13,26.1,25.6,89.0,4.2,1.1,3.6
18:46:13,26.2,25.6,75.0,4.2,1.1,3.6
18:46:13,26.3,25.6,77.0,4.2,1.1,3.6
18:46:13,26.3,25.6,81.0,4.2,1.1,3.6
18:46:13,24.5,25.6,95.0,4.231,1.093,3.605
18:46:13,25.9,25.6,81.0,4.2,1.1,3.6
18:46:13,26.2,25.6,67.0,4.2,1.1,3.6
18:46:13,26.3,25.6,71.0,4.2,1.1,3.6
18:46:13,26.3,25.6,80.0,4.2,1.1,3.6
18:46:13,23.7,25.6,94.0,4.753,0.973,3.692
18:46:13,25.6,25.6,80.0,4.2,1.1,3.6
18:46:13,26.2,25.6,66.0,4.2,1.1,3.6
18:46:13,26.3,25.6,63.0,4.2,1.1,3.6
18:46:13,26.3,25.6,73.0,4.2,1.1,3.6
18:46:13,25.3,25.6,87.0,4.2,1.1,3.6
18:46:13,26.2,25.6,73.0,4.2,1.1,3.6
18:46:13,26.3,25.6,72.0,4.2,1.1,3.6
18:46:13,26.3,25.6,78.0,4.2,1.1,3.6
18:46:13,26.4,25.6,81.0,4.2,1.1,3.6
18:46:13,26.4,25.6,83.0,4.2,1.1,3.6
18:46:13,25.5,25.6,97.0,4.2,1.1,3.6
18:46:13,26.1,25.6,83.0,4.2,1.1,3.6
18:46:13,26.3,25.6,74.0,4.2,1.1,3.6
18:46:13,26.3,25.6,79.0,4.2,1.1,3.6
18:46:13,26.3,25.6,83.0,4.2,1.1,3.6
18:46:14,23.7,25.6,97.0,4.734,0.978,3.689
18:46:14,25.6,25.6,83.0,4.2,1.1,3.6
18:46:14,26.1,25.6,69.0,4.2,1.1,3.6
18:46:14,26.3,25.6,63.0,4.2,1.1,3.6
18:46:14,26.3,25.6,71.0,4.2,1.1,3.6
18:46:14,24.6,25.6,85.0,4.229,1.093,3.605
18:46:14,25.9,25.6,71.0,4.2,1.1,3.6
18:46:14,26.7,25.6,57.0,4.251,1.088,3.609
18:46:14,26.4,25.6,71.0,4.2,1.1,3.6
18:46:14,26.4,25.6,82.0,4.2,1.1,3.6
18:46:14,25.3,25.6,96.0,4.2,1.1,3.6
18:46:14,25.2,25.6,110.0,4.2,1.1,3.6
18:46:14,26.0,25.6,96.0,4.2,1.1,3.6
18:46:14,26.3,25.6,82.0,4.2,1.1,3.6
18:46:14,26.4,25.6,71.0,4.2,1.1,3.6
18:46:14,26.4,25.6,78.0,4.2,1.1,3.6
18:46:14,24.6,25.6,92.0,4.214,1.097,3.602
18:46:14,25.9,25.6,78.0,4.2,1.1,3.6
18:46:14,26.2,25.6,64.0,4.2,1.1,3.6
18:46:14,26.3,25.6,69.0,4.2,1.1,3.6
18:46:14,26.3,25.6,77.0,4.2,1.1,3.6
18:46:14,23.7,25.6,91.0,4.741,0.976,3.69
18:46:14,26.0,25.6,77.0,4.2,1.1,3.6
18:46:14,26.3,25.6,63.0,4.2,1.1,3.6
18:46:14,26.7,25.6,49.0,4.282,1.081,3.614
18:46:15,26.9,25.6,58.0,4.361,1.063,3.627
18:46:15,26.0,25.6,72.0,4.2,1.1,3.6
18:46:15,26.8,25.6,63.0,4.301,1.077,3.617
18:46:15,26.9,25.6,68.0,4.37,1.061,3.628
18:46:15,26.9,25.6,73.0,4.403,1.053,3.634
18:46:15,26.5,25.6,87.0,4.2,1.1,3.6
18:46:15,26.4,25.6,96.0,4.2,1.1,3.6
18:46:15,24.6,25.6,110.0,4.221,1.095,3.603
18:46:15,25.8,25.6,96.0,4.2,1.1,3.6
18:46:15,26.2,25.6,82.0,4.2,1.1,3.6
18:46:15,26.3,25.6,70.0,4.2,1.1,3.6
18:46:15,26.3,25.6,78.0,4.2,1.1,3.6
18:46:15,23.7,25.6,92.0,4.721,0.981,3.687
18:46:15,25.6,25.6,78.0,4.2,1.1,3.6
18:46:15,26.1,25.6,64.0,4.2,1.1,3.6
18:46:15,26.3,25.6,60.0,4.2,1.1,3.6
18:46:15,26.3,25.6,72.0,4.2,1.1,3.6
18:46:15,24.6,25.6,86.0,4.223,1.095,3.604
18:46:15,25.9,25.6,72.0,4.2,1.1,3.6
18:46:15,26.6,25.6,58.0,4.21,1.098,3.602
18:46:15,26.8,25.6,52.0,4.336,1.069,3.623
18:46:15,26.9,25.6,64.0,4.374,1.06,3.629
18:46:15,25.9,25.6,78.0,4.2,1.1,3.6
18:46:15,25.8,25.6,92.0,4.2,1.1,3.6
18:46:15,26.6,25.6,78.0,4.21,1.098,3.602
18:46:16,26.8,25.6,64.0,4.339,1.068,3.623
18:46:16,26.9,25.6,69.0,4.378,1.059,3.63
18:46:16,26.9,25.6,75.0,4.389,1.057,3.632
18:46:16,25.1,25.6,89.0,4.2,1.1,3.6
18:46:16,26.4,25.6,75.0,4.2,1.1,3.6
18:46:16,26.8,25.6,61.0,4.312,1.074,3.619
18:46:16,26.9,25.6,64.0,4.379,1.059,3.63
18:46:16,26.9,25.6,71.0,4.409,1.052,3.635
18:46:16,24.3,25.6,85.0,4.402,1.054,3.634
18:46:16,26.2,25.6,71.0,4.2,1.1,3.6
18:46:16,26.7,25.6,57.0,4.276,1.082,3.613
18:46:16,26.9,25.6,58.0,4.352,1.065,3.625
18:46:16,26.9,25.6,67.0,4.395,1.055,3.632
18:46:16,25.9,25.6,81.0,4.2,1.1,3.6
18:46:16,26.6,25.6,71.0,4.217,1.096,3.603
18:46:16,26.9,25.6,66.0,4.351,1.065,3.625
18:46:16,26.9,25.6,72.0,4.378,1.059,3.63
18:46:16,26.9,25.6,76.0,4.389,1.057,3.632
18:46:16,26.5,25.6,90.0,4.2,1.1,3.6
18:46:16,25.5,25.6,104.0,4.2,1.1,3.6
18:46:16,26.1,25.6,90.0,4.2,1.1,3.6
18:46:16,26.3,25.6,76.0,4.2,1.1,3.6
18:46:16,26.3,25.6,80.0,4.2,1.1,3.6
18:46:16,26.3,25.6,82.0,4.2,1.1,3.6
18:46:16,23.8,25.6,96.0,4.704,0.984,3.684
18:46:16,25.6,25.6,82.0,4.2,1.1,3.6
18:46:17,26.1,25.6,68.0,4.2,1.1,3.6
18:46:17,26.2,25.6,62.0,4.2,1.1,3.6
18:46:17,26.7,25.6,51.0,4.265,1.085,3.611
18:46:17,24.6,25.6,65.0,4.2,1.1,3.6
18:46:17,25.9,25.6,69.0,4.2,1.1,3.6
18:46:17,26.6,25.6,55.0,4.214,1.097,3.602
18:46:17,26.8,25.6,52.0,4.34,1.068,3.623
18:46:17,26.9,25.6,65.0,4.359,1.064,3.626
18:46:17,25.6,25.6,79.0,4.2,1.1,3.6
18:46:17,25.7,25.6,93.0,4.2,1.1,3.6
18:46:17,26.2,25.6,79.0,4.2,1.1,3.6
18:46:17,26.3,25.6,73.0,4.2,1.1,3.6
18:46:17,26.3,25.6,80.0,4.2,1.1,3.6
18:46:17,26.3,25.6,81.0,4.2,1.1,3.6
18:46:17,24.6,25.6,95.0,4.217,1.096,3.603
18:46:17,25.9,25.6,81.0,4.2,1.1,3.6
18:46:17,26.2,25.6,67.0,4.2,1.1,3.6
18:46:17,26.3,25.6,68.0,4.2,1.1,3.6
18:46:17,26.3,25.6,74.0,4.2,1.1,3.6
18:46:17,23.7,25.6,88.0,4.742,0.976,3.69
18:46:17,25.6,25.6,74.0,4.2,1.1,3.6
18:46:17,26.2,25.6,60.0,4.2,1.1,3.6
18:46:17,26.3,25.6,61.0,4.2,1.1,3.6
18:46:17,26.4,25.6,69.0,4.2,1.1,3.6
18:46:18,25.4,25.6,83.0,4.2,1.1,3.6
18:46:18,26.2,25.6,69.0,4.2,1.1,3.6
18:46:18,26.3,25.6,69.0,4.2,1.1,3.6
18:46:18,26.4,25.6,75.0,4.2,1.1,3.6
18:46:18,26.3,25.6,81.0,4.2,1.1,3.6
18:46:18,26.3,25.6,84.0,4.2,1.1,3.6
18:46:18,25.4,25.6,98.0,4.2,1.1,3.6
18:46:18,26.2,25.6,84.0,4.2,1.1,3.6
18:46:18,26.3,25.6,74.0,4.2,1.1,3.6
18:46:18,26.3,25.6,77.0,4.2,1.1,3.6
18:46:18,26.3,25.6,82.0,4.2,1.1,3.6
18:46:18,26.3,25.6,81.0,4.2,1.1,3.6
18:46:18,26.3,25.6,84.0,4.2,1.1,3.6
18:46:18,26.7,25.6,70.0,4.289,1.08,3.615
18:46:18,26.9,25.6,66.0,4.363,1.063,3.627
18:46:18,26.9,25.6,72.0,4.378,1.059,3.63
18:46:18,26.9,25.6,76.0,4.386,1.057,3.631
18:46:18,26.9,25.6,80.0,4.369,1.061,3.628
18:46:18,26.9,25.6,82.0,4.358,1.064,3.626
18:46:18,26.9,25.6,82.0,4.351,1.065,3.625
18:46:18,26.8,25.6,83.0,4.339,1.068,3.623
18:46:18,26.8,25.6,83.0,4.329,1.07,3.622
18:46:18,26.8,25.6,83.0,4.313,1.074,3.619
18:46:18,26.8,25.6,80.0,4.338,1.068,3.623
18:46:18,26.8,25.6,82.0,4.329,1.07,3.621
18:46:18,26.9,25.6,79.0,4.352,1.065,3.625
18:46:19,26.8,25.6,81.0,4.34,1.068,3.623
18:46:19,26.9,25.6,79.0,4.362,1.063,3.627
18:46:19,26.8,25.6,83.0,4.33,1.07,3.622
18:46:19,26.8,25.6,81.0,4.343,1.067,3.624
18:46:19,26.9,25.6,80.0,4.353,1.065,3.625
18:46:19,26.9,25.6,80.0,4.356,1.064,3.626
18:46:19,26.9,25.6,80.0,4.357,1.064,3.626
18:46:19,26.9,25.6,79.0,4.377,1.06,3.629
18:46:19,26.9,25.6,82.0,4.35,1.066,3.625
18:46:19,26.8,25.6,82.0,4.336,1.069,3.623
18:46:19,26.8,25.6,82.0,4.331,1.07,3.622
18:46:19,26.9,25.6,79.0,4.353,1.065,3.625
18:46:19,26.8,25.6,81.0,4.343,1.067,3.624
18:46:19,26.4,25.6,95.0,4.2,1.1,3.6
18:46:19,26.7,25.6,81.0,4.273,1.083,3.612
18:46:19,26.4,25.6,93.0,4.2,1.1,3.6
18:46:19,26.3,25.6,95.0,4.2,1.1,3.6
18:46:19,26.3,25.6,90.0,4.2,1.1,3.6
18:46:19,26.3,25.6,86.0,4.2,1.1,3.6
18:46:19,26.3,25.6,85.0,4.2,1.1,3.6
18:46:19,26.3,25.6,84.0,4.2,1.1,3.6
18:46:19,26.3,25.6,82.0,4.2,1.1,3.6
18:46:19,26.3,25.6,83.0,4.2,1.1,3.6
18:46:19,26.2,25.6,84.0,4.2,1.1,3.6
18:46:20,26.2,25.6,84.0,4.2,1.1,3.6
18:46:20,26.2,25.6,83.0,4.2,1.1,3.6
18:46:20,26.3,25.6,82.0,4.2,1.1,3.6
18:46:20,24.5,25.6,96.0,4.288,1.08,3.615
18:46:20,25.8,25.6,82.0,4.2,1.1,3.6
18:46:20,26.2,25.6,68.0,4.2,1.1,3.6
18:46:20,26.2,25.6,67.0,4.2,1.1,3.6
18:46:20,26.3,25.6,72.0,4.2,1.1,3.6
18:46:20,26.3,25.6,77.0,4.2,1.1,3.6
18:46:20,25.4,25.6,91.0,4.2,1.1,3.6
18:46:20,26.1,25.6,77.0,4.2,1.1,3.6
18:46:20,26.3,25.6,69.0,4.2,1.1,3.6
18:46:20,26.3,25.6,73.0,4.2,1.1,3.6
18:46:20,26.3,25.6,79.0,4.2,1.1,3.6
18:46:20,24.5,25.6,93.0,4.267,1.085,3.611
18:46:20,25.8,25.6,79.0,4.2,1.1,3.6
18:46:20,26.2,25.6,65.0,4.2,1.1,3.6
18:46:20,26.3,25.6,66.0,4.2,1.1,3.6
18:46:20,26.3,25.6,75.0,4.2,1.1,3.6
18:46:20,24.5,25.6,89.0,4.265,1.085,3.611
18:46:20,25.8,25.6,75.0,4.2,1.1,3.6
18:46:20,26.2,25.6,61.0,4.2,1.1,3.6
18:46:20,26.3,25.6,64.0,4.2,1.1,3.6
18:46:20,26.3,25.6,73.0,4.2,1.1,3.6
18:46:20,25.4,25.6,87.0,4.2,1.1,3.6
18:46:21,26.1,25.6,73.0,4.2,1.1,3.6
18:46:21,26.3,25.6,65.0,4.2,1.1,3.6
18:46:21,26.4,25.6,73.0,4.2,1.1,3.6
18:46:21,26.3,25.6,78.0,4.2,1.1,3.6
18:46:21,26.3,25.6,80.0,4.2,1.1,3.6
18:46:21,24.5,25.6,94.0,4.237,1.091,3.606
18:46:21,25.9,25.6,80.0,4.2,1.1,3.6
18:46:21,26.2,25.6,66.0,4.2,1.1,3.6
18:46:21,26.3,25.6,66.0,4.2,1.1,3.6
18:46:21,26.3,25.6,72.0,4.2,1.1,3.6
18:46:21,23.8,25.6,86.0,4.676,0.991,3.679
18:46:21,25.6,25.6,72.0,4.2,1.1,3.6
18:46:21,26.2,25.6,58.0,4.2,1.1,3.6
18:46:21,26.3,25.6,57.0,4.2,1.1,3.6
18:46:21,26.3,25.6,68.0,4.2,1.1,3.6
18:46:21,24.8,25.6,82.0,4.2,1.1,3.6
18:46:21,26.4,25.6,68.0,4.2,1.1,3.6
18:46:21,26.8,25.6,54.0,4.304,1.076,3.617
18:46:21,26.9,25.6,55.0,4.371,1.061,3.628
18:46:21,26.5,25.6,69.0,4.2,1.1,3.6
18:46:21,25.4,25.6,83.0,4.2,1.1,3.6
18:46:21,25.2,25.6,97.0,4.2,1.1,3.6
18:46:21,26.1,25.6,83.0,4.2,1.1,3.6
18:46:21,26.3,25.6,69.0,4.2,1.1,3.6
18:46:21,26.3,25.6,68.0,4.2,1.1,3.6
18:46:22,25.9,25.6,82.0,4.2,1.1,3.6
18:46:22,24.4,25.6,96.0,4.295,1.078,3.616
18:46:22,25.9,25.6,82.0,4.2,1.1,3.6
18:46:22,26.2,25.6,68.0,4.2,1.1,3.6
18:46:22,26.3,25.6,65.0,4.2,1.1,3.6
18:46:22,26.3,25.6,71.0,4.2,1.1,3.6
18:46:22,23.5,25.6,85.0,4.875,0.945,3.713
18:46:22,25.6,25.6,71.0,4.2,1.1,3.6
18:46:22,26.2,25.6,57.0,4.2,1.1,3.6
18:46:22,26.3,25.6,55.0,4.2,1.1,3.6
18:46:22,26.7,25.6,47.0,4.276,1.083,3.613
18:46:22,25.9,25.6,61.0,4.2,1.1,3.6
18:46:22,26.7,25.6,56.0,4.247,1.089,3.608
18:46:22,26.9,25.6,59.0,4.357,1.064,3.626
18:46:22,26.9,25.6,68.0,4.364,1.063,3.627
18:46:22,26.9,25.6,72.0,4.385,1.058,3.631
18:46:22,26.9,25.6,74.0,4.395,1.055,3.632
18:46:22,26.1,25.6,88.0,4.2,1.1,3.6
18:46:22,26.7,25.6,74.0,4.275,1.083,3.612
18:46:22,26.8,25.6,68.0,4.349,1.066,3.625
18:46:22,26.9,25.6,71.0,4.377,1.059,3.63
18:46:22,26.9,25.6,74.0,4.383,1.058,3.63
18:46:22,24.3,25.6,88.0,4.35,1.066,3.625
18:46:22,26.2,25.6,74.0,4.2,1.1,3.6
18:46:22,26.7,25.6,60.0,4.262,1.086,3.61
18:46:22,26.9,25.6,53.0,4.355,1.065,3.626
18:46:23,26.9,25.6,64.0,4.382,1.058,3.63
18:46:23,25.1,25.6,78.0,4.2,1.1,3.6
18:46:23,26.4,25.6,64.0,4.2,1.1,3.6
18:46:23,26.8,25.6,51.0,4.316,1.073,3.619
18:46:23,26.9,25.6,61.0,4.358,1.064,3.626
18:46:23,26.9,25.6,67.0,4.39,1.056,3.632
18:46:23,26.0,25.6,81.0,4.2,1.1,3.6
18:46:23,25.8,25.6,95.0,4.2,1.1,3.6
18:46:23,26.6,25.6,81.0,4.225,1.094,3.604
18:46:23,26.8,25.6,67.0,4.344,1.067,3.624
18:46:23,26.9,25.6,65.0,4.376,1.06,3.629
18:46:23,26.9,25.6,72.0,4.373,1.06,3.629
18:46:23,25.1,25.6,86.0,4.2,1.1,3.6
18:46:23,26.5,25.6,72.0,4.2,1.1,3.6
18:46:23,26.8,25.6,58.0,4.305,1.076,3.618
18:46:23,26.9,25.6,60.0,4.374,1.06,3.629
18:46:23,26.9,25.6,68.0,4.385,1.058,3.631
18:46:23,24.2,25.6,82.0,4.428,1.048,3.638
18:46:23,26.2,25.6,68.0,4.2,1.1,3.6
18:46:23,26.7,25.6,54.0,4.258,1.087,3.61
18:46:23,26.9,25.6,51.0,4.36,1.063,3.627
18:46:23,26.9,25.6,62.0,4.384,1.058,3.631
18:46:23,25.9,25.6,76.0,4.2,1.1,3.6
18:46:23,26.7,25.6,62.0,4.245,1.09,3.608
18:46:23,26.8,25.6,62.0,4.346,1.066,3.624
18:46:24,26.9,25.6,67.0,4.38,1.059,3.63
18:46:24,26.9,25.6,72.0,4.384,1.058,3.631
18:46:24,26.9,25.6,75.0,4.372,1.061,3.629
18:46:24,25.6,25.6,89.0,4.2,1.1,3.6
18:46:24,26.2,25.6,82.0,4.2,1.1,3.6
18:46:24,26.3,25.6,77.0,4.2,1.1,3.6
18:46:24,26.3,25.6,80.0,4.2,1.1,3.6
18:46:24,26.3,25.6,76.0,4.2,1.1,3.6
18:46:24,24.6,25.6,90.0,4.227,1.094,3.604
18:46:24,25.9,25.6,76.0,4.2,1.1,3.6
18:46:24,26.2,25.6,62.0,4.2,1.1,3.6
18:46:24,26.3,25.6,62.0,4.2,1.1,3.6
18:46:24,26.4,25.6,70.0,4.2,1.1,3.6
18:46:24,24.5,25.6,84.0,4.232,1.093,3.605
18:46:24,25.9,25.6,70.0,4.2,1.1,3.6
18:46:24,26.2,25.6,56.0,4.2,1.1,3.6
18:46:24,26.3,25.6,63.0,4.2,1.1,3.6
18:46:24,26.4,25.6,68.0,4.2,1.1,3.6
18:46:24,25.4,25.6,82.0,4.2,1.1,3.6
18:46:24,26.1,25.6,68.0,4.2,1.1,3.6
18:46:24,26.3,25.6,64.0,4.2,1.1,3.6
18:46:24,26.4,25.6,70.0,4.2,1.1,3.6
18:46:24,26.3,25.6,77.0,4.2,1.1,3.6
18:46:24,26.3,25.6,78.0,4.2,1.1,3.6
18:46:24,24.6,25.6,92.0,4.209,1.098,3.601
18:46:25,25.9,25.6,78.0,4.2,1.1,3.6
18:46:25,26.2,25.6,64.0,4.2,1.1,3.6
18:46:25,26.3,25.6,62.0,4.2,1.1,3.6
18:46:25,26.3,25.6,73.0,4.2,1.1,3.6
18:46:25,23.8,25.6,87.0,4.706,0.984,3.684
18:46:25,26.0,25.6,73.0,4.2,1.1,3.6
18:46:25,26.7,25.6,59.0,4.239,1.091,3.606
18:46:25,26.8,25.6,45.0,4.344,1.067,3.624
18:46:25,26.9,25.6,59.0,4.35,1.066,3.625
18:46:25,25.1,25.6,73.0,4.2,1.1,3.6
18:46:25,26.4,25.6,59.0,4.2,1.1,3.6
18:46:25,26.8,25.6,49.0,4.299,1.077,3.617
18:46:25,26.9,25.6,56.0,4.379,1.059,3.63
18:46:25,26.9,25.6,67.0,4.373,1.06,3.629
18:46:25,26.9,25.6,72.0,4.365,1.062,3.628
18:46:25,25.9,25.6,86.0,4.2,1.1,3.6
18:46:25,26.6,25.6,72.0,4.205,1.099,3.601
18:46:25,26.8,25.6,61.0,4.344,1.067,3.624
18:46:25,26.9,25.6,66.0,4.373,1.06,3.629
18:46:25,26.9,25.6,71.0,4.375,1.06,3.629
18:46:25,25.0,25.6,85.0,4.2,1.1,3.6
18:46:25,26.4,25.6,71.0,4.2,1.1,3.6
18:46:25,26.8,25.6,57.0,4.297,1.078,3.616
18:46:25,26.9,25.6,58.0,4.355,1.064,3.626
18:46:26,26.5,25.6,72.0,4.2,1.1,3.6
18:46:26,24.5,25.6,86.0,4.253,1.088,3.609
18:46:26,26.3,25.6,72.0,4.2,1.1,3.6
18:46:26,26.4,25.6,58.0,4.2,1.1,3.6
18:46:26,26.8,25.6,50.0,4.293,1.079,3.616
18:46:26,26.9,25.6,58.0,4.354,1.065,3.626
18:46:26,25.5,25.6,72.0,4.2,1.1,3.6
18:46:26,25.6,25.6,86.0,4.2,1.1,3.6
18:46:26,26.6,25.6,72.0,4.2,1.1,3.6
18:46:26,26.8,25.6,58.0,4.309,1.075,3.618
18:46:26,26.4,25.6,72.0,4.2,1.1,3.6
18:46:26,26.3,25.6,84.0,4.2,1.1,3.6
18:46:26,24.6,25.6,98.0,4.213,1.097,3.602
18:46:26,25.9,25.6,84.0,4.2,1.1,3.6
18:46:26,26.3,25.6,70.0,4.2,1.1,3.6
18:46:26,26.3,25.6,66.0,4.2,1.1,3.6
18:46:26,26.3,25.6,71.0,4.2,1.1,3.6
18:46:26,23.7,25.6,85.0,4.742,0.976,3.69
18:46:26,25.7,25.6,71.0,4.2,1.1,3.6
18:46:26,26.1,25.6,57.0,4.2,1.1,3.6
18:46:26,26.3,25.6,55.0,4.2,1.1,3.6
18:46:26,26.3,25.6,67.0,4.2,1.1,3.6
18:46:26,26.3,25.6,72.0,4.2,1.1,3.6
18:46:26,26.3,25.6,76.0,4.2,1.1,3.6
18:46:26,26.3,25.6,74.0,4.2,1.1,3.6
18:46:27,26.3,25.6,78.0,4.2,1.1,3.6
18:46:27,26.2,25.6,80.0,4.2,1.1,3.6
18:46:27,26.2,25.6,79.0,4.2,1.1,3.6
18:46:27,26.3,25.6,78.0,4.2,1.1,3.6
18:46:27,26.2,25.6,79.0,4.2,1.1,3.6
18:46:27,26.2,25.6,79.0,4.2,1.1,3.6
18:46:27,26.2,25.6,79.0,4.2,1.1,3.6
18:46:27,26.2,25.6,79.0,4.2,1.1,3.6
18:46:27,26.2,25.6,80.0,4.2,1.1,3.6
18:46:27,26.2,25.6,78.0,4.2,1.1,3.6
18:46:27,26.3,25.6,77.0,4.2,1.1,3.6
18:46:27,26.2,25.6,78.0,4.2,1.1,3.6
18:46:27,26.3,25.6,77.0,4.2,1.1,3.6
18:46:27,26.3,25.6,78.0,4.2,1.1,3.6
18:46:27,26.2,25.6,79.0,4.2,1.1,3.6
18:46:27,26.3,25.6,78.0,4.2,1.1,3.6
18:46:27,26.3,25.6,78.0,4.2,1.1,3.6
18:46:27,26.3,25.6,78.0,4.2,1.1,3.6
18:46:27,26.3,25.6,78.0,4.2,1.1,3.6
18:46:27,26.2,25.6,79.0,4.2,1.1,3.6
18:46:27,26.7,25.6,65.0,4.233,1.092,3.606
18:46:27,26.4,25.6,79.0,4.2,1.1,3.6
18:46:27,26.7,25.6,65.0,4.278,1.082,3.613
18:46:27,26.8,25.6,65.0,4.324,1.072,3.621
18:46:27,26.8,25.6,68.0,4.344,1.067,3.624
18:46:28,26.9,25.6,71.0,4.357,1.064,3.626
18:46:28,26.9,25.6,72.0,4.364,1.063,3.627
18:46:28,26.9,25.6,74.0,4.356,1.064,3.626
18:46:28,26.8,25.6,77.0,4.325,1.071,3.621
18:46:28,26.8,25.6,74.0,4.347,1.066,3.625
18:46:28,26.9,25.6,74.0,4.358,1.064,3.626
18:46:28,26.9,25.6,75.0,4.351,1.065,3.625
18:46:28,26.9,25.6,74.0,4.362,1.063,3.627
18:46:28,26.9,25.6,73.0,4.378,1.059,3.63
18:46:28,26.9,25.6,74.0,4.37,1.061,3.628
18:46:28,26.9,25.6,74.0,4.368,1.062,3.628
18:46:28,26.9,25.6,75.0,4.364,1.063,3.627
18:46:28,26.8,25.6,76.0,4.349,1.066,3.625
18:46:28,26.9,25.6,74.0,4.358,1.064,3.626
18:46:28,26.9,25.6,74.0,4.358,1.064,3.626
18:46:28,25.1,25.6,88.0,4.2,1.1,3.6
18:46:28,26.4,25.6,74.0,4.2,1.1,3.6
18:46:28,26.7,25.6,60.0,4.245,1.09,3.608
18:46:28,26.8,25.6,57.0,4.33,1.07,3.622
18:46:28,26.9,25.6,63.0,4.362,1.063,3.627
18:46:28,24.2,25.6,77.0,4.447,1.043,3.641
18:46:28,26.1,25.6,63.0,4.2,1.1,3.6
18:46:28,26.7,25.6,49.0,4.242,1.09,3.607
18:46:28,26.8,25.6,48.0,4.336,1.069,3.623
18:46:28,26.8,25.6,61.0,4.338,1.068,3.623
18:46:28,24.6,25.6,75.0,4.2,1.1,3.6
18:46:29,25.9,25.6,68.0,4.2,1.1,3.6
18:46:29,26.2,25.6,58.0,4.2,1.1,3.6
18:46:29,26.3,25.6,63.0,4.2,1.1,3.6
18:46:29,26.3,25.6,69.0,4.2,1.1,3.6
18:46:29,26.3,25.6,73.0,4.2,1.1,3.6
18:46:29,25.1,25.6,87.0,4.2,1.1,3.6
18:46:29,26.0,25.6,73.0,4.2,1.1,3.6
18:46:29,25.9,25.6,76.0,4.2,1.1,3.6
18:46:29,25.8,25.6,79.0,4.2,1.1,3.6
18:46:29,25.8,25.6,79.0,4.2,1.1,3.6
18:46:29,23.0,25.6,93.0,5.134,0.886,3.756
18:46:29,24.6,25.6,79.0,4.2,1.1,3.6
18:46:29,25.2,25.6,65.0,4.2,1.1,3.6
18:46:29,24.9,25.6,79.0,4.2,1.1,3.6
18:46:29,24.8,25.6,85.0,4.2,1.1,3.6
18:46:29,23.2,25.6,99.0,5.029,0.91,3.738
18:46:29,24.4,25.6,85.0,4.311,1.075,3.618
18:46:29,24.4,25.6,79.0,4.341,1.068,3.623
18:46:29,24.3,25.6,84.0,4.361,1.063,3.627
18:46:29,24.3,25.6,86.0,4.38,1.059,3.63
18:46:29,23.5,25.6,100.0,4.842,0.953,3.707
18:46:29,23.0,25.6,114.0,5.15,0.882,3.758
18:46:29,23.6,25.6,100.0,4.791,0.965,3.699
18:46:29,23.8,25.6,86.0,4.686,0.989,3.681
18:46:30,24.1,25.6,72.0,4.486,1.034,3.648
18:46:30,24.2,25.6,70.0,4.412,1.051,3.635
18:46:30,22.8,25.6,84.0,5.309,0.846,3.785
18:46:30,24.2,25.6,70.0,4.418,1.05,3.636
18:46:30,24.6,25.6,56.0,4.2,1.1,3.6
18:46:30,25.0,25.6,47.0,4.2,1.1,3.6
18:46:30,25.2,25.6,56.0,4.2,1.1,3.6
18:46:30,22.9,25.6,70.0,5.232,0.863,3.772
18:46:30,25.0,25.6,56.0,4.2,1.1,3.6
18:46:30,25.6,25.6,42.0,4.2,1.1,3.6
18:46:30,25.8,25.6,47.0,4.2,1.1,3.6
18:46:30,25.8,25.6,61.0,4.2,1.1,3.6
18:46:30,24.9,25.6,75.0,4.2,1.1,3.6
18:46:30,25.6,25.6,62.0,4.2,1.1,3.6
18:46:30,25.8,25.6,65.0,4.2,1.1,3.6
18:46:30,25.9,25.6,68.0,4.2,1.1,3.6
18:46:30,25.8,25.6,78.0,4.2,1.1,3.6
18:46:30,25.8,25.6,79.0,4.2,1.1,3.6
18:46:30,25.0,25.6,93.0,4.2,1.1,3.6
18:46:30,25.6,25.6,79.0,4.2,1.1,3.6
18:46:30,25.8,25.6,68.0,4.2,1.1,3.6
18:46:30,25.4,25.6,82.0,4.2,1.1,3.6
18:46:30,25.3,25.6,90.0,4.2,1.1,3.6
18:46:30,23.7,25.6,104.0,4.759,0.972,3.693
18:46:30,24.9,25.6,90.0,4.2,1.1,3.6
18:46:31,25.2,25.6,76.0,4.2,1.1,3.6
18:46:31,25.3,25.6,66.0,4.2,1.1,3.6
18:46:31,25.3,25.6,76.0,4.2,1.1,3.6
18:46:31,23.7,25.6,90.0,4.767,0.97,3.694
18:46:31,24.9,25.6,76.0,4.2,1.1,3.6
18:46:31,25.2,25.6,62.0,4.2,1.1,3.6
18:46:31,25.3,25.6,66.0,4.2,1.1,3.6
18:46:31,25.3,25.6,76.0,4.2,1.1,3.6
18:46:31,24.5,25.6,90.0,4.288,1.08,3.615
18:46:31,24.2,25.6,104.0,4.417,1.05,3.636
18:46:31,25.1,25.6,90.0,4.2,1.1,3.6
18:46:31,25.3,25.6,76.0,4.2,1.1,3.6
18:46:31,25.3,25.6,71.0,4.2,1.1,3.6
18:46:31,25.3,25.6,75.0,4.2,1.1,3.6
18:46:31,23.7,25.6,89.0,4.733,0.978,3.689
18:46:31,24.9,25.6,75.0,4.2,1.1,3.6
18:46:31,25.2,25.6,61.0,4.2,1.1,3.6
18:46:31,25.3,25.6,68.0,4.2,1.1,3.6
18:46:31,25.3,25.6,76.0,4.2,1.1,3.6
18:46:31,22.9,25.6,90.0,5.198,0.871,3.766
18:46:31,24.7,25.6,76.0,4.2,1.1,3.6
18:46:31,25.1,25.6,62.0,4.2,1.1,3.6
18:46:31,25.2,25.6,63.0,4.2,1.1,3.6
18:46:31,25.3,25.6,70.0,4.2,1.1,3.6
18:46:31,23.6,25.6,84.0,4.796,0.963,3.699
18:46:32,24.9,25.6,70.0,4.2,1.1,3.6
18:46:32,24.8,25.6,76.0,4.2,1.1,3.6
18:46:32,24.8,25.6,82.0,4.2,1.1,3.6
18:46:32,24.8,25.6,84.0,4.2,1.1,3.6
18:46:32,24.8,25.6,85.0,4.2,1.1,3.6
18:46:32,24.0,25.6,99.0,4.564,1.017,3.661
18:46:32,24.6,25.6,85.0,4.2,1.1,3.6
18:46:32,24.8,25.6,74.0,4.2,1.1,3.6
18:46:32,24.8,25.6,79.0,4.2,1.1,3.6
18:46:32,24.8,25.6,82.0,4.2,1.1,3.6
18:46:32,22.5,25.6,96.0,5.448,0.814,3.808
18:46:32,24.1,25.6,82.0,4.476,1.037,3.646
18:46:32,24.7,25.6,68.0,4.2,1.1,3.6
18:46:32,24.8,25.6,64.0,4.2,1.1,3.6
18:46:32,24.8,25.6,72.0,4.2,1.1,3.6
18:46:32,23.2,25.6,86.0,5.026,0.911,3.738
18:46:32,24.4,25.6,72.0,4.335,1.069,3.623
18:46:32,24.7,25.6,63.0,4.2,1.1,3.6
18:46:32,24.8,25.6,70.0,4.2,1.1,3.6
18:46:32,24.8,25.6,78.0,4.2,1.1,3.6
18:46:32,24.0,25.6,92.0,4.563,1.017,3.661
18:46:32,24.6,25.6,78.0,4.2,1.1,3.6
18:46:32,24.8,25.6,73.0,4.2,1.1,3.6
18:46:32,24.8,25.6,80.0,4.2,1.1,3.6
18:46:32,24.8,25.6,82.0,4.2,1.1,3.6
18:46:32,24.8,25.6,83.0,4.2,1.1,3.6
18:46:33,23.2,25.6,97.0,5.024,0.911,3.737
18:46:33,24.4,25.6,83.0,4.338,1.068,3.623
18:46:33,24.7,25.6,69.0,4.2,1.1,3.6
18:46:33,24.8,25.6,71.0,4.2,1.1,3.6
18:46:33,24.8,25.6,77.0,4.2,1.1,3.6
18:46:33,22.6,25.6,91.0,5.43,0.818,3.805
18:46:33,24.1,25.6,77.0,4.476,1.037,3.646
18:46:33,24.6,25.6,63.0,4.2,1.1,3.6
18:46:33,24.8,25.6,65.0,4.2,1.1,3.6
18:46:33,24.8,25.6,73.0,4.2,1.1,3.6
18:46:33,23.2,25.6,87.0,5.034,0.909,3.739
18:46:33,24.4,25.6,73.0,4.338,1.068,3.623
18:46:33,24.7,25.6,63.0,4.2,1.1,3.6
18:46:33,24.7,25.6,73.0,4.2,1.1,3.6
18:46:33,24.8,25.6,78.0,4.2,1.1,3.6
18:46:33,24.8,25.6,82.0,4.2,1.1,3.6
18:46:33,24.0,25.6,96.0,4.551,1.02,3.659
18:46:33,24.6,25.6,82.0,4.2,1.1,3.6
18:46:33,24.8,25.6,74.0,4.2,1.1,3.6
18:46:33,24.8,25.7,85.0,4.2,1.1,3.6
18:46:33,24.8,25.7,86.0,4.2,1.1,3.6
18:46:33,23.3,25.7,100.0,5.067,0.901,3.745
18:46:33,24.4,25.7,86.0,4.393,1.056,3.632
18:46:33,24.7,25.7,72.0,4.221,1.095,3.603
18:46:33,24.8,25.7,73.0,4.2,1.1,3.6
18:46:34,24.8,26.5,87.0,4.622,1.003,3.67
18:46:34,22.5,27.1,101.0,6.367,0.603,3.961
18:46:34,24.2,27.1,100.0,5.362,0.834,3.794
18:46:34,24.6,27.5,96.0,5.323,0.843,3.787
18:46:34,24.7,27.7,102.0,5.371,0.832,3.795
18:46:34,24.8,27.7,98.0,5.329,0.841,3.788
18:46:34,24.3,27.9,112.0,5.776,0.739,3.863
18:46:34,25.1,27.9,98.0,5.298,0.848,3.783
18:46:34,25.3,27.9,84.0,5.16,0.88,3.76
18:46:34,25.4,28.0,90.0,5.187,0.874,3.765
18:46:34,25.6,28.0,80.0,5.024,0.911,3.737
18:46:34,25.8,28.2,92.0,5.065,0.902,3.744
18:46:34,25.0,28.2,106.0,5.52,0.798,3.82
18:46:34,26.0,28.3,92.0,4.989,0.919,3.731
18:46:34,26.3,28.3,78.0,4.818,0.958,3.703
18:46:34,26.3,28.3,82.0,4.81,0.96,3.702
18:46:34,26.3,28.4,91.0,4.84,0.953,3.707
18:46:34,23.8,28.6,105.0,6.469,0.58,3.978
18:46:34,26.0,28.6,91.0,5.139,0.885,3.756
18:46:34,26.7,28.9,77.0,4.942,0.93,3.724
18:46:34,26.9,29.0,75.0,4.883,0.944,3.714
18:46:34,26.9,29.1,89.0,4.92,0.935,3.72
18:46:34,25.2,29.1,103.0,5.961,0.696,3.894
18:46:34,26.9,29.1,89.0,4.892,0.941,3.715
18:46:35,27.4,29.1,75.0,4.602,1.008,3.667
18:46:35,27.5,29.1,66.0,4.532,1.024,3.655
18:46:35,27.6,29.1,77.0,4.494,1.033,3.649
18:46:35,26.6,29.1,91.0,5.083,0.898,3.747
18:46:35,27.4,29.1,79.0,4.639,0.999,3.673
18:46:35,27.6,29.1,75.0,4.502,1.031,3.65
18:46:35,27.6,29.1,84.0,4.495,1.032,3.649
18:46:35,27.6,29.1,90.0,4.51,1.029,3.652
18:46:35,27.6,29.1,91.0,4.501,1.031,3.65
18:46:35,27.6,29.1,94.0,4.519,1.027,3.653
18:46:35,28.0,29.1,80.0,4.268,1.085,3.611
18:46:35,27.6,29.1,94.0,4.482,1.035,3.647
18:46:35,28.0,29.1,80.0,4.253,1.088,3.609
18:46:35,27.7,29.1,94.0,4.448,1.043,3.641
18:46:35,27.6,29.1,103.0,4.513,1.028,3.652
18:46:35,27.6,29.1,98.0,4.512,1.029,3.652
18:46:35,27.9,29.1,84.0,4.308,1.075,3.618
18:46:35,27.6,29.1,98.0,4.474,1.037,3.646
18:46:35,27.5,29.1,102.0,4.534,1.023,3.656
18:46:35,27.6,29.1,97.0,4.522,1.026,3.654
18:46:35,28.1,29.1,83.0,4.219,1.096,3.603
18:46:35,27.7,29.1,97.0,4.464,1.039,3.644
18:46:35,28.0,29.1,83.0,4.276,1.083,3.613
18:46:35,27.6,29.1,97.0,4.475,1.037,3.646
18:46:35,27.5,29.1,104.0,4.531,1.024,3.655
18:46:35,27.6,29.1,98.0,4.517,1.027,3.653
18:46:36,27.5,29.1,98.0,4.537,1.023,3.656
18:46:36,27.5,29.1,98.0,4.553,1.019,3.659
18:46:36,27.5,29.1,95.0,4.531,1.024,3.655
18:46:36,27.5,29.1,96.0,4.548,1.02,3.658
18:46:36,27.5,29.1,96.0,4.553,1.019,3.659
18:46:36,27.5,29.1,98.0,4.578,1.013,3.663
18:46:36,27.5,29.1,97.0,4.582,1.012,3.664
18:46:36,27.5,29.1,96.0,4.577,1.014,3.663
18:46:36,27.5,29.1,94.0,4.558,1.018,3.66
18:46:36,27.6,29.1,93.0,4.529,1.025,3.655
18:46:36,27.5,29.1,95.0,4.534,1.024,3.656
18:46:36,27.5,29.1,98.0,4.569,1.015,3.661
18:46:36,27.5,29.1,96.0,4.556,1.018,3.659
18:46:36,27.5,29.1,98.0,4.576,1.014,3.663
18:46:36,27.5,29.1,95.0,4.548,1.02,3.658
18:46:36,28.0,29.1,81.0,4.287,1.08,3.614
18:46:36,28.1,29.1,79.0,4.23,1.093,3.605
18:46:36,27.7,29.1,93.0,4.451,1.043,3.642
18:46:36,27.5,29.1,107.0,4.544,1.021,3.657
18:46:36,27.5,29.1,102.0,4.538,1.022,3.656
18:46:36,27.5,29.1,100.0,4.553,1.019,3.659
18:46:36,27.6,29.1,95.0,4.517,1.027,3.653
18:46:36,28.0,29.1,81.0,4.267,1.085,3.611
18:46:36,28.1,29.1,81.0,4.227,1.094,3.605
18:46:37,28.1,29.1,87.0,4.219,1.096,3.603
18:46:37,25.0,29.1,101.0,6.042,0.678,3.907
18:46:37,26.9,29.1,87.0,4.916,0.936,3.719
18:46:37,27.4,29.1,73.0,4.602,1.008,3.667
18:46:37,27.5,29.1,76.0,4.539,1.022,3.656
18:46:37,27.6,29.1,85.0,4.52,1.027,3.653
18:46:37,25.7,29.1,99.0,5.656,0.766,3.843
18:46:37,27.1,29.1,85.0,4.811,0.96,3.702
18:46:37,27.5,29.1,71.0,4.588,1.011,3.665
18:46:37,27.6,29.1,77.0,4.517,1.027,3.653
18:46:37,27.6,29.1,87.0,4.513,1.028,3.652
18:46:37,27.6,29.1,93.0,4.526,1.025,3.654
18:46:37,26.6,29.1,107.0,5.074,0.9,3.746
18:46:37,27.3,29.1,93.0,4.653,0.996,3.676
18:46:37,27.5,29.1,82.0,4.534,1.024,3.656
18:46:37,27.6,29.1,89.0,4.525,1.026,3.654
18:46:37,27.6,29.1,92.0,4.512,1.028,3.652
18:46:37,24.9,29.1,106.0,6.114,0.661,3.919
18:46:37,26.9,29.1,92.0,4.948,0.929,3.725
18:46:37,27.4,29.1,78.0,4.629,1.002,3.671
18:46:37,27.6,29.1,71.0,4.519,1.027,3.653
18:46:37,27.6,29.1,83.0,4.511,1.029,3.652
18:46:37,25.7,29.1,97.0,5.623,0.774,3.837
18:46:37,27.1,29.1,83.0,4.794,0.964,3.699
18:46:37,27.5,29.1,69.0,4.552,1.019,3.659
18:46:37,27.6,29.1,80.0,4.51,1.029,3.652
18:46:38,27.6,29.1,89.0,4.508,1.029,3.651
18:46:38,26.6,29.1,103.0,5.1,0.894,3.75
18:46:38,26.4,29.1,117.0,5.234,0.863,3.772
18:46:38,27.3,29.1,103.0,4.687,0.988,3.681
18:46:38,27.6,29.1,89.0,4.527,1.025,3.654
18:46:38,27.6,29.1,84.0,4.509,1.029,3.652
18:46:38,27.6,29.1,91.0,4.497,1.032,3.65
18:46:38,25.8,29.1,105.0,5.599,0.779,3.833
18:46:38,27.1,29.1,91.0,4.8,0.962,3.7
18:46:38,27.5,29.1,77.0,4.567,1.016,3.661
18:46:38,27.6,29.1,81.0,4.515,1.028,3.652
18:46:38,27.5,29.1,92.0,4.536,1.023,3.656
18:46:38,24.9,29.1,106.0,6.113,0.661,3.919
18:46:38,27.3,29.1,92.0,4.668,0.993,3.678
18:46:38,27.5,29.1,78.0,4.548,1.02,3.658
18:46:38,27.6,29.1,80.0,4.509,1.029,3.651
18:46:38,28.0,29.1,67.0,4.243,1.09,3.607
18:46:38,25.8,29.1,81.0,5.582,0.783,3.83
18:46:38,27.1,29.1,85.0,4.771,0.969,3.695
18:46:38,27.5,29.1,77.0,4.572,1.015,3.662
18:46:38,27.6,29.1,83.0,4.513,1.028,3.652
18:46:38,27.6,29.1,91.0,4.509,1.029,3.651
18:46:38,27.6,29.1,96.0,4.514,1.028,3.652
18:46:38,26.7,29.1,110.0,5.058,0.903,3.743
18:46:38,27.3,29.1,96.0,4.652,0.996,3.675
18:46:39,27.5,29.1,87.0,4.543,1.021,3.657
18:46:39,27.6,29.1,92.0,4.528,1.025,3.655
18:46:39,27.5,29.1,98.0,4.547,1.02,3.658
18:46:39,25.7,29.1,112.0,5.636,0.771,3.839
18:46:39,27.1,29.1,98.0,4.829,0.956,3.705
18:46:39,27.5,29.1,84.0,4.59,1.011,3.665
18:46:39,27.6,29.1,82.0,4.525,1.026,3.654
18:46:39,27.5,29.1,93.0,4.546,1.021,3.658
18:46:39,24.9,29.1,107.0,6.132,0.657,3.922
18:46:39,27.4,29.1,93.0,4.645,0.998,3.674
18:46:39,28.0,29.1,79.0,4.259,1.086,3.61
18:46:39,28.2,29.1,65.0,4.2,1.1,3.6
18:46:39,27.8,29.1,79.0,4.387,1.057,3.631
18:46:39,26.1,29.1,93.0,5.393,0.827,3.799
18:46:39,27.7,29.1,79.0,4.466,1.039,3.644
18:46:39,27.6,29.1,86.0,4.471,1.038,3.645
18:46:39,28.0,29.1,75.0,4.25,1.089,3.608
18:46:39,27.7,29.1,89.0,4.419,1.05,3.637
18:46:39,27.6,29.1,103.0,4.477,1.036,3.646
18:46:39,26.7,29.1,117.0,5.032,0.909,3.739
18:46:39,27.4,29.1,103.0,4.647,0.998,3.675
18:46:39,27.5,29.1,91.0,4.545,1.021,3.658
18:46:39,27.6,29.1,93.0,4.508,1.029,3.651
18:46:39,27.6,29.1,97.0,4.507,1.03,3.651
18:46:40,25.9,29.1,111.0,5.496,0.803,3.816
18:46:40,27.1,29.1,97.0,4.787,0.966,3.698
18:46:40,27.5,29.1,83.0,4.584,1.012,3.664
18:46:40,27.6,29.1,85.0,4.513,1.028,3.652
18:46:40,27.6,29.1,93.0,4.505,1.03,3.651
18:46:40,24.9,29.1,107.0,6.145,0.654,3.924
18:46:40,26.8,29.1,93.0,4.95,0.928,3.725
18:46:40,27.4,29.1,79.0,4.64,0.999,3.673
18:46:40,28.0,29.1,65.0,4.247,1.089,3.608
18:46:40,27.7,29.1,79.0,4.439,1.045,3.64
18:46:40,26.6,29.1,93.0,5.091,0.896,3.749
18:46:40,27.4,29.1,92.0,4.641,0.999,3.674
18:46:40,27.6,29.1,88.0,4.527,1.025,3.654
18:46:40,28.0,29.1,74.0,4.238,1.091,3.606
18:46:40,27.7,29.1,88.0,4.419,1.05,3.637
18:46:40,28.1,29.1,84.0,4.206,1.099,3.601
18:46:40,27.0,29.1,98.0,4.843,0.953,3.707
18:46:40,27.5,29.1,104.0,4.587,1.011,3.665
18:46:40,27.6,29.1,98.0,4.514,1.028,3.652
18:46:40,27.6,29.1,99.0,4.495,1.032,3.649
18:46:40,27.6,29.1,99.0,4.479,1.036,3.647
18:46:40,25.0,29.1,113.0,6.086,0.668,3.914
18:46:40,26.9,29.1,99.0,4.936,0.931,3.723
18:46:40,27.4,29.1,85.0,4.622,1.003,3.67
18:46:40,27.6,29.1,78.0,4.524,1.026,3.654
18:46:40,27.5,29.1,91.0,4.532,1.024,3.655
18:46:41,25.7,29.1,105.0,5.635,0.771,3.839
18:46:41,27.1,29.1,91.0,4.804,0.962,3.701
18:46:41,27.5,29.1,77.0,4.579,1.013,3.663
18:46:41,27.5,29.1,86.0,4.532,1.024,3.655
18:46:41,27.6,29.1,92.0,4.497,1.032,3.65
18:46:41,26.6,29.1,106.0,5.075,0.899,3.746
18:46:41,27.4,29.1,92.0,4.65,0.997,3.675
18:46:41,27.6,29.1,88.0,4.526,1.025,3.654
18:46:41,27.6,29.1,95.0,4.509,1.029,3.652
18:46:41,27.5,29.1,101.0,4.531,1.024,3.655
18:46:41,27.6,29.1,101.0,4.507,1.03,3.651
18:46:41,26.7,29.1,115.0,5.025,0.911,3.738
18:46:41,27.4,29.1,101.0,4.621,1.003,3.67
18:46:41,27.5,29.1,92.0,4.538,1.023,3.656
18:46:41,27.6,29.1,94.0,4.485,1.035,3.648
18:46:41,27.6,29.1,102.0,4.517,1.027,3.653
18:46:41,24.9,29.1,116.0,6.113,0.662,3.919
18:46:41,26.9,29.1,102.0,4.941,0.93,3.723
18:46:41,27.4,29.1,88.0,4.63,1.001,3.672
18:46:41,27.5,29.1,79.0,4.537,1.023,3.656
18:46:41,27.6,29.1,90.0,4.509,1.029,3.651
18:46:41,25.8,29.1,104.0,5.597,0.78,3.833
18:46:41,27.1,29.1,90.0,4.786,0.966,3.698
18:46:41,28.0,29.1,76.0,4.273,1.083,3.612
18:46:41,27.7,29.1,90.0,4.454,1.042,3.642
18:46:42,27.6,29.1,104.0,4.508,1.029,3.651
18:46:42,26.6,29.1,118.0,5.112,0.891,3.752
18:46:42,26.4,29.1,130.0,5.219,0.866,3.77
18:46:42,27.3,29.1,116.0,4.7,0.985,3.683
18:46:42,27.9,29.1,102.0,4.297,1.078,3.616
18:46:42,27.7,29.1,94.0,4.43,1.047,3.638
18:46:42,28.1,29.1,82.0,4.22,1.095,3.603
18:46:42,26.2,29.1,96.0,5.329,0.841,3.788
18:46:42,27.7,29.1,82.0,4.468,1.039,3.645
18:46:42,27.7,29.1,92.0,4.464,1.039,3.644
18:46:42,27.6,29.1,101.0,4.494,1.033,3.649
18:46:42,28.0,29.1,87.0,4.257,1.087,3.609
18:46:42,25.0,29.1,101.0,6.032,0.68,3.905
18:46:42,26.9,29.1,91.0,4.913,0.937,3.719
18:46:42,27.4,29.1,77.0,4.612,1.006,3.669
18:46:42,28.0,29.1,63.0,4.242,1.09,3.607
18:46:42,27.7,29.1,77.0,4.421,1.049,3.637
18:46:42,25.8,29.1,91.0,5.582,0.783,3.83
18:46:42,27.1,29.1,92.0,4.785,0.966,3.697
18:46:42,27.5,29.1,82.0,4.573,1.014,3.662
18:46:42,28.0,29.1,68.0,4.259,1.086,3.61
18:46:42,27.8,29.1,82.0,4.405,1.053,3.634
18:46:42,26.6,29.1,96.0,5.087,0.897,3.748
18:46:42,26.4,29.1,110.0,5.212,0.868,3.769
18:46:43,27.3,29.1,96.0,4.698,0.986,3.683
18:46:43,27.5,29.1,85.0,4.55,1.02,3.658
18:46:43,27.6,29.1,93.0,4.513,1.028,3.652
18:46:43,28.0,29.1,79.0,4.245,1.09,3.607
18:46:43,25.9,29.1,93.0,5.523,0.797,3.821
18:46:43,27.1,29.1,96.0,4.774,0.968,3.696
18:46:43,27.9,29.1,82.0,4.291,1.079,3.615
18:46:43,27.7,29.1,96.0,4.449,1.043,3.641
18:46:43,27.6,29.1,105.0,4.486,1.034,3.648
18:46:43,25.3,29.1,119.0,5.906,0.709,3.884
18:46:43,27.0,29.1,105.0,4.872,0.946,3.712
18:46:43,27.5,29.1,91.0,4.568,1.016,3.661
18:46:43,27.6,29.1,85.0,4.505,1.03,3.651
18:46:43,28.0,29.1,75.0,4.246,1.09,3.608
18:46:43,25.8,29.1,89.0,5.574,0.785,3.829
18:46:43,27.1,29.1,96.0,4.793,0.964,3.699
18:46:43,27.5,29.1,83.0,4.558,1.018,3.66
18:46:43,27.6,29.1,91.0,4.505,1.03,3.651
18:46:43,28.0,29.1,79.0,4.264,1.085,3.611
18:46:43,28.1,29.1,86.0,4.2,1.1,3.6
18:46:43,27.8,29.1,100.0,4.408,1.052,3.635
18:46:43,27.6,29.1,114.0,4.491,1.033,3.648
18:46:43,27.5,29.1,117.0,4.539,1.022,3.657
18:46:43,27.9,29.1,103.0,4.291,1.079,3.615
18:46:43,27.6,29.1,116.0,4.483,1.035,3.647
18:46:43,27.6,29.1,114.0,4.51,1.029,3.652
18:46:44,27.6,29.1,112.0,4.514,1.028,3.652
18:46:44,27.6,29.1,111.0,4.523,1.026,3.654
18:46:44,28.0,29.1,97.0,4.279,1.082,3.613
18:46:44,28.1,29.1,93.0,4.217,1.096,3.603
18:46:44,27.6,29.1,107.0,4.474,1.037,3.646
18:46:44,27.6,29.1,118.0,4.507,1.03,3.651
18:46:44,27.6,29.1,114.0,4.517,1.027,3.653
18:46:44,27.5,29.1,113.0,4.534,1.024,3.656
18:46:44,27.5,29.1,112.0,4.542,1.022,3.657
18:46:44,27.5,29.1,111.0,4.551,1.02,3.659
18:46:44,27.5,29.1,109.0,4.534,1.024,3.656
18:46:44,27.5,29.1,110.0,4.542,1.022,3.657
18:46:44,27.5,29.1,109.0,4.534,1.023,3.656
18:46:44,27.5,29.1,110.0,4.535,1.023,3.656
18:46:44,27.6,29.1,109.0,4.529,1.025,3.655
18:46:44,27.9,29.1,95.0,4.299,1.077,3.616
18:46:44,28.0,29.1,95.0,4.251,1.088,3.608
18:46:44,27.7,29.1,109.0,4.42,1.05,3.637
18:46:44,27.6,29.1,120.0,4.518,1.027,3.653
18:46:44,27.6,29.1,114.0,4.507,1.03,3.651
18:46:44,27.5,29.1,117.0,4.568,1.016,3.661
18:46:44,27.5,29.1,113.0,4.562,1.017,3.66
18:46:44,27.5,29.1,112.0,4.561,1.017,3.66
18:46:44,27.5,29.1,109.0,4.536,1.023,3.656
18:46:44,27.5,29.1,111.0,4.546,1.021,3.658
18:46:45,27.1,29.1,125.0,4.814,0.959,3.702
18:46:45,26.9,29.1,130.0,4.936,0.931,3.723
18:46:45,26.8,29.1,126.0,4.951,0.928,3.725
18:46:45,26.9,29.1,119.0,4.932,0.932,3.722
18:46:45,26.4,29.1,130.0,5.205,0.87,3.768
18:46:45,26.3,29.1,130.0,5.275,0.854,3.779
18:46:45,26.3,29.1,129.0,5.296,0.849,3.783
18:46:45,25.9,29.1,130.0,5.527,0.796,3.821
18:46:45,25.8,29.1,130.0,5.6,0.779,3.833
18:46:45,25.4,29.1,130.0,5.807,0.732,3.868
18:46:45,25.0,29.1,130.0,6.084,0.668,3.914
18:46:45,22.5,29.1,130.0,6.6,0.55,4.0
18:46:45,23.8,29.1,130.0,6.6,0.55,4.0
18:46:45,24.2,29.1,122.0,6.562,0.559,3.994
18:46:45,23.9,29.1,130.0,6.6,0.55,4.0
18:46:45,23.8,29.1,130.0,6.6,0.55,4.0
18:46:45,22.1,29.1,130.0,6.6,0.55,4.0
18:46:45,23.1,29.1,130.0,6.6,0.55,4.0
18:46:45,22.9,29.1,130.0,6.6,0.55,4.0
18:46:45,22.6,29.1,130.0,6.6,0.55,4.0
18:46:45,22.5,29.1,130.0,6.6,0.55,4.0
18:46:45,22.0,29.1,130.0,6.6,0.55,4.0
18:46:45,22.3,29.1,130.0,6.6,0.55,4.0
18:46:45,23.1,29.1,116.0,6.6,0.55,4.0
18:46:46,23.3,29.1,115.0,6.6,0.55,4.0
18:46:46,23.6,29.1,110.0,6.6,0.55,4.0
18:46:46,23.8,29.1,118.0,6.6,0.55,4.0
18:46:46,22.4,29.1,130.0,6.6,0.55,4.0
18:46:46,23.5,29.1,119.0,6.6,0.55,4.0
18:46:46,24.0,29.1,105.0,6.6,0.55,4.0
18:46:46,24.2,29.1,108.0,6.515,0.569,3.986
18:46:46,24.3,29.1,121.0,6.494,0.574,3.982
18:46:46,22.8,29.1,130.0,6.6,0.55,4.0
18:46:46,23.9,29.1,117.0,6.6,0.55,4.0
18:46:46,24.2,29.1,114.0,6.535,0.565,3.989
18:46:46,24.3,29.1,123.0,6.502,0.572,3.984
18:46:46,24.0,29.1,130.0,6.6,0.55,4.0
18:46:46,23.1,29.1,130.0,6.6,0.55,4.0
18:46:46,23.7,29.1,130.0,6.6,0.55,4.0
18:46:46,23.9,29.1,130.0,6.6,0.55,4.0
18:46:46,23.8,29.1,130.0,6.6,0.55,4.0
18:46:46,23.9,29.1,130.0,6.6,0.55,4.0
18:46:46,23.9,29.1,130.0,6.6,0.55,4.0
18:46:46,22.5,29.1,130.0,6.6,0.55,4.0
18:46:46,23.2,29.1,130.0,6.6,0.55,4.0
18:46:46,23.4,29.1,130.0,6.6,0.55,4.0
18:46:46,23.4,29.1,130.0,6.6,0.55,4.0
18:46:46,23.0,29.1,130.0,6.6,0.55,4.0
18:46:46,21.1,29.1,130.0,6.6,0.55,4.0
18:46:47,22.4,29.1,130.0,6.6,0.55,4.0
18:46:47,23.1,29.1,116.0,6.6,0.55,4.0
18:46:47,23.3,29.1,117.0,6.6,0.55,4.0
18:46:47,23.4,29.1,130.0,6.6,0.55,4.0
18:46:47,22.0,29.1,130.0,6.6,0.55,4.0
18:46:47,23.1,29.1,125.0,6.6,0.55,4.0
18:46:47,23.4,29.1,122.0,6.6,0.55,4.0
18:46:47,23.4,29.1,130.0,6.6,0.55,4.0
18:46:47,23.4,29.1,130.0,6.6,0.55,4.0
18:46:47,23.4,29.1,130.0,6.6,0.55,4.0
18:46:47,23.0,29.1,130.0,6.6,0.55,4.0
18:46:47,23.6,29.1,124.0,6.6,0.55,4.0
18:46:47,23.8,29.1,126.0,6.6,0.55,4.0
18:46:47,23.8,29.1,130.0,6.6,0.55,4.0
18:46:47,23.9,29.1,130.0,6.6,0.55,4.0
18:46:47,22.5,29.1,130.0,6.6,0.55,4.0
18:46:47,23.5,29.1,129.0,6.6,0.55,4.0
18:46:47,23.8,29.1,124.0,6.6,0.55,4.0
18:46:47,23.5,29.1,130.0,6.6,0.55,4.0
18:46:47,23.4,29.1,130.0,6.6,0.55,4.0
18:46:47,21.6,29.1,130.0,6.6,0.55,4.0
18:46:47,23.3,29.1,116.0,6.6,0.55,4.0
18:46:47,23.7,29.1,109.0,6.6,0.55,4.0
18:46:47,23.5,29.1,123.0,6.6,0.55,4.0
18:46:47,23.7,29.1,130.0,6.6,0.55,4.0
18:46:47,22.8,29.1,130.0,6.6,0.55,4.0
18:46:48,23.3,29.1,130.0,6.6,0.55,4.0
18:46:48,23.7,29.1,124.0,6.6,0.55,4.0
18:46:48,23.9,29.1,129.0,6.6,0.55,4.0
18:46:48,23.5,29.1,130.0,6.6,0.55,4.0
18:46:48,23.7,29.1,130.0,6.6,0.55,4.0
18:46:48,22.1,29.1,130.0,6.6,0.55,4.0
18:46:48,23.4,29.1,125.0,6.6,0.55,4.0
18:46:48,23.8,29.1,118.0,6.6,0.55,4.0
18:46:48,23.7,29.1,130.0,6.6,0.55,4.0
18:46:48,23.5,29.1,130.0,6.6,0.55,4.0
18:46:48,21.7,29.1,130.0,6.6,0.55,4.0
18:46:48,23.3,29.1,118.0,6.6,0.55,4.0
18:46:48,23.7,29.1,112.0,6.6,0.55,4.0
18:46:48,23.8,29.1,126.0,6.6,0.55,4.0
18:46:48,23.8,29.1,130.0,6.6,0.55,4.0
18:46:48,22.2,29.1,130.0,6.6,0.55,4.0
18:46:48,23.1,29.1,130.0,6.6,0.55,4.0
18:46:48,23.3,29.1,130.0,6.6,0.55,4.0
18:46:48,23.7,29.1,127.0,6.6,0.55,4.0
18:46:48,23.8,29.1,129.0,6.6,0.55,4.0
18:46:48,23.0,29.1,130.0,6.6,0.55,4.0
18:46:48,22.6,29.1,130.0,6.6,0.55,4.0
18:46:48,23.5,29.1,124.0,6.6,0.55,4.0
18:46:48,23.8,29.1,125.0,6.6,0.55,4.0
18:46:48,23.8,29.1,130.0,6.6,0.55,4.0
18:46:49,23.8,29.1,130.0,6.6,0.55,4.0
18:46:49,22.5,29.1,130.0,6.6,0.55,4.0
18:46:49,23.5,29.1,130.0,6.6,0.55,4.0
18:46:49,23.8,29.1,128.0,6.6,0.55,4.0
18:46:49,23.8,29.1,130.0,6.6,0.55,4.0
18:46:49,23.8,29.1,130.0,6.6,0.55,4.0
18:46:49,21.8,29.1,130.0,6.6,0.55,4.0
18:46:49,23.3,29.1,127.0,6.6,0.55,4.0
18:46:49,23.7,29.1,118.0,6.6,0.55,4.0
18:46:49,23.8,29.1,130.0,6.6,0.55,4.0
18:46:49,23.8,29.1,130.0,6.6,0.55,4.0
18:46:49,23.1,29.1,130.0,6.6,0.55,4.0
18:46:49,23.7,29.1,130.0,6.6,0.55,4.0
18:46:49,23.8,29.1,130.0,6.6,0.55,4.0
18:46:49,23.5,29.1,130.0,6.6,0.55,4.0
18:46:49,23.8,29.1,130.0,6.6,0.55,4.0
18:46:49,23.8,29.1,130.0,6.6,0.55,4.0
18:46:49,23.2,29.1,130.0,6.6,0.55,4.0
18:46:49,23.7,29.1,130.0,6.6,0.55,4.0
18:46:49,23.8,29.1,130.0,6.6,0.55,4.0
18:46:49,23.8,29.1,130.0,6.6,0.55,4.0
18:46:49,23.8,29.1,130.0,6.6,0.55,4.0
18:46:49,21.8,29.1,130.0,6.6,0.55,4.0
18:46:49,23.3,29.1,130.0,6.6,0.55,4.0
18:46:50,23.7,29.1,121.0,6.6,0.55,4.0
18:46:50,23.8,29.1,130.0,6.6,0.55,4.0
18:46:50,23.5,29.1,130.0,6.6,0.55,4.0
18:46:50,22.3,29.1,130.0,6.6,0.55,4.0
18:46:50,23.2,29.1,130.0,6.6,0.55,4.0
18:46:50,23.7,29.1,123.0,6.6,0.55,4.0
18:46:50,23.8,29.1,130.0,6.6,0.55,4.0
18:46:50,23.5,29.1,130.0,6.6,0.55,4.0
18:46:50,23.7,29.1,130.0,6.6,0.55,4.0
18:46:50,23.1,29.1,130.0,6.6,0.55,4.0
18:46:50,23.7,29.1,130.0,6.6,0.55,4.0
18:46:50,23.8,29.1,130.0,6.6,0.55,4.0
18:46:50,23.5,29.1,130.0,6.6,0.55,4.0
18:46:50,23.7,29.1,130.0,6.6,0.55,4.0
18:46:50,22.5,29.1,130.0,6.6,0.55,4.0
18:46:50,23.5,29.1,130.0,6.6,0.55,4.0
18:46:50,23.8,29.1,130.0,6.6,0.55,4.0
18:46:50,23.5,29.1,130.0,6.6,0.55,4.0
18:46:50,23.4,29.1,130.0,6.6,0.55,4.0
18:46:50,21.7,29.1,130.0,6.6,0.55,4.0
18:46:50,23.3,29.1,122.0,6.6,0.55,4.0
18:46:50,23.7,29.1,115.0,6.6,0.55,4.0
18:46:50,23.8,29.1,129.0,6.6,0.55,4.0
18:46:50,23.8,28.3,115.0,6.287,0.622,3.948
18:46:50,23.1,28.3,129.0,6.6,0.55,4.0
18:46:51,23.7,27.8,115.0,6.033,0.68,3.906
18:46:51,23.8,27.4,101.0,5.735,0.748,3.856
18:46:51,23.6,27.4,115.0,5.899,0.711,3.883
18:46:51,23.7,27.0,104.0,5.553,0.79,3.825
18:46:51,23.8,26.5,91.0,5.226,0.865,3.771
18:46:51,22.2,26.5,105.0,6.193,0.643,3.932
18:46:51,23.1,26.1,103.0,5.416,0.821,3.803
18:46:51,23.6,26.0,89.0,5.021,0.912,3.737
18:46:51,23.8,26.0,99.0,4.918,0.935,3.72
18:46:51,23.5,26.0,113.0,5.089,0.896,3.748
18:46:51,21.4,26.0,127.0,6.336,0.611,3.956
18:46:51,23.2,26.0,113.0,5.284,0.852,3.781
18:46:51,23.7,26.0,99.0,4.979,0.922,3.73
18:46:51,23.5,26.0,113.0,5.094,0.895,3.749
18:46:51,23.8,26.0,113.0,4.943,0.93,3.724
18:46:51,22.4,26.0,127.0,5.754,0.744,3.859
18:46:51,23.2,26.0,126.0,5.287,0.851,3.781
18:46:51,23.7,26.0,112.0,4.977,0.922,3.729
18:46:51,23.8,26.0,112.0,4.918,0.936,3.72
18:46:51,23.9,26.0,118.0,4.884,0.943,3.714
18:46:51,22.8,26.0,130.0,5.511,0.799,3.819
18:46:51,22.9,26.0,130.0,5.468,0.809,3.811
18:46:51,23.3,26.0,122.0,5.204,0.87,3.767
18:46:51,23.7,26.0,108.0,4.955,0.927,3.726
18:46:51,23.8,26.0,114.0,4.906,0.938,3.718
18:46:52,23.8,26.0,123.0,4.915,0.936,3.719
18:46:52,22.4,26.0,130.0,5.735,0.748,3.856
18:46:52,23.5,26.0,116.0,5.098,0.894,3.75
18:46:52,23.8,26.0,109.0,4.944,0.93,3.724
18:46:52,23.8,26.0,117.0,4.908,0.938,3.718
18:46:52,23.5,26.0,130.0,5.098,0.894,3.75
18:46:52,23.7,26.0,124.0,4.957,0.927,3.726
18:46:52,23.5,26.0,130.0,5.09,0.896,3.748
18:46:52,23.7,26.0,125.0,4.967,0.924,3.728
18:46:52,23.8,26.0,124.0,4.92,0.935,3.72
18:46:52,23.8,26.0,128.0,4.929,0.933,3.722
18:46:52,23.8,26.0,128.0,4.914,0.936,3.719
18:46:52,23.5,26.0,130.0,5.1,0.894,3.75
18:46:52,23.4,26.0,130.0,5.156,0.881,3.759
18:46:52,23.4,26.0,130.0,5.163,0.879,3.76
18:46:52,23.6,26.0,123.0,5.015,0.913,3.736
18:46:52,23.4,26.0,130.0,5.13,0.887,3.755
18:46:52,23.4,26.0,130.0,5.165,0.879,3.761
18:46:52,23.4,26.0,130.0,5.175,0.876,3.763
18:46:52,23.4,26.0,130.0,5.179,0.876,3.763
18:46:52,23.4,26.0,130.0,5.18,0.876,3.763
18:46:52,23.4,26.0,130.0,5.18,0.875,3.763
18:46:52,23.4,26.0,130.0,5.18,0.875,3.763
18:46:52,23.6,26.0,120.0,5.025,0.911,3.738
18:46:52,23.5,26.0,130.0,5.123,0.888,3.754
18:46:52,23.7,26.0,122.0,4.993,0.918,3.732
18:46:53,23.5,26.0,130.0,5.119,0.889,3.753
18:46:53,23.4,26.0,130.0,5.162,0.88,3.76
18:46:53,23.4,26.0,130.0,5.167,0.878,3.761
18:46:53,23.4,26.0,130.0,5.174,0.877,3.762
18:46:53,23.6,26.0,120.0,5.013,0.914,3.735
18:46:53,23.7,26.0,120.0,4.952,0.928,3.725
18:46:53,23.8,26.0,124.0,4.934,0.932,3.722
18:46:53,23.8,26.0,127.0,4.936,0.931,3.723
18:46:53,23.8,26.0,126.0,4.908,0.938,3.718
18:46:53,23.8,26.0,130.0,4.936,0.931,3.723
18:46:53,23.8,26.0,130.0,4.942,0.93,3.724
18:46:53,23.8,26.0,129.0,4.918,0.936,3.72
18:46:53,23.8,26.0,129.0,4.908,0.938,3.718
18:46:53,23.8,26.0,130.0,4.941,0.93,3.723
18:46:53,23.8,26.0,130.0,4.938,0.931,3.723
18:46:53,23.8,26.0,130.0,4.927,0.933,3.721
18:46:53,24.1,26.0,116.0,4.737,0.977,3.689
18:46:53,24.2,26.0,114.0,4.65,0.997,3.675
18:46:53,23.9,26.0,128.0,4.833,0.955,3.705
18:46:53,24.5,26.0,114.0,4.501,1.031,3.65
18:46:53,25.0,26.0,100.0,4.2,1.1,3.6
18:46:53,25.9,26.0,86.0,4.2,1.1,3.6
18:46:53,25.2,26.0,100.0,4.2,1.1,3.6
18:46:53,25.5,26.0,108.0,4.2,1.1,3.6
18:46:54,27.0,26.0,94.0,4.218,1.096,3.603
18:46:54,27.4,26.0,80.0,4.419,1.05,3.636
18:46:54,27.9,26.0,66.0,4.741,0.976,3.69
18:46:54,28.1,26.0,75.0,4.852,0.95,3.709
18:46:54,26.3,26.0,89.0,4.2,1.1,3.6
18:46:54,27.7,26.0,78.0,4.622,1.003,3.67
18:46:54,28.1,26.0,75.0,4.849,0.951,3.708
18:46:54,28.1,26.0,89.0,4.874,0.946,3.712
18:46:54,27.7,26.0,103.0,4.622,1.003,3.67
18:46:54,25.0,26.0,117.0,4.2,1.1,3.6
18:46:54,26.4,26.0,118.0,4.2,1.1,3.6
18:46:54,26.8,26.0,104.0,4.2,1.1,3.6
18:46:54,26.5,26.0,118.0,4.2,1.1,3.6
18:46:54,26.4,26.0,125.0,4.2,1.1,3.6
18:46:54,24.3,26.0,130.0,4.617,1.004,3.67
18:46:54,25.1,26.0,130.0,4.2,1.1,3.6
18:46:54,24.9,26.0,130.0,4.256,1.087,3.609
18:46:54,24.8,26.0,130.0,4.303,1.076,3.617
18:46:54,24.5,26.0,130.0,4.52,1.027,3.653
18:46:54,23.6,26.0,130.0,5.047,0.906,3.741
18:46:54,23.1,26.0,130.0,5.343,0.838,3.791
18:46:54,23.7,26.0,129.0,5.002,0.916,3.734
18:46:54,23.8,26.0,125.0,4.946,0.929,3.724
18:46:54,23.8,26.0,124.0,4.898,0.94,3.716
18:46:54,23.9,26.0,125.0,4.881,0.944,3.714
18:46:54,22.5,26.0,130.0,5.716,0.753,3.853
18:46:55,23.8,26.0,116.0,4.901,0.939,3.717
18:46:55,24.2,26.0,102.0,4.705,0.984,3.684
18:46:55,24.6,26.0,89.0,4.418,1.05,3.636
18:46:55,24.7,26.0,101.0,4.352,1.065,3.625
18:46:55,22.8,26.0,115.0,5.51,0.8,3.818
18:46:55,25.0,26.0,101.0,4.2,1.1,3.6
18:46:55,26.0,26.0,87.0,4.2,1.1,3.6
18:46:55,26.2,26.0,73.0,4.2,1.1,3.6
18:46:55,26.7,26.0,73.0,4.2,1.1,3.6
18:46:55,25.9,26.0,87.0,4.2,1.1,3.6
18:46:55,26.7,26.0,88.0,4.2,1.1,3.6
18:46:55,27.3,26.0,74.0,4.408,1.052,3.635
18:46:55,27.6,26.0,81.0,4.533,1.024,3.656
18:46:55,27.6,26.0,95.0,4.551,1.02,3.658
18:46:55,27.6,26.0,101.0,4.58,1.013,3.663
18:46:55,27.2,26.0,115.0,4.295,1.078,3.616
18:46:55,28.0,26.0,101.0,4.775,0.968,3.696
18:46:55,28.1,26.0,88.0,4.859,0.949,3.71
18:46:55,28.2,26.0,94.0,4.905,0.938,3.718
18:46:55,28.2,26.0,101.0,4.902,0.939,3.717
18:46:55,26.2,26.0,115.0,4.2,1.1,3.6
18:46:55,27.7,26.0,101.0,4.608,1.006,3.668
18:46:55,28.1,26.0,87.0,4.855,0.95,3.709
18:46:55,27.8,26.0,101.0,4.671,0.992,3.679
18:46:56,28.1,26.0,95.0,4.831,0.955,3.705
18:46:56,26.0,26.0,109.0,4.2,1.1,3.6
18:46:56,27.2,26.0,100.0,4.327,1.071,3.621
18:46:56,27.5,26.0,91.0,4.516,1.028,3.653
18:46:56,27.6,26.0,97.0,4.559,1.018,3.66
18:46:56,27.1,26.0,111.0,4.269,1.084,3.612
18:46:56,26.1,26.0,125.0,4.2,1.1,3.6
18:46:56,26.4,26.0,130.0,4.2,1.1,3.6
18:46:56,26.4,26.0,123.0,4.2,1.1,3.6
18:46:56,26.4,26.0,119.0,4.2,1.1,3.6
18:46:56,26.0,26.0,130.0,4.2,1.1,3.6
18:46:56,25.9,26.0,130.0,4.2,1.1,3.6
18:46:56,24.5,26.0,130.0,4.474,1.037,3.646
18:46:56,25.5,26.0,116.0,4.2,1.1,3.6
18:46:56,25.8,26.0,103.0,4.2,1.1,3.6
18:46:56,25.8,26.0,109.0,4.2,1.1,3.6
18:46:56,25.8,26.0,114.0,4.2,1.1,3.6
18:46:56,23.2,26.0,128.0,5.3,0.848,3.783
18:46:56,24.8,26.0,114.0,4.339,1.068,3.623
18:46:56,24.8,26.0,116.0,4.314,1.074,3.619
18:46:56,24.5,26.0,130.0,4.518,1.027,3.653
18:46:56,24.3,26.0,130.0,4.609,1.006,3.668
18:46:56,22.6,26.0,130.0,5.643,0.769,3.841
18:46:56,23.5,26.0,130.0,5.073,0.9,3.746
18:46:56,23.8,26.0,119.0,4.931,0.932,3.722
18:46:57,23.9,26.0,121.0,4.888,0.942,3.715
18:46:57,23.5,26.0,130.0,5.075,0.899,3.746
18:46:57,22.7,26.0,130.0,5.559,0.788,3.827
18:46:57,22.3,26.0,130.0,5.817,0.73,3.869
18:46:57,22.7,26.0,130.0,5.56,0.788,3.827
18:46:57,22.9,26.0,130.0,5.483,0.806,3.814
18:46:57,23.2,26.0,116.0,5.256,0.858,3.776
18:46:57,23.4,26.0,117.0,5.178,0.876,3.763
18:46:57,22.1,26.0,130.0,5.96,0.697,3.893
18:46:57,23.4,26.0,116.0,5.168,0.878,3.761
18:46:57,23.7,26.0,102.0,4.957,0.927,3.726
18:46:57,23.8,26.0,109.0,4.901,0.939,3.717
18:46:57,23.8,26.0,120.0,4.903,0.939,3.717
18:46:57,21.8,26.0,130.0,6.124,0.659,3.921
18:46:57,23.3,26.0,116.0,5.223,0.866,3.77
18:46:57,24.0,26.0,102.0,4.78,0.967,3.697
18:46:57,24.2,26.0,95.0,4.655,0.996,3.676
18:46:57,24.3,26.0,109.0,4.634,1.001,3.672
18:46:57,23.1,26.0,123.0,5.334,0.84,3.789
18:46:57,24.4,26.0,109.0,4.576,1.014,3.663
18:46:57,24.7,26.0,95.0,4.368,1.061,3.628
18:46:57,24.8,26.0,103.0,4.306,1.076,3.618
18:46:57,24.8,26.0,115.0,4.315,1.074,3.619
18:46:57,25.1,26.0,105.0,4.2,1.1,3.6
18:46:57,24.5,26.0,119.0,4.502,1.031,3.65
18:46:57,25.1,26.0,106.0,4.2,1.1,3.6
18:46:58,25.2,26.0,107.0,4.2,1.1,3.6
18:46:58,25.3,26.0,112.0,4.2,1.1,3.6
18:46:58,25.3,26.0,118.0,4.2,1.1,3.6
18:46:58,23.0,26.0,130.0,5.402,0.825,3.8
18:46:58,24.7,26.0,116.0,4.375,1.06,3.629
18:46:58,25.2,26.0,102.0,4.2,1.1,3.6
18:46:58,25.3,26.0,103.0,4.2,1.1,3.6
18:46:58,25.3,26.0,112.0,4.2,1.1,3.6
18:46:58,23.7,26.0,126.0,4.981,0.921,3.73
18:46:58,24.9,26.0,112.0,4.246,1.089,3.608
18:46:58,25.2,26.0,99.0,4.2,1.1,3.6
18:46:58,25.3,26.0,108.0,4.2,1.1,3.6
18:46:58,25.3,26.0,115.0,4.2,1.1,3.6
18:46:58,24.5,26.0,129.0,4.51,1.029,3.652
18:46:58,25.2,26.0,115.0,4.2,1.1,3.6
18:46:58,25.4,26.0,108.0,4.2,1.1,3.6
18:46:58,25.3,26.0,116.0,4.2,1.1,3.6
18:46:58,25.0,26.0,130.0,4.224,1.094,3.604
18:46:58,24.9,26.0,130.0,4.274,1.083,3.612
18:46:58,23.3,26.0,130.0,5.207,0.869,3.768
18:46:58,24.4,26.0,117.0,4.561,1.017,3.66
18:46:58,24.7,26.0,107.0,4.381,1.059,3.63
18:46:58,24.4,26.0,121.0,4.554,1.019,3.659
18:46:58,24.3,26.0,130.0,4.595,1.009,3.666
18:46:58,22.2,26.0,130.0,5.868,0.718,3.878
18:46:59,23.8,26.0,116.0,4.927,0.933,3.721
18:46:59,24.2,26.0,102.0,4.678,0.991,3.68
18:46:59,24.0,26.0,116.0,4.81,0.96,3.702
18:46:59,23.9,26.0,130.0,4.862,0.948,3.71
18:46:59,22.4,26.0,130.0,5.748,0.745,3.858
18:46:59,23.5,26.0,117.0,5.092,0.896,3.749
18:46:59,23.8,26.0,110.0,4.931,0.932,3.722
18:46:59,23.8,26.0,118.0,4.899,0.94,3.716
18:46:59,23.6,26.0,130.0,5.055,0.904,3.743
18:46:59,23.5,26.0,130.0,5.105,0.893,3.751
18:46:59,22.5,26.0,130.0,5.671,0.763,3.845
18:46:59,23.2,26.0,127.0,5.267,0.855,3.778
18:46:59,23.4,26.0,123.0,5.186,0.874,3.764
18:46:59,23.4,26.0,126.0,5.167,0.878,3.761
18:46:59,23.7,26.0,113.0,4.983,0.921,3.73
18:46:59,22.4,26.0,127.0,5.773,0.74,3.862
18:46:59,23.4,26.0,113.0,5.133,0.886,3.756
18:46:59,23.8,26.0,103.0,4.923,0.934,3.72
18:46:59,23.8,26.0,115.0,4.902,0.939,3.717
18:46:59,23.9,26.0,119.0,4.867,0.947,3.711
18:46:59,22.5,26.0,130.0,5.712,0.754,3.852
18:46:59,23.5,26.0,117.0,5.11,0.892,3.752
18:46:59,23.8,26.0,109.0,4.932,0.932,3.722
18:46:59,23.8,26.0,116.0,4.891,0.942,3.715
18:47:00,23.9,26.0,121.0,4.871,0.946,3.712
18:47:00,23.1,26.0,130.0,5.341,0.839,3.79
18:47:00,23.7,26.0,117.0,4.951,0.928,3.725
18:47:00,23.8,26.0,120.0,4.913,0.937,3.719
18:47:00,23.9,26.0,120.0,4.857,0.949,3.709
18:47:00,23.9,26.0,127.0,4.882,0.944,3.714
18:47:00,23.9,26.0,129.0,4.889,0.942,3.715
18:47:00,23.2,26.0,130.0,5.296,0.849,3.783
18:47:00,23.7,26.0,122.0,4.982,0.921,3.73
18:47:00,23.8,26.0,120.0,4.912,0.937,3.719
18:47:00,23.8,26.0,124.0,4.901,0.939,3.717
18:47:00,23.8,26.0,127.0,4.898,0.94,3.716
18:47:00,21.6,26.0,130.0,6.269,0.626,3.945
18:47:00,22.9,26.0,128.0,5.466,0.81,3.811
18:47:00,23.2,26.0,114.0,5.253,0.859,3.776
18:47:00,23.4,26.0,117.0,5.179,0.876,3.763
18:47:00,23.4,26.0,122.0,5.147,0.883,3.758
18:47:00,23.4,26.0,129.0,5.16,0.88,3.76
18:47:00,23.4,26.0,130.0,5.171,0.877,3.762
18:47:00,23.7,26.0,116.0,4.987,0.92,3.731
18:47:00,23.7,26.0,120.0,4.952,0.928,3.725
18:47:00,23.8,26.0,123.0,4.921,0.935,3.72
18:47:00,23.9,26.0,124.0,4.888,0.942,3.715
18:47:00,23.8,26.0,130.0,4.92,0.935,3.72
18:47:00,23.8,26.0,128.0,4.895,0.941,3.716
18:47:01,23.8,26.0,130.0,4.932,0.932,3.722
18:47:01,23.8,26.0,130.0,4.915,0.936,3.719
18:47:01,23.8,26.0,130.0,4.928,0.933,3.721
18:47:01,24.1,26.0,116.0,4.721,0.981,3.687
18:47:01,25.3,26.0,102.0,4.2,1.1,3.6
18:47:01,26.4,26.0,88.0,4.2,1.1,3.6
18:47:01,27.2,26.0,74.0,4.315,1.074,3.619
18:47:01,27.4,26.0,64.0,4.458,1.041,3.643
18:47:01,28.0,26.0,61.0,4.771,0.969,3.695
18:47:01,28.5,26.0,56.0,5.11,0.892,3.752
18:47:01,28.3,26.0,70.0,4.956,0.927,3.726
18:47:01,27.8,26.0,84.0,4.65,0.997,3.675
18:47:01,27.1,26.0,98.0,4.28,1.082,3.613
18:47:01,26.2,26.0,112.0,4.2,1.1,3.6
18:47:01,25.2,26.0,126.0,4.2,1.1,3.6
18:47:01,23.9,26.0,130.0,4.846,0.952,3.708
18:47:01,22.6,26.0,130.0,5.654,0.767,3.842
18:47:01,21.2,26.0,130.0,6.501,0.573,3.984
18:47:01,19.9,26.0,130.0,6.6,0.55,4.0
18:47:01,19.0,26.0,130.0,6.6,0.55,4.0
18:47:01,17.9,26.0,130.0,6.6,0.55,4.0
18:47:01,16.9,26.0,130.0,6.6,0.55,4.0
18:47:01,16.3,26.0,130.0,6.6,0.55,4.0
18:47:01,15.6,26.0,130.0,6.6,0.55,4.0
18:47:01,15.0,26.0,130.0,6.6,0.55,4.0
18:47:01,14.3,26.0,130.0,6.6,0.55,4.0
18:47:02,13.8,26.0,130.0,6.6,0.55,4.0
18:47:02,13.4,26.0,130.0,6.6,0.55,4.0
18:47:02,13.1,26.0,130.0,6.6,0.55,4.0
18:47:02,12.8,26.0,130.0,6.6,0.55,4.0
18:47:02,12.6,26.0,130.0,6.6,0.55,4.0
18:47:02,12.5,26.0,130.0,6.6,0.55,4.0
18:47:02,12.4,26.0,130.0,6.6,0.55,4.0
18:47:02,12.4,26.0,130.0,6.6,0.55,4.0
18:47:02,12.3,26.0,130.0,6.6,0.55,4.0
18:47:02,11.9,26.0,130.0,6.6,0.55,4.0
18:47:02,12.3,26.0,130.0,6.6,0.55,4.0
18:47:02,12.5,26.0,130.0,6.6,0.55,4.0
18:47:02,12.7,26.0,130.0,6.6,0.55,4.0
18:47:02,12.9,26.0,130.0,6.6,0.55,4.0
18:47:02,12.4,26.0,130.0,6.6,0.55,4.0
18:47:02,13.3,26.0,130.0,6.6,0.55,4.0
18:47:02,13.7,26.0,130.0,6.6,0.55,4.0
18:47:02,14.2,26.0,130.0,6.6,0.55,4.0
18:47:02,14.7,26.0,130.0,6.6,0.55,4.0
18:47:02,14.9,26.0,130.0,6.6,0.55,4.0
18:47:02,15.8,26.0,127.0,6.6,0.55,4.0
18:47:02,16.3,26.0,125.0,6.6,0.55,4.0
18:47:02,16.8,26.0,128.0,6.6,0.55,4.0
18:47:02,17.5,26.0,116.0,6.6,0.55,4.0
18:47:02,18.2,26.0,103.0,6.6,0.55,4.0
18:47:03,18.1,26.0,117.0,6.6,0.55,4.0
18:47:03,19.7,26.0,103.0,6.6,0.55,4.0
18:47:03,20.6,26.0,89.0,6.6,0.55,4.0
18:47:03,21.6,26.0,75.0,6.229,0.635,3.938
18:47:03,22.5,26.0,61.0,5.7,0.756,3.85
18:47:03,21.4,26.0,75.0,6.33,0.612,3.955
18:47:03,23.8,26.0,61.0,4.892,0.941,3.715
18:47:03,24.9,26.0,47.0,4.249,1.089,3.608
18:47:03,25.5,26.0,43.0,4.2,1.1,3.6
18:47:03,26.5,26.0,35.0,4.2,1.1,3.6
18:47:03,25.1,26.0,49.0,4.2,1.1,3.6
18:47:03,26.9,26.0,46.0,4.2,1.1,3.6
18:47:03,27.4,26.0,54.0,4.445,1.044,3.641
18:47:03,27.6,26.0,68.0,4.558,1.018,3.66
18:47:03,28.0,26.0,72.0,4.805,0.961,3.701
18:47:03,27.1,26.0,86.0,4.275,1.083,3.613
18:47:03,27.0,26.0,100.0,4.2,1.1,3.6
18:47:03,27.9,26.0,86.0,4.726,0.98,3.688
18:47:03,28.1,26.0,80.0,4.887,0.943,3.714
18:47:03,28.2,26.0,91.0,4.921,0.935,3.72
18:47:03,28.2,26.0,99.0,4.924,0.934,3.721
18:47:03,26.0,26.0,113.0,4.2,1.1,3.6
18:47:03,27.2,26.0,108.0,4.31,1.075,3.618
18:47:03,27.5,26.0,94.0,4.511,1.029,3.652
18:47:04,27.6,26.0,99.0,4.551,1.02,3.658
18:47:04,27.6,26.0,105.0,4.556,1.018,3.659
18:47:04,24.9,26.0,119.0,4.241,1.091,3.607
18:47:04,26.9,26.0,105.0,4.2,1.1,3.6
18:47:04,27.4,26.0,91.0,4.425,1.048,3.637
18:47:04,27.5,26.0,85.0,4.528,1.025,3.655
18:47:04,27.6,26.0,97.0,4.539,1.022,3.657
18:47:04,26.6,26.0,111.0,4.2,1.1,3.6
18:47:04,26.9,26.0,118.0,4.2,1.1,3.6
18:47:04,26.9,26.0,117.0,4.2,1.1,3.6
18:47:04,26.9,26.0,116.0,4.2,1.1,3.6
18:47:04,26.9,26.0,115.0,4.2,1.1,3.6
18:47:04,26.5,26.0,129.0,4.2,1.1,3.6
18:47:04,25.6,26.0,130.0,4.2,1.1,3.6
18:47:04,26.2,26.0,117.0,4.2,1.1,3.6
18:47:04,25.9,26.0,129.0,4.2,1.1,3.6
18:47:04,25.8,26.0,128.0,4.2,1.1,3.6
18:47:04,25.8,26.0,124.0,4.2,1.1,3.6
18:47:04,23.5,26.0,130.0,5.125,0.888,3.754
18:47:04,24.8,26.0,120.0,4.322,1.072,3.62
18:47:04,25.2,26.0,106.0,4.2,1.1,3.6
18:47:04,24.9,26.0,120.0,4.245,1.09,3.607
18:47:04,24.8,26.0,130.0,4.311,1.075,3.619
18:47:04,22.3,26.0,130.0,5.803,0.733,3.867
18:47:04,23.5,26.0,130.0,5.127,0.888,3.754
18:47:05,23.4,26.0,130.0,5.146,0.883,3.758
18:47:05,23.4,26.0,130.0,5.132,0.886,3.755
18:47:05,23.4,26.0,130.0,5.161,0.88,3.76
18:47:05,22.7,26.0,130.0,5.592,0.781,3.832
18:47:05,22.9,26.0,130.0,5.464,0.81,3.811
18:47:05,23.0,26.0,130.0,5.427,0.819,3.805
18:47:05,22.9,26.0,130.0,5.436,0.817,3.806
18:47:05,23.3,26.0,118.0,5.232,0.864,3.772
18:47:05,23.4,26.0,122.0,5.185,0.874,3.764
18:47:05,22.1,26.0,130.0,5.962,0.696,3.894
18:47:05,23.0,26.0,118.0,5.374,0.831,3.796
18:47:05,23.3,26.0,111.0,5.198,0.871,3.766
18:47:05,23.0,26.0,125.0,5.389,0.828,3.798
18:47:05,23.3,26.0,121.0,5.202,0.87,3.767
18:47:05,21.4,26.0,130.0,6.346,0.608,3.958
18:47:05,22.9,26.0,116.0,5.442,0.815,3.807
18:47:05,22.9,26.0,123.0,5.45,0.814,3.808
18:47:05,22.9,26.0,130.0,5.474,0.808,3.812
18:47:05,23.2,26.0,116.0,5.263,0.856,3.777
18:47:05,22.0,26.0,130.0,6.019,0.683,3.903
18:47:05,23.1,26.0,116.0,5.369,0.832,3.795
18:47:05,23.3,26.0,107.0,5.199,0.871,3.766
18:47:05,23.4,26.0,117.0,5.158,0.88,3.76
18:47:05,23.5,26.0,120.0,5.108,0.892,3.751
18:47:05,22.7,26.0,130.0,5.567,0.787,3.828
18:47:05,22.5,26.0,130.0,5.684,0.76,3.847
18:47:06,23.2,26.0,117.0,5.309,0.846,3.785
18:47:06,23.4,26.0,115.0,5.183,0.875,3.764
18:47:06,23.4,26.0,121.0,5.153,0.882,3.759
18:47:06,23.4,26.0,126.0,5.147,0.883,3.758
18:47:06,22.1,26.0,130.0,5.937,0.702,3.89
18:47:06,23.1,26.0,119.0,5.349,0.837,3.792
18:47:06,23.3,26.0,114.0,5.208,0.869,3.768
18:47:06,23.4,26.0,120.0,5.166,0.879,3.761
18:47:06,23.4,26.0,127.0,5.173,0.877,3.762
18:47:06,21.4,26.0,130.0,6.357,0.606,3.96
18:47:06,22.9,26.0,116.0,5.465,0.81,3.811
18:47:06,23.3,26.0,104.0,5.235,0.863,3.773
18:47:06,23.0,26.0,118.0,5.407,0.823,3.801
18:47:06,23.3,26.0,118.0,5.218,0.867,3.77
18:47:06,22.0,26.0,130.0,5.999,0.688,3.9
18:47:06,23.1,26.0,116.0,5.358,0.835,3.793
18:47:06,23.3,26.0,110.0,5.201,0.871,3.767
18:47:06,23.4,26.0,117.0,5.151,0.882,3.759
18:47:06,23.4,26.0,125.0,5.151,0.882,3.759
18:47:06,23.4,26.0,128.0,5.146,0.883,3.758
18:47:06,22.8,26.0,130.0,5.544,0.792,3.824
18:47:06,23.2,26.0,126.0,5.254,0.858,3.776
18:47:06,23.4,26.0,122.0,5.167,0.878,3.761
18:47:06,23.4,26.0,127.0,5.166,0.879,3.761
18:47:06,23.4,26.0,129.0,5.156,0.881,3.759
18:47:07,21.4,26.0,130.0,6.332,0.611,3.955
18:47:07,22.9,26.0,116.0,5.475,0.808,3.813
18:47:07,23.3,26.0,103.0,5.218,0.867,3.77
18:47:07,23.4,26.0,113.0,5.156,0.881,3.759
18:47:07,23.4,26.0,123.0,5.16,0.88,3.76
18:47:07,22.1,26.0,130.0,5.965,0.696,3.894
18:47:07,23.1,26.0,116.0,5.33,0.841,3.788
18:47:07,23.7,26.0,102.0,4.995,0.918,3.733
18:47:07,23.5,26.0,116.0,5.109,0.892,3.752
18:47:07,23.4,26.0,130.0,5.136,0.885,3.756
18:47:07,23.0,26.0,130.0,5.394,0.826,3.799
18:47:07,23.9,26.0,116.0,4.853,0.95,3.709
18:47:07,25.7,26.0,102.0,4.2,1.1,3.6
18:47:07,26.6,26.0,88.0,4.2,1.1,3.6
18:47:07,27.3,26.0,74.0,4.389,1.057,3.632
18:47:07,27.5,26.0,65.0,4.501,1.031,3.65
18:47:07,26.2,26.0,79.0,4.2,1.1,3.6
18:47:07,27.7,26.0,65.0,4.612,1.006,3.669
18:47:07,28.1,26.0,62.0,4.885,0.943,3.714
18:47:07,28.3,26.0,76.0,4.963,0.925,3.727
18:47:07,27.8,26.0,90.0,4.686,0.989,3.681
18:47:07,24.8,26.0,104.0,4.342,1.067,3.624
18:47:07,25.6,26.0,118.0,4.2,1.1,3.6
18:47:07,25.1,26.0,130.0,4.2,1.1,3.6
18:47:07,24.2,26.0,130.0,4.67,0.992,3.678
18:47:08,23.0,26.0,130.0,5.394,0.826,3.799
18:47:08,20.7,26.0,130.0,6.6,0.55,4.0
18:47:08,20.5,26.0,130.0,6.6,0.55,4.0
18:47:08,20.0,26.0,130.0,6.6,0.55,4.0
18:47:08,19.2,26.0,130.0,6.6,0.55,4.0
18:47:08,18.4,26.0,130.0,6.6,0.55,4.0
18:47:08,17.4,26.0,130.0,6.6,0.55,4.0
18:47:08,16.8,26.0,130.0,6.6,0.55,4.0
18:47:08,16.6,26.0,130.0,6.6,0.55,4.0
18:47:08,16.4,26.0,130.0,6.6,0.55,4.0
18:47:08,16.2,26.0,130.0,6.6,0.55,4.0
18:47:08,15.8,26.0,130.0,6.6,0.55,4.0
18:47:08,15.0,26.0,130.0,6.6,0.55,4.0
18:47:08,15.4,26.0,130.0,6.6,0.55,4.0
18:47:08,15.3,26.0,130.0,6.6,0.55,4.0
18:47:08,15.3,26.0,130.0,6.6,0.55,4.0
18:47:08,15.3,26.0,130.0,6.6,0.55,4.0
18:47:08,14.7,26.0,130.0,6.6,0.55,4.0
18:47:08,15.2,26.0,130.0,6.6,0.55,4.0
18:47:08,15.3,26.0,130.0,6.6,0.55,4.0
18:47:08,15.4,26.0,130.0,6.6,0.55,4.0
18:47:08,15.6,26.0,130.0,6.6,0.55,4.0
18:47:08,15.5,26.0,130.0,6.6,0.55,4.0
18:47:08,15.6,26.0,130.0,6.6,0.55,4.0
18:47:09,16.1,26.0,130.0,6.6,0.55,4.0
18:47:09,16.4,26.0,130.0,6.6,0.55,4.0
18:47:09,16.7,26.0,130.0,6.6,0.55,4.0
18:47:09,17.1,26.0,130.0,6.6,0.55,4.0
18:47:09,17.7,26.0,125.0,6.6,0.55,4.0
18:47:09,18.1,26.0,128.0,6.6,0.55,4.0
18:47:09,18.8,26.0,114.0,6.6,0.55,4.0
18:47:09,19.5,26.0,102.0,6.6,0.55,4.0
18:47:09,20.0,26.0,100.0,6.6,0.55,4.0
18:47:09,21.3,26.0,86.0,6.445,0.585,3.974
18:47:09,22.7,26.0,72.0,5.56,0.788,3.827
18:47:09,23.8,26.0,58.0,4.929,0.933,3.722
18:47:09,24.8,26.0,44.0,4.327,1.071,3.621
18:47:09,25.4,26.0,43.0,4.2,1.1,3.6
18:47:09,25.7,26.0,57.0,4.2,1.1,3.6
18:47:09,25.7,26.0,71.0,4.2,1.1,3.6
18:47:09,25.4,26.0,85.0,4.2,1.1,3.6
18:47:09,25.6,26.0,99.0,4.2,1.1,3.6
18:47:09,25.8,26.0,109.0,4.2,1.1,3.6
18:47:09,25.8,26.0,115.0,4.2,1.1,3.6
18:47:09,25.8,26.0,117.0,4.2,1.1,3.6
18:47:09,25.8,26.0,119.0,4.2,1.1,3.6
18:47:09,25.7,26.0,121.0,4.2,1.1,3.6
18:47:09,26.1,26.0,107.0,4.2,1.1,3.6
18:47:09,26.2,26.0,106.0,4.2,1.1,3.6
18:47:10,26.7,26.0,92.0,4.2,1.1,3.6
18:47:10,26.8,26.0,97.0,4.2,1.1,3.6
18:47:10,27.4,26.0,83.0,4.426,1.048,3.638
18:47:10,27.5,26.0,89.0,4.502,1.031,3.65
18:47:10,27.5,26.0,101.0,4.501,1.031,3.65
18:47:10,27.1,26.0,115.0,4.245,1.09,3.608
18:47:10,26.5,26.0,129.0,4.2,1.1,3.6
18:47:10,26.0,26.0,130.0,4.2,1.1,3.6
18:47:10,25.1,26.0,130.0,4.2,1.1,3.6
18:47:10,24.5,26.0,130.0,4.487,1.034,3.648
18:47:10,24.1,26.0,130.0,4.76,0.972,3.693
18:47:10,23.6,26.0,130.0,5.052,0.905,3.742
18:47:10,23.0,26.0,130.0,5.376,0.83,3.796
18:47:10,22.6,26.0,130.0,5.636,0.771,3.839
18:47:10,22.2,26.0,130.0,5.889,0.713,3.881
18:47:10,22.1,26.0,130.0,5.958,0.697,3.893
18:47:10,21.8,26.0,130.0,6.142,0.655,3.924
18:47:10,21.7,26.0,130.0,6.195,0.643,3.932
18:47:10,21.6,26.0,130.0,6.228,0.635,3.938
18:47:10,21.6,26.0,130.0,6.225,0.636,3.938
18:47:10,21.6,26.0,130.0,6.226,0.636,3.938
18:47:10,20.3,26.0,130.0,6.6,0.55,4.0
18:47:10,21.8,26.0,116.0,6.095,0.666,3.916
18:47:10,22.6,26.0,102.0,5.644,0.769,3.841
18:47:10,23.1,26.0,88.0,5.314,0.845,3.786
18:47:10,23.3,26.0,99.0,5.22,0.866,3.77
18:47:11,22.3,26.0,113.0,5.818,0.729,3.87
18:47:11,23.7,26.0,99.0,4.95,0.928,3.725
18:47:11,24.5,26.0,85.0,4.481,1.036,3.647
18:47:11,25.1,26.0,71.0,4.2,1.1,3.6
18:47:11,25.6,26.0,71.0,4.2,1.1,3.6
18:47:11,24.9,26.0,85.0,4.259,1.086,3.61
18:47:11,25.1,26.0,99.0,4.2,1.1,3.6
18:47:11,26.4,26.0,85.0,4.2,1.1,3.6
18:47:11,26.8,26.0,71.0,4.2,1.1,3.6
18:47:11,26.9,26.0,85.0,4.2,1.1,3.6
18:47:11,27.3,26.0,80.0,4.388,1.057,3.631
18:47:11,25.8,26.0,94.0,4.2,1.1,3.6
18:47:11,27.1,26.0,80.0,4.276,1.082,3.613
18:47:11,28.0,26.0,66.0,4.784,0.966,3.697
18:47:11,28.1,26.0,74.0,4.869,0.947,3.711
18:47:11,28.2,26.0,87.0,4.922,0.934,3.72
18:47:11,25.7,26.0,101.0,4.2,1.1,3.6
18:47:11,27.5,26.0,87.0,4.509,1.029,3.651
18:47:11,28.0,26.0,73.0,4.811,0.96,3.702
18:47:11,27.8,26.0,87.0,4.658,0.995,3.676
18:47:11,27.7,26.0,101.0,4.622,1.003,3.67
18:47:11,25.9,26.0,115.0,4.2,1.1,3.6
18:47:11,27.2,26.0,101.0,4.31,1.075,3.618
18:47:11,27.5,26.0,88.0,4.508,1.029,3.651
18:47:12,27.6,26.0,97.0,4.546,1.021,3.658
18:47:12,27.6,26.0,104.0,4.544,1.021,3.657
18:47:12,26.6,26.0,118.0,4.2,1.1,3.6
18:47:12,26.5,26.0,130.0,4.2,1.1,3.6
18:47:12,27.3,26.0,116.0,4.4,1.054,3.633
18:47:12,27.6,26.0,102.0,4.538,1.023,3.656
18:47:12,28.0,26.0,88.0,4.823,0.957,3.704
18:47:12,27.7,26.0,102.0,4.641,0.999,3.674
18:47:12,26.0,26.0,116.0,4.2,1.1,3.6
18:47:12,27.2,26.0,102.0,4.31,1.075,3.618
18:47:12,27.5,26.0,88.0,4.518,1.027,3.653
18:47:12,27.6,26.0,95.0,4.573,1.014,3.662
18:47:12,27.7,26.0,101.0,4.59,1.011,3.665
18:47:12,24.8,26.0,115.0,4.321,1.072,3.62
18:47:12,26.3,26.0,109.0,4.2,1.1,3.6
18:47:12,26.8,26.0,95.0,4.2,1.1,3.6
18:47:12,26.9,26.0,97.0,4.2,1.1,3.6
18:47:12,26.5,26.0,111.0,4.2,1.1,3.6
18:47:12,24.7,26.0,125.0,4.354,1.065,3.626
18:47:12,25.9,26.0,111.0,4.2,1.1,3.6
18:47:12,26.3,26.0,97.0,4.2,1.1,3.6
18:47:12,26.3,26.0,104.0,4.2,1.1,3.6
18:47:12,26.0,26.0,118.0,4.2,1.1,3.6
18:47:12,25.0,26.0,130.0,4.2,1.1,3.6
18:47:12,25.7,26.0,116.0,4.2,1.1,3.6
18:47:12,25.5,26.0,127.0,4.2,1.1,3.6
18:47:13,25.4,26.0,126.0,4.2,1.1,3.6
18:47:13,25.0,26.0,130.0,4.225,1.094,3.604
18:47:13,24.8,26.0,130.0,4.316,1.073,3.619
18:47:13,24.2,26.0,130.0,4.709,0.983,3.685
18:47:13,24.3,26.0,130.0,4.631,1.001,3.672
18:47:13,24.3,26.0,130.0,4.624,1.003,3.671
18:47:13,24.0,26.0,130.0,4.786,0.966,3.698
18:47:13,23.9,26.0,130.0,4.879,0.944,3.713
18:47:13,21.9,26.0,130.0,6.061,0.673,3.91
18:47:13,23.3,26.0,116.0,5.193,0.872,3.766
18:47:13,23.8,26.0,103.0,4.949,0.928,3.725
18:47:13,23.9,26.0,111.0,4.886,0.943,3.714
18:47:13,23.6,26.0,125.0,5.067,0.901,3.744
18:47:13,22.2,26.0,130.0,5.905,0.709,3.884
18:47:13,23.2,26.0,123.0,5.309,0.846,3.785
18:47:13,23.0,26.0,130.0,5.4,0.825,3.8
18:47:13,23.0,26.0,130.0,5.423,0.82,3.804
18:47:13,23.3,26.0,120.0,5.228,0.864,3.771
18:47:13,22.7,26.0,130.0,5.582,0.783,3.83
18:47:13,22.6,26.0,130.0,5.637,0.771,3.839
18:47:13,23.5,26.0,116.0,5.071,0.9,3.745
18:47:13,23.8,26.0,102.0,4.923,0.934,3.72
18:47:13,23.9,26.0,112.0,4.881,0.944,3.713
18:47:13,23.8,26.0,122.0,4.899,0.94,3.717
18:47:14,22.5,26.0,130.0,5.688,0.759,3.848
18:47:14,23.5,26.0,116.0,5.087,0.897,3.748
18:47:14,23.8,26.0,111.0,4.948,0.929,3.725
18:47:14,23.9,26.0,116.0,4.888,0.942,3.715
18:47:14,23.9,26.0,122.0,4.883,0.943,3.714
18:47:14,21.9,26.0,130.0,6.069,0.672,3.911
18:47:14,23.4,26.0,116.0,5.185,0.874,3.764
18:47:14,23.4,26.0,117.0,5.131,0.887,3.755
18:47:14,23.4,26.0,125.0,5.135,0.886,3.756
18:47:14,23.5,26.0,128.0,5.121,0.889,3.754
18:47:14,22.1,26.0,130.0,5.964,0.696,3.894
18:47:14,23.1,26.0,119.0,5.342,0.838,3.79
18:47:14,23.4,26.0,113.0,5.186,0.874,3.764
18:47:14,23.4,26.0,120.0,5.149,0.882,3.758
18:47:14,23.4,26.0,128.0,5.166,0.879,3.761
18:47:14,23.1,26.0,130.0,5.365,0.833,3.794
18:47:14,22.7,26.0,130.0,5.576,0.785,3.829
18:47:14,23.2,26.0,121.0,5.264,0.856,3.777
18:47:14,23.4,26.0,117.0,5.147,0.883,3.758
18:47:14,23.4,26.0,125.0,5.148,0.883,3.758
18:47:14,23.4,26.0,130.0,5.16,0.88,3.76
18:47:14,22.1,26.0,130.0,5.937,0.702,3.89
18:47:14,23.0,26.0,121.0,5.372,0.831,3.795
18:47:14,23.6,26.0,107.0,5.013,0.914,3.735
18:47:14,23.5,26.0,121.0,5.102,0.893,3.75
18:47:15,23.7,26.0,116.0,4.976,0.922,3.729
18:47:15,22.4,26.0,130.0,5.738,0.748,3.856
18:47:15,23.5,26.0,116.0,5.096,0.895,3.749
18:47:15,23.8,26.0,106.0,4.933,0.932,3.722
18:47:15,23.5,26.0,120.0,5.096,0.895,3.749
18:47:15,23.7,26.0,121.0,4.961,0.926,3.727
18:47:15,23.1,26.0,130.0,5.335,0.84,3.789
18:47:15,23.7,26.0,116.0,4.957,0.926,3.726
18:47:15,23.9,26.0,115.0,4.881,0.944,3.713
18:47:15,23.5,26.0,129.0,5.073,0.9,3.745
18:47:15,23.5,26.0,130.0,5.128,0.887,3.755
18:47:15,23.7,26.0,121.0,4.95,0.928,3.725
18:47:15,22.9,26.0,130.0,5.461,0.811,3.81
18:47:15,23.3,26.0,130.0,5.227,0.865,3.771
18:47:15,23.4,26.0,128.0,5.166,0.879,3.761
18:47:15,23.4,26.0,130.0,5.166,0.879,3.761
18:47:15,23.4,26.0,130.0,5.166,0.879,3.761
18:47:15,21.5,26.0,130.0,6.313,0.616,3.952
18:47:15,22.9,26.0,117.0,5.477,0.807,3.813
18:47:15,23.3,26.0,105.0,5.231,0.864,3.772
18:47:15,23.4,26.0,114.0,5.17,0.878,3.762
18:47:15,23.4,26.0,122.0,5.16,0.88,3.76
18:47:15,22.1,26.0,130.0,5.945,0.7,3.891
18:47:15,23.1,26.0,116.0,5.332,0.841,3.789
18:47:15,23.4,26.0,112.0,5.185,0.874,3.764
18:47:15,23.4,26.0,119.0,5.149,0.883,3.758
18:47:16,23.7,26.0,109.0,4.956,0.927,3.726
18:47:16,22.8,26.0,123.0,5.503,0.801,3.817
18:47:16,23.4,26.0,125.0,5.189,0.873,3.765
18:47:16,23.5,26.0,124.0,5.13,0.887,3.755
18:47:16,23.5,26.0,125.0,5.094,0.895,3.749
18:47:16,23.4,26.0,130.0,5.144,0.884,3.757
18:47:16,23.4,26.0,130.0,5.152,0.882,3.759
18:47:16,22.4,26.0,130.0,5.757,0.743,3.86
18:47:16,23.2,26.0,124.0,5.308,0.846,3.785
18:47:16,23.4,26.0,118.0,5.183,0.875,3.764
18:47:16,23.7,26.0,107.0,4.974,0.923,3.729
18:47:16,23.5,26.0,121.0,5.091,0.896,3.748
18:47:16,21.8,26.0,130.0,6.129,0.658,3.921
18:47:16,23.3,26.0,116.0,5.201,0.871,3.767
18:47:16,23.7,26.0,102.0,4.972,0.923,3.729
18:47:16,23.8,26.0,108.0,4.906,0.938,3.718
18:47:16,23.8,26.0,119.0,4.899,0.94,3.717
18:47:16,22.5,26.0,130.0,5.71,0.754,3.852
18:47:16,23.5,26.0,116.0,5.091,0.896,3.748
18:47:16,23.8,26.0,108.0,4.918,0.935,3.72
18:47:16,23.9,26.0,113.0,4.856,0.95,3.709
18:47:16,23.6,26.0,127.0,5.06,0.903,3.743
18:47:16,22.7,26.0,130.0,5.55,0.791,3.825
18:47:16,22.9,26.0,130.0,5.458,0.812,3.81
18:47:17,23.6,26.0,116.0,5.039,0.908,3.74
18:47:17,23.5,26.0,125.0,5.107,0.892,3.751
18:47:17,23.5,26.0,130.0,5.118,0.89,3.753
18:47:17,23.8,26.0,116.0,4.947,0.929,3.725
18:47:17,22.5,26.0,130.0,5.682,0.76,3.847
18:47:17,23.6,26.0,116.0,5.069,0.901,3.745
18:47:17,23.8,26.0,107.0,4.909,0.938,3.718
18:47:17,23.9,26.0,116.0,4.877,0.945,3.713
18:47:17,23.9,26.0,121.0,4.859,0.949,3.71
18:47:17,21.9,26.0,130.0,6.041,0.678,3.907
18:47:17,23.3,26.0,116.0,5.221,0.866,3.77
18:47:17,23.7,26.0,102.0,4.968,0.924,3.728
18:47:17,23.8,26.0,111.0,4.905,0.939,3.717
18:47:17,23.8,26.0,120.0,4.896,0.94,3.716
18:47:17,23.9,26.0,124.0,4.883,0.943,3.714
18:47:17,23.8,26.0,129.0,4.905,0.938,3.718
18:47:17,23.8,26.0,129.0,4.896,0.94,3.716
18:47:17,23.8,26.0,130.0,4.927,0.933,3.721
18:47:17,23.8,26.0,129.0,4.903,0.939,3.717
18:47:17,23.8,26.0,129.0,4.901,0.939,3.717
18:47:17,23.5,26.0,130.0,5.096,0.895,3.749
18:47:17,23.4,26.0,130.0,5.155,0.881,3.759
18:47:17,23.4,26.0,130.0,5.167,0.878,3.761
18:47:17,23.7,26.0,120.0,4.98,0.921,3.73
18:47:17,23.8,26.0,120.0,4.919,0.935,3.72
18:47:18,23.8,26.0,125.0,4.916,0.936,3.719
18:47:18,23.8,26.0,129.0,4.933,0.932,3.722
18:47:18,23.8,26.0,129.0,4.923,0.934,3.72
18:47:18,23.8,26.0,129.0,4.92,0.935,3.72
18:47:18,23.8,26.0,130.0,4.945,0.929,3.724
18:47:18,23.8,26.0,130.0,4.931,0.932,3.722
18:47:18,23.8,26.0,128.0,4.907,0.938,3.718
18:47:18,23.8,26.0,130.0,4.941,0.93,3.723
18:47:18,23.8,26.0,130.0,4.925,0.934,3.721
18:47:18,23.8,26.0,130.0,4.926,0.934,3.721
18:47:18,23.5,26.0,130.0,5.104,0.893,3.751
18:47:18,23.7,26.0,128.0,4.977,0.922,3.729
18:47:18,23.8,26.0,125.0,4.923,0.934,3.72
18:47:18,23.8,26.0,126.0,4.909,0.937,3.718
18:47:18,23.8,26.0,129.0,4.916,0.936,3.719
18:47:18,23.8,26.0,130.0,4.923,0.934,3.72
18:47:18,23.8,26.0,130.0,4.914,0.936,3.719
18:47:18,23.8,26.0,130.0,4.922,0.934,3.72
18:47:18,23.8,26.0,130.0,4.912,0.937,3.719
18:47:18,23.8,26.0,130.0,4.919,0.935,3.72
18:47:18,23.8,26.0,130.0,4.916,0.936,3.719
18:47:18,23.8,26.0,130.0,4.91,0.937,3.718
18:47:18,23.8,26.0,129.0,4.895,0.941,3.716
18:47:18,23.8,26.0,130.0,4.919,0.935,3.72
18:47:18,23.8,26.0,130.0,4.911,0.937,3.718
18:47:18,23.8,26.0,130.0,4.911,0.937,3.718
18:47:19,23.8,26.0,130.0,4.932,0.932,3.722
18:47:19,24.1,26.0,116.0,4.743,0.975,3.691
18:47:19,24.9,26.0,102.0,4.274,1.083,3.612
18:47:19,25.8,26.0,88.0,4.2,1.1,3.6
18:47:19,27.0,26.0,74.0,4.2,1.1,3.6
18:47:19,26.5,26.0,88.0,4.2,1.1,3.6
18:47:19,26.8,26.0,92.0,4.2,1.1,3.6
18:47:19,28.2,26.0,78.0,4.948,0.929,3.725
18:47:19,28.2,26.0,69.0,4.939,0.931,3.723
18:47:19,28.2,26.0,83.0,4.947,0.929,3.725
18:47:19,27.8,26.0,97.0,4.675,0.991,3.679
18:47:19,25.5,26.0,111.0,4.2,1.1,3.6
18:47:19,25.8,26.0,125.0,4.2,1.1,3.6
18:47:19,24.7,26.0,130.0,4.373,1.06,3.629
18:47:19,23.4,26.0,130.0,5.144,0.884,3.757
18:47:19,22.2,26.0,130.0,5.867,0.718,3.878
18:47:19,19.6,26.0,130.0,6.6,0.55,4.0
18:47:19,19.8,26.0,130.0,6.6,0.55,4.0
18:47:19,18.9,26.0,130.0,6.6,0.55,4.0
18:47:19,18.1,26.0,130.0,6.6,0.55,4.0
18:47:19,17.5,26.0,130.0,6.6,0.55,4.0
18:47:19,16.3,26.0,130.0,6.6,0.55,4.0
18:47:19,16.2,26.0,130.0,6.6,0.55,4.0
18:47:19,15.8,26.0,130.0,6.6,0.55,4.0
18:47:19,15.4,26.0,130.0,6.6,0.55,4.0
18:47:20,15.1,26.0,130.0,6.6,0.55,4.0
18:47:20,14.6,26.0,130.0,6.6,0.55,4.0
18:47:20,14.0,26.0,130.0,6.6,0.55,4.0
18:47:20,14.0,26.0,130.0,6.6,0.55,4.0
18:47:20,13.8,26.0,130.0,6.6,0.55,4.0
18:47:20,13.8,26.0,130.0,6.6,0.55,4.0
18:47:20,13.6,26.0,130.0,6.6,0.55,4.0
18:47:20,13.0,26.0,130.0,6.6,0.55,4.0
18:47:20,13.7,26.0,130.0,6.6,0.55,4.0
18:47:20,14.0,26.0,130.0,6.6,0.55,4.0
18:47:20,14.2,26.0,130.0,6.6,0.55,4.0
18:47:20,14.5,26.0,130.0,6.6,0.55,4.0
18:47:20,14.2,26.0,130.0,6.6,0.55,4.0
18:47:20,15.0,26.0,130.0,6.6,0.55,4.0
18:47:20,15.5,26.0,130.0,6.6,0.55,4.0
18:47:20,15.9,26.0,130.0,6.6,0.55,4.0
18:47:20,16.3,26.0,130.0,6.6,0.55,4.0
18:47:20,16.8,26.0,130.0,6.6,0.55,4.0
18:47:20,16.9,26.0,130.0,6.6,0.55,4.0
18:47:20,17.7,26.0,121.0,6.6,0.55,4.0
18:47:20,18.5,26.0,107.0,6.6,0.55,4.0
18:47:20,19.3,26.0,93.0,6.6,0.55,4.0
18:47:20,20.2,26.0,79.0,6.6,0.55,4.0
18:47:20,19.4,26.0,93.0,6.6,0.55,4.0
18:47:21,21.3,26.0,79.0,6.408,0.594,3.968
18:47:21,22.5,26.0,65.0,5.723,0.751,3.854
18:47:21,22.8,26.0,71.0,5.534,0.794,3.822
18:47:21,22.3,26.0,85.0,5.841,0.724,3.873
18:47:21,20.2,26.0,99.0,6.6,0.55,4.0
18:47:21,21.0,26.0,113.0,6.582,0.554,3.997
18:47:21,21.0,26.0,127.0,6.588,0.553,3.998
18:47:21,20.7,26.0,130.0,6.6,0.55,4.0
18:47:21,20.6,26.0,130.0,6.6,0.55,4.0
18:47:21,19.9,26.0,130.0,6.6,0.55,4.0
18:47:21,20.2,26.0,130.0,6.6,0.55,4.0
18:47:21,20.1,26.0,130.0,6.6,0.55,4.0
18:47:21,20.1,26.0,130.0,6.6,0.55,4.0
18:47:21,20.1,26.0,130.0,6.6,0.55,4.0
18:47:21,20.2,26.0,130.0,6.6,0.55,4.0
18:47:21,19.8,26.0,130.0,6.6,0.55,4.0
18:47:21,20.4,26.0,130.0,6.6,0.55,4.0
18:47:21,20.5,26.0,130.0,6.6,0.55,4.0
18:47:21,20.8,26.0,130.0,6.6,0.55,4.0
18:47:21,21.2,26.0,122.0,6.498,0.573,3.983
18:47:21,20.7,26.0,130.0,6.6,0.55,4.0
18:47:21,22.0,26.0,116.0,6.009,0.685,3.902
18:47:21,23.0,26.0,102.0,5.401,0.825,3.8
18:47:21,23.6,26.0,88.0,5.019,0.912,3.737
18:47:21,24.1,26.0,74.0,4.732,0.978,3.689
18:47:21,22.8,26.0,88.0,5.498,0.803,3.816
18:47:22,24.0,26.0,93.0,4.814,0.959,3.702
18:47:22,24.3,26.0,97.0,4.646,0.998,3.674
18:47:22,24.0,26.0,111.0,4.782,0.967,3.697
18:47:22,24.2,26.0,118.0,4.68,0.99,3.68
18:47:22,23.9,26.0,130.0,4.878,0.945,3.713
18:47:22,24.6,26.0,116.0,4.439,1.045,3.64
18:47:22,25.2,26.0,102.0,4.2,1.1,3.6
18:47:22,25.2,26.0,99.0,4.2,1.1,3.6
18:47:22,25.7,26.0,90.0,4.2,1.1,3.6
18:47:22,25.8,26.0,100.0,4.2,1.1,3.6
18:47:22,25.1,26.0,114.0,4.2,1.1,3.6
18:47:22,26.0,26.0,100.0,4.2,1.1,3.6
18:47:22,26.7,26.0,86.0,4.2,1.1,3.6
18:47:22,27.3,26.0,72.0,4.409,1.052,3.635
18:47:22,27.6,26.0,75.0,4.551,1.02,3.659
18:47:22,25.9,26.0,89.0,4.2,1.1,3.6
18:47:22,27.1,26.0,86.0,4.281,1.081,3.613
18:47:22,27.0,26.0,100.0,4.215,1.097,3.603
18:47:22,26.9,26.0,114.0,4.2,1.1,3.6
18:47:22,26.9,26.0,115.0,4.2,1.1,3.6
18:47:22,24.5,26.0,129.0,4.483,1.035,3.647
18:47:22,26.8,26.0,115.0,4.2,1.1,3.6
18:47:22,27.4,26.0,101.0,4.448,1.043,3.641
18:47:22,27.6,26.0,87.0,4.542,1.022,3.657
18:47:23,27.6,26.0,93.0,4.57,1.015,3.662
18:47:23,25.1,26.0,107.0,4.2,1.1,3.6
18:47:23,27.4,26.0,93.0,4.418,1.05,3.636
18:47:23,28.0,26.0,79.0,4.809,0.961,3.701
18:47:23,28.2,26.0,72.0,4.912,0.937,3.719
18:47:23,28.3,26.0,85.0,4.964,0.925,3.727
18:47:23,28.3,26.0,95.0,4.976,0.922,3.729
18:47:23,27.4,26.0,109.0,4.446,1.044,3.641
18:47:23,28.1,26.0,95.0,4.853,0.95,3.709
18:47:23,28.2,26.0,94.0,4.935,0.931,3.723
18:47:23,28.2,26.0,101.0,4.928,0.933,3.721
18:47:23,28.2,26.0,105.0,4.916,0.936,3.719
18:47:23,26.1,26.0,119.0,4.2,1.1,3.6
18:47:23,27.2,26.0,110.0,4.315,1.074,3.619
18:47:23,27.5,26.0,96.0,4.512,1.028,3.652
18:47:23,27.6,26.0,101.0,4.538,1.023,3.656
18:47:23,27.6,26.0,105.0,4.549,1.02,3.658
18:47:23,25.1,26.0,119.0,4.2,1.1,3.6
18:47:23,27.0,26.0,105.0,4.2,1.1,3.6
18:47:23,27.5,26.0,91.0,4.482,1.035,3.647
18:47:23,27.6,26.0,86.0,4.552,1.019,3.659
18:47:23,27.6,26.0,96.0,4.58,1.013,3.663
18:47:23,25.8,26.0,110.0,4.2,1.1,3.6
18:47:23,27.2,26.0,96.0,4.297,1.078,3.616
18:47:23,27.5,26.0,82.0,4.528,1.025,3.655
18:47:24,27.6,26.0,91.0,4.583,1.012,3.664
18:47:24,27.6,26.0,102.0,4.572,1.015,3.662
18:47:24,27.6,26.0,106.0,4.576,1.014,3.663
18:47:24,26.8,26.0,120.0,4.2,1.1,3.6
18:47:24,27.4,26.0,106.0,4.454,1.042,3.642
18:47:24,27.6,26.0,99.0,4.534,1.024,3.656
18:47:24,27.6,26.0,104.0,4.534,1.024,3.656
18:47:24,27.6,26.0,106.0,4.551,1.02,3.658
18:47:24,25.9,26.0,120.0,4.2,1.1,3.6
18:47:24,27.2,26.0,106.0,4.314,1.074,3.619
18:47:24,27.5,26.0,92.0,4.495,1.032,3.649
18:47:24,27.6,26.0,93.0,4.553,1.019,3.659
18:47:24,27.6,26.0,102.0,4.543,1.021,3.657
18:47:24,25.1,26.0,116.0,4.2,1.1,3.6
18:47:24,27.0,26.0,102.0,4.2,1.1,3.6
18:47:24,27.5,26.0,88.0,4.477,1.036,3.646
18:47:24,27.6,26.0,86.0,4.541,1.022,3.657
18:47:24,27.6,26.0,95.0,4.57,1.015,3.662
18:47:24,25.9,26.0,109.0,4.2,1.1,3.6
18:47:24,27.7,26.0,95.0,4.601,1.008,3.667
18:47:24,28.1,26.0,81.0,4.885,0.943,3.714
18:47:24,28.2,26.0,79.0,4.934,0.932,3.722
18:47:24,28.2,26.0,93.0,4.928,0.933,3.721
18:47:24,27.3,26.0,107.0,4.37,1.061,3.628
18:47:24,27.5,26.0,118.0,4.502,1.031,3.65
18:47:25,28.5,26.0,104.0,5.084,0.897,3.747
18:47:25,28.7,26.0,90.0,5.248,0.86,3.775
18:47:25,28.8,26.0,80.0,5.301,0.848,3.783
18:47:25,28.9,26.0,87.0,5.335,0.84,3.789
18:47:25,26.7,26.0,101.0,4.2,1.1,3.6
18:47:25,27.9,26.0,98.0,4.725,0.98,3.688
18:47:25,28.1,26.0,89.0,4.883,0.943,3.714
18:47:25,27.8,26.0,103.0,4.666,0.993,3.678
18:47:25,27.7,26.0,116.0,4.618,1.004,3.67
18:47:25,25.5,26.0,130.0,4.2,1.1,3.6
18:47:25,27.5,26.0,116.0,4.501,1.031,3.65
18:47:25,28.0,26.0,102.0,4.791,0.965,3.698
18:47:25,28.2,26.0,88.0,4.906,0.938,3.718
18:47:25,28.2,26.0,88.0,4.93,0.933,3.722
18:47:25,26.4,26.0,102.0,4.2,1.1,3.6
18:47:25,27.8,26.0,88.0,4.686,0.989,3.681
18:47:25,28.2,26.0,74.0,4.917,0.936,3.72
18:47:25,28.2,26.0,86.0,4.941,0.93,3.723
18:47:25,27.7,26.0,100.0,4.642,0.999,3.674
18:47:25,26.7,26.0,114.0,4.2,1.1,3.6
18:47:25,27.0,26.0,126.0,4.2,1.1,3.6
18:47:25,26.9,26.0,119.0,4.2,1.1,3.6
18:47:25,26.5,26.0,130.0,4.2,1.1,3.6
18:47:25,26.4,26.0,130.0,4.2,1.1,3.6
18:47:25,26.3,26.0,124.0,4.2,1.1,3.6
18:47:26,26.3,26.0,119.0,4.2,1.1,3.6
18:47:26,26.3,26.0,118.0,4.2,1.1,3.6
18:47:26,26.3,26.0,117.0,4.2,1.1,3.6
18:47:26,26.3,26.0,115.0,4.2,1.1,3.6
18:47:26,26.2,26.0,120.0,4.2,1.1,3.6
18:47:26,26.3,26.0,111.0,4.2,1.1,3.6
18:47:26,25.9,26.0,125.0,4.2,1.1,3.6
18:47:26,26.1,26.0,112.0,4.2,1.1,3.6
18:47:26,26.3,26.0,108.0,4.2,1.1,3.6
18:47:26,26.3,26.0,110.0,4.2,1.1,3.6
18:47:26,26.3,26.0,112.0,4.2,1.1,3.6
18:47:26,26.3,26.0,113.0,4.2,1.1,3.6
18:47:26,26.3,26.0,114.0,4.2,1.1,3.6
18:47:26,26.3,26.0,112.0,4.2,1.1,3.6
18:47:26,26.7,26.0,98.0,4.2,1.1,3.6
18:47:26,26.8,26.0,99.0,4.2,1.1,3.6
18:47:26,26.9,26.0,101.0,4.2,1.1,3.6
18:47:26,26.9,26.0,105.0,4.2,1.1,3.6
18:47:26,27.3,26.0,91.0,4.387,1.057,3.631
18:47:26,27.5,26.0,85.0,4.527,1.025,3.655
18:47:26,27.6,26.0,95.0,4.542,1.022,3.657
18:47:26,27.6,26.0,100.0,4.56,1.017,3.66
18:47:26,27.6,26.0,106.0,4.532,1.024,3.655
18:47:26,27.5,26.0,108.0,4.513,1.028,3.652
18:47:26,28.0,26.0,94.0,4.791,0.965,3.698
18:47:26,28.1,26.0,89.0,4.853,0.95,3.709
18:47:27,28.2,26.0,92.0,4.9,0.94,3.717
18:47:27,28.2,26.0,98.0,4.9,0.94,3.717
18:47:27,28.1,26.0,102.0,4.886,0.943,3.714
18:47:27,28.1,26.0,105.0,4.857,0.949,3.709
18:47:27,28.1,26.0,102.0,4.884,0.943,3.714
18:47:27,28.2,26.0,101.0,4.906,0.938,3.718
18:47:27,28.1,26.0,104.0,4.88,0.944,3.713
18:47:27,28.1,26.0,103.0,4.88,0.944,3.713
18:47:27,28.1,26.0,103.0,4.887,0.943,3.714
18:47:27,28.2,26.0,100.0,4.917,0.936,3.72
18:47:27,28.2,26.0,102.0,4.909,0.938,3.718
18:47:27,28.2,26.0,102.0,4.906,0.938,3.718
18:47:27,28.1,26.0,105.0,4.874,0.946,3.712
18:47:27,28.1,26.0,106.0,4.853,0.95,3.709
18:47:27,28.2,26.0,100.0,4.904,0.939,3.717
18:47:27,28.2,26.0,101.0,4.898,0.94,3.716
18:47:27,26.4,26.0,115.0,4.2,1.1,3.6
18:47:27,27.7,26.0,101.0,4.639,0.999,3.673
18:47:27,28.0,26.0,87.0,4.815,0.959,3.702
18:47:27,28.1,26.0,86.0,4.867,0.947,3.711
18:47:27,28.2,26.0,91.0,4.901,0.939,3.717
18:47:27,25.6,26.0,105.0,4.2,1.1,3.6
18:47:27,27.6,26.0,91.0,4.539,1.022,3.656
18:47:27,28.1,26.0,77.0,4.852,0.951,3.709
18:47:27,28.2,26.0,74.0,4.942,0.93,3.724
18:47:28,28.2,26.0,88.0,4.93,0.933,3.722
18:47:28,26.4,26.0,102.0,4.2,1.1,3.6
18:47:28,27.8,26.0,88.0,4.678,0.99,3.68
18:47:28,28.1,26.0,75.0,4.862,0.948,3.71
18:47:28,28.2,26.0,81.0,4.945,0.929,3.724
18:47:28,28.2,26.0,92.0,4.935,0.932,3.722
18:47:28,27.3,26.0,106.0,4.376,1.06,3.629
18:47:28,27.1,26.0,120.0,4.247,1.089,3.608
18:47:28,28.0,26.0,106.0,4.771,0.969,3.695
18:47:28,28.1,26.0,92.0,4.872,0.946,3.712
18:47:28,28.2,26.0,87.0,4.92,0.935,3.72
18:47:28,28.2,26.0,95.0,4.899,0.94,3.716
18:47:28,26.4,26.0,109.0,4.2,1.1,3.6
18:47:28,27.8,26.0,95.0,4.701,0.985,3.684
18:47:28,27.7,26.0,95.0,4.632,1.001,3.672
18:47:28,27.7,26.0,101.0,4.608,1.007,3.668
18:47:28,27.6,26.0,104.0,4.587,1.011,3.664
18:47:28,25.2,26.0,118.0,4.2,1.1,3.6
18:47:28,26.9,26.0,104.0,4.2,1.1,3.6
18:47:28,27.4,26.0,90.0,4.451,1.043,3.642
18:47:28,27.5,26.0,81.0,4.523,1.026,3.654
18:47:28,27.1,26.0,95.0,4.265,1.085,3.611
18:47:28,25.4,26.0,109.0,4.2,1.1,3.6
18:47:28,26.5,26.0,97.0,4.2,1.1,3.6
18:47:28,26.8,26.0,88.0,4.2,1.1,3.6
18:47:29,26.9,26.0,94.0,4.2,1.1,3.6
18:47:29,26.9,26.0,101.0,4.2,1.1,3.6
18:47:29,26.0,26.0,115.0,4.2,1.1,3.6
18:47:29,26.8,26.0,101.0,4.2,1.1,3.6
18:47:29,27.4,26.0,87.0,4.441,1.045,3.64
18:47:29,27.6,26.0,77.0,4.55,1.02,3.658
18:47:29,27.6,26.0,87.0,4.583,1.012,3.664
18:47:29,27.6,26.0,97.0,4.566,1.016,3.661
18:47:29,25.9,26.0,111.0,4.2,1.1,3.6
18:47:29,27.1,26.0,97.0,4.286,1.08,3.614
18:47:29,27.5,26.0,83.0,4.518,1.027,3.653
18:47:29,27.6,26.0,87.0,4.556,1.018,3.659
18:47:29,27.6,26.0,93.0,4.578,1.013,3.663
18:47:29,25.1,26.0,107.0,4.2,1.1,3.6
18:47:29,26.9,26.0,93.0,4.2,1.1,3.6
18:47:29,27.4,26.0,79.0,4.454,1.042,3.642
18:47:29,27.6,26.0,77.0,4.561,1.017,3.66
18:47:29,27.6,26.0,89.0,4.569,1.015,3.662
18:47:29,25.9,26.0,103.0,4.2,1.1,3.6
18:47:29,27.2,26.0,89.0,4.313,1.074,3.619
18:47:29,27.5,26.0,76.0,4.519,1.027,3.653
18:47:29,27.6,26.0,87.0,4.553,1.019,3.659
18:47:29,27.6,26.0,93.0,4.574,1.014,3.662
18:47:29,26.7,26.0,107.0,4.2,1.1,3.6
18:47:29,26.6,26.0,121.0,4.2,1.1,3.6
18:47:30,27.3,26.0,107.0,4.404,1.053,3.634
18:47:30,27.5,26.0,93.0,4.515,1.028,3.653
18:47:30,27.6,26.0,89.0,4.559,1.018,3.66
18:47:30,27.6,26.0,97.0,4.548,1.02,3.658
18:47:30,26.9,26.0,111.0,4.2,1.1,3.6
18:47:30,27.5,26.0,97.0,4.47,1.038,3.645
18:47:30,27.6,26.0,90.0,4.549,1.02,3.658
18:47:30,27.6,26.0,93.0,4.586,1.012,3.664
18:47:30,27.7,26.0,97.0,4.594,1.01,3.666
18:47:30,25.2,26.0,111.0,4.2,1.1,3.6
18:47:30,26.9,26.0,97.0,4.2,1.1,3.6
18:47:30,27.4,26.0,83.0,4.441,1.045,3.64
18:47:30,27.6,26.0,77.0,4.544,1.021,3.657
18:47:30,27.6,26.0,87.0,4.567,1.016,3.661
18:47:30,25.9,26.0,101.0,4.2,1.1,3.6
18:47:30,27.1,26.0,87.0,4.288,1.08,3.615
18:47:30,27.5,26.0,75.0,4.505,1.03,3.651
18:47:30,27.6,26.0,84.0,4.563,1.017,3.66
18:47:30,27.6,26.0,92.0,4.573,1.014,3.662
18:47:30,26.7,26.0,106.0,4.2,1.1,3.6
18:47:30,27.4,26.0,92.0,4.433,1.047,3.639
18:47:30,27.6,26.0,86.0,4.555,1.019,3.659
18:47:30,27.7,26.0,90.0,4.598,1.009,3.666
18:47:30,27.6,26.0,99.0,4.557,1.018,3.659
18:47:30,27.6,26.0,100.0,4.561,1.017,3.66
18:47:31,25.9,26.0,114.0,4.2,1.1,3.6
18:47:31,27.2,26.0,100.0,4.297,1.078,3.616
18:47:31,27.5,26.0,86.0,4.504,1.03,3.651
18:47:31,27.6,26.0,86.0,4.535,1.023,3.656
18:47:31,27.6,26.0,91.0,4.568,1.016,3.661
18:47:31,25.2,26.0,105.0,4.2,1.1,3.6
18:47:31,27.0,26.0,91.0,4.2,1.1,3.6
18:47:31,27.4,26.0,77.0,4.459,1.041,3.643
18:47:31,27.5,26.0,78.0,4.525,1.026,3.654
18:47:31,27.6,26.0,86.0,4.565,1.016,3.661
18:47:31,25.9,26.0,100.0,4.2,1.1,3.6
18:47:31,27.2,26.0,86.0,4.302,1.077,3.617
18:47:31,27.5,26.0,73.0,4.519,1.027,3.653
18:47:31,27.6,26.0,83.0,4.563,1.017,3.661
18:47:31,27.6,26.0,92.0,4.563,1.017,3.661
18:47:31,26.7,26.0,106.0,4.2,1.1,3.6
18:47:31,27.4,26.0,92.0,4.439,1.045,3.64
18:47:31,27.6,26.0,86.0,4.539,1.022,3.657
18:47:31,27.6,26.0,91.0,4.566,1.016,3.661
18:47:31,27.6,26.0,96.0,4.561,1.017,3.66
18:47:31,27.6,26.0,97.0,4.573,1.015,3.662
18:47:31,26.8,26.0,111.0,4.2,1.1,3.6
18:47:31,27.4,26.0,97.0,4.437,1.046,3.639
18:47:31,27.6,26.0,87.0,4.549,1.02,3.658
18:47:31,27.6,26.0,90.0,4.586,1.012,3.664
18:47:32,27.6,26.0,95.0,4.584,1.012,3.664
18:47:32,25.1,26.0,109.0,4.2,1.1,3.6
18:47:32,26.9,26.0,95.0,4.2,1.1,3.6
18:47:32,27.4,26.0,81.0,4.431,1.047,3.638
18:47:32,27.6,26.0,74.0,4.547,1.02,3.658
18:47:32,27.6,26.0,84.0,4.582,1.012,3.664
18:47:32,24.1,26.0,98.0,4.743,0.976,3.691
18:47:32,26.6,26.0,84.0,4.2,1.1,3.6
18:47:32,27.3,26.0,70.0,4.394,1.056,3.632
18:47:32,27.5,26.0,65.0,4.519,1.027,3.653
18:47:32,27.6,26.0,79.0,4.546,1.021,3.658
18:47:32,26.7,26.0,93.0,4.2,1.1,3.6
18:47:32,27.4,26.0,84.0,4.425,1.048,3.638
18:47:32,27.5,26.0,84.0,4.529,1.025,3.655
18:47:32,27.6,26.0,87.0,4.587,1.011,3.664
18:47:32,27.6,26.0,95.0,4.56,1.018,3.66
18:47:32,28.0,26.0,81.0,4.784,0.966,3.697
18:47:32,27.3,26.0,95.0,4.399,1.054,3.633
18:47:32,28.0,26.0,81.0,4.821,0.958,3.703
18:47:32,28.2,26.0,76.0,4.922,0.934,3.72
18:47:32,28.2,26.0,84.0,4.946,0.929,3.724
18:47:32,28.2,26.0,92.0,4.91,0.937,3.718
18:47:32,26.5,26.0,106.0,4.2,1.1,3.6
18:47:32,27.7,26.0,92.0,4.604,1.008,3.667
18:47:33,28.1,26.0,78.0,4.832,0.955,3.705
18:47:33,28.6,26.0,64.0,5.187,0.874,3.765
18:47:33,28.8,26.0,62.0,5.294,0.849,3.782
18:47:33,26.1,26.0,76.0,4.2,1.1,3.6
18:47:33,27.7,26.0,77.0,4.641,0.999,3.674
18:47:33,28.5,26.0,63.0,5.123,0.889,3.754
18:47:33,28.3,26.0,77.0,4.988,0.919,3.731
18:47:33,28.3,26.0,89.0,4.965,0.925,3.728
18:47:33,26.4,26.0,103.0,4.2,1.1,3.6
18:47:33,27.8,26.0,89.0,4.664,0.994,3.677
18:47:33,28.1,26.0,75.0,4.857,0.949,3.71
18:47:33,27.7,26.0,89.0,4.634,1.0,3.672
18:47:33,28.1,26.0,81.0,4.838,0.954,3.706
18:47:33,28.2,26.0,82.0,4.913,0.937,3.719
18:47:33,27.4,26.0,96.0,4.421,1.049,3.637
18:47:33,28.0,26.0,83.0,4.781,0.967,3.697
18:47:33,28.7,26.0,69.0,5.19,0.873,3.765
18:47:33,28.8,26.0,64.0,5.28,0.853,3.78
18:47:33,28.8,26.0,78.0,5.262,0.857,3.777
18:47:33,27.0,26.0,92.0,4.2,1.1,3.6
18:47:33,28.4,26.0,78.0,5.018,0.912,3.736
18:47:33,28.7,26.0,64.0,5.247,0.86,3.774
18:47:33,28.4,26.0,78.0,5.047,0.906,3.741
18:47:33,28.3,26.0,92.0,4.986,0.92,3.731
18:47:33,25.6,26.0,106.0,4.2,1.1,3.6
18:47:33,27.1,26.0,94.0,4.264,1.085,3.611
18:47:34,27.5,26.0,80.0,4.487,1.034,3.648
18:47:34,27.6,26.0,83.0,4.544,1.021,3.657
18:47:34,27.6,26.0,90.0,4.544,1.021,3.657
18:47:34,25.8,26.0,104.0,4.2,1.1,3.6
18:47:34,27.1,26.0,90.0,4.289,1.08,3.615
18:47:34,27.5,26.0,76.0,4.515,1.028,3.652
18:47:34,27.6,26.0,79.0,4.566,1.016,3.661
18:47:34,27.6,26.0,87.0,4.571,1.015,3.662
18:47:34,27.1,26.0,101.0,4.279,1.082,3.613
18:47:34,27.0,26.0,115.0,4.2,1.1,3.6
18:47:34,26.5,26.0,129.0,4.2,1.1,3.6
18:47:34,26.4,26.0,123.0,4.2,1.1,3.6
18:47:34,25.9,26.0,130.0,4.2,1.1,3.6
18:47:34,25.7,26.0,128.0,4.2,1.1,3.6
18:47:34,25.4,26.0,130.0,4.2,1.1,3.6
18:47:34,25.3,26.0,125.0,4.2,1.1,3.6
18:47:34,25.3,26.0,117.0,4.2,1.1,3.6
18:47:34,25.3,26.0,111.0,4.2,1.1,3.6
18:47:34,25.6,26.0,97.0,4.2,1.1,3.6
18:47:34,25.7,26.0,95.0,4.2,1.1,3.6
18:47:34,26.1,26.0,81.0,4.2,1.1,3.6
18:47:34,26.6,26.0,67.0,4.2,1.1,3.6
18:47:34,26.8,26.0,76.0,4.2,1.1,3.6
18:47:34,27.3,26.0,64.0,4.36,1.063,3.627
18:47:34,27.5,26.0,71.0,4.475,1.037,3.646
18:47:35,27.5,26.0,80.0,4.523,1.026,3.654
18:47:35,27.6,26.0,87.0,4.537,1.023,3.656
18:47:35,27.5,26.0,92.0,4.528,1.025,3.655
18:47:35,27.6,26.0,91.0,4.563,1.017,3.66
18:47:35,27.6,26.0,95.0,4.546,1.021,3.658
18:47:35,27.6,26.0,95.0,4.551,1.02,3.659
18:47:35,27.6,26.0,95.0,4.559,1.018,3.66
18:47:35,27.5,26.0,98.0,4.525,1.026,3.654
18:47:35,27.5,26.0,101.0,4.48,1.036,3.647
18:47:35,27.5,26.0,97.0,4.494,1.033,3.649
18:47:35,28.0,26.0,83.0,4.799,0.963,3.7
18:47:35,28.0,26.0,80.0,4.821,0.958,3.703
18:47:35,28.2,26.0,80.0,4.894,0.941,3.716
18:47:35,28.6,26.0,66.0,5.169,0.878,3.761
18:47:35,28.7,26.0,73.0,5.193,0.873,3.765
18:47:35,28.7,26.0,77.0,5.24,0.862,3.773
18:47:35,28.8,26.0,80.0,5.265,0.856,3.778
18:47:35,28.7,26.0,86.0,5.24,0.862,3.773
18:47:35,28.7,26.0,87.0,5.243,0.861,3.774
18:47:35,28.8,26.0,84.0,5.277,0.853,3.78
18:47:35,28.4,26.0,98.0,5.041,0.907,3.74
18:47:35,28.2,26.0,107.0,4.942,0.93,3.724
18:47:35,28.2,26.0,103.0,4.899,0.94,3.716
18:47:35,28.1,26.0,99.0,4.875,0.945,3.712
18:47:35,28.1,26.0,96.0,4.868,0.947,3.711
18:47:36,27.2,26.0,110.0,4.304,1.076,3.617
18:47:36,27.1,26.0,124.0,4.245,1.09,3.607
18:47:36,27.9,26.0,110.0,4.732,0.978,3.689
18:47:36,28.1,26.0,96.0,4.853,0.95,3.709
18:47:36,28.1,26.0,82.0,4.875,0.945,3.713
18:47:36,28.1,26.0,84.0,4.882,0.944,3.714
18:47:36,26.5,26.0,98.0,4.2,1.1,3.6
18:47:36,27.3,26.0,94.0,4.37,1.061,3.628
18:47:36,27.5,26.0,85.0,4.485,1.035,3.647
18:47:36,27.6,26.0,84.0,4.55,1.02,3.658
18:47:36,28.0,26.0,70.0,4.798,0.963,3.7
18:47:36,25.5,26.0,84.0,4.2,1.1,3.6
18:47:36,27.5,26.0,70.0,4.507,1.03,3.651
18:47:36,28.0,26.0,56.0,4.818,0.958,3.703
18:47:36,28.1,26.0,63.0,4.886,0.943,3.714
18:47:36,28.2,26.0,73.0,4.921,0.935,3.72
18:47:36,26.4,26.0,87.0,4.2,1.1,3.6
18:47:36,27.8,26.0,73.0,4.675,0.991,3.679
18:47:36,28.1,26.0,62.0,4.868,0.947,3.711
18:47:36,28.2,26.0,70.0,4.94,0.93,3.723
18:47:36,28.2,26.0,83.0,4.905,0.938,3.717
18:47:36,28.2,26.0,84.0,4.923,0.934,3.72
18:47:36,27.4,26.0,98.0,4.414,1.051,3.636
18:47:36,27.6,26.0,101.0,4.546,1.021,3.658
18:47:36,27.6,26.0,95.0,4.565,1.016,3.661
18:47:37,27.6,26.0,94.0,4.57,1.015,3.662
18:47:37,27.6,26.0,94.0,4.555,1.019,3.659
18:47:37,26.3,26.0,108.0,4.2,1.1,3.6
18:47:37,27.3,26.0,94.0,4.362,1.063,3.627
18:47:37,27.9,26.0,80.0,4.738,0.977,3.69
18:47:37,28.1,26.0,66.0,4.883,0.943,3.714
18:47:37,28.2,26.0,73.0,4.902,0.939,3.717
18:47:37,25.6,26.0,87.0,4.2,1.1,3.6
18:47:37,27.6,26.0,73.0,4.537,1.023,3.656
18:47:37,28.1,26.0,59.0,4.844,0.952,3.707
18:47:37,28.2,26.0,63.0,4.905,0.939,3.717
18:47:37,28.2,26.0,74.0,4.923,0.934,3.72
18:47:37,26.7,26.0,88.0,4.2,1.1,3.6
18:47:37,28.4,26.0,74.0,5.012,0.914,3.735
18:47:37,28.7,26.0,60.0,5.245,0.861,3.774
18:47:37,28.8,26.0,59.0,5.304,0.847,3.784
18:47:37,28.4,26.0,73.0,5.018,0.913,3.736
18:47:37,27.3,26.0,87.0,4.365,1.062,3.627
18:47:37,27.1,26.0,101.0,4.24,1.091,3.607
18:47:37,27.9,26.0,87.0,4.755,0.973,3.693
18:47:37,27.7,26.0,90.0,4.624,1.003,3.671
18:47:37,27.7,26.0,93.0,4.592,1.01,3.665
18:47:37,27.6,26.0,94.0,4.572,1.015,3.662
18:47:37,25.9,26.0,108.0,4.2,1.1,3.6
18:47:37,27.2,26.0,94.0,4.3,1.077,3.617
18:47:38,27.5,26.0,80.0,4.515,1.028,3.652
18:47:38,27.6,26.0,75.0,4.559,1.018,3.66
18:47:38,27.6,26.0,82.0,4.569,1.016,3.661
18:47:38,25.1,26.0,96.0,4.2,1.1,3.6
18:47:38,26.9,26.0,82.0,4.2,1.1,3.6
18:47:38,27.5,26.0,68.0,4.471,1.038,3.645
18:47:38,27.1,26.0,82.0,4.249,1.089,3.608
18:47:38,27.0,26.0,96.0,4.2,1.1,3.6
18:47:38,24.9,26.0,110.0,4.257,1.087,3.609
18:47:38,26.0,26.0,96.0,4.2,1.1,3.6
18:47:38,26.3,26.0,82.0,4.2,1.1,3.6
18:47:38,26.3,26.0,89.0,4.2,1.1,3.6
18:47:38,26.3,26.0,94.0,4.2,1.1,3.6
18:47:38,25.1,26.0,108.0,4.2,1.1,3.6
18:47:38,25.3,26.0,119.0,4.2,1.1,3.6
18:47:38,26.0,26.0,105.0,4.2,1.1,3.6
18:47:38,26.3,26.0,91.0,4.2,1.1,3.6
18:47:38,26.3,26.0,84.0,4.2,1.1,3.6
18:47:38,26.3,26.0,92.0,4.2,1.1,3.6
18:47:38,24.8,26.0,106.0,4.316,1.073,3.619
18:47:38,26.4,26.0,92.0,4.2,1.1,3.6
18:47:38,26.8,26.0,78.0,4.2,1.1,3.6
18:47:38,27.4,26.0,64.0,4.421,1.049,3.637
18:47:38,27.5,26.0,60.0,4.524,1.026,3.654
18:47:38,25.1,26.0,74.0,4.2,1.1,3.6
18:47:39,27.0,26.0,60.0,4.2,1.1,3.6
18:47:39,27.4,26.0,52.0,4.467,1.039,3.644
18:47:39,27.6,26.0,63.0,4.575,1.014,3.663
18:47:39,27.6,26.0,76.0,4.577,1.014,3.663
18:47:39,25.9,26.0,90.0,4.2,1.1,3.6
18:47:39,27.2,26.0,76.0,4.299,1.077,3.617
18:47:39,27.5,26.0,63.0,4.518,1.027,3.653
18:47:39,27.6,26.0,73.0,4.57,1.015,3.662
18:47:39,27.6,26.0,82.0,4.558,1.018,3.66
18:47:39,26.7,26.0,96.0,4.2,1.1,3.6
18:47:39,26.5,26.0,110.0,4.2,1.1,3.6
18:47:39,27.3,26.0,96.0,4.369,1.061,3.628
18:47:39,27.5,26.0,82.0,4.512,1.029,3.652
18:47:39,27.6,26.0,76.0,4.554,1.019,3.659
18:47:39,27.6,26.0,81.0,4.574,1.014,3.662
18:47:39,25.9,26.0,95.0,4.2,1.1,3.6
18:47:39,27.2,26.0,81.0,4.298,1.078,3.616
18:47:39,27.5,26.0,67.0,4.483,1.035,3.647
18:47:39,27.6,26.0,72.0,4.566,1.016,3.661
18:47:39,27.6,26.0,82.0,4.547,1.02,3.658
18:47:39,25.1,26.0,96.0,4.2,1.1,3.6
18:47:39,26.9,26.0,82.0,4.2,1.1,3.6
18:47:39,27.5,26.0,68.0,4.471,1.038,3.645
18:47:39,27.6,26.0,65.0,4.546,1.021,3.658
18:47:39,27.6,26.0,76.0,4.561,1.017,3.66
18:47:40,25.9,26.0,90.0,4.2,1.1,3.6
18:47:40,27.2,26.0,76.0,4.297,1.078,3.616
18:47:40,27.5,26.0,62.0,4.517,1.027,3.653
18:47:40,27.6,26.0,73.0,4.553,1.019,3.659
18:47:40,27.6,26.0,80.0,4.567,1.016,3.661
18:47:40,26.7,26.0,94.0,4.2,1.1,3.6
18:47:40,27.4,26.0,80.0,4.466,1.039,3.644
18:47:40,27.6,26.0,74.0,4.572,1.015,3.662
18:47:40,27.6,26.0,80.0,4.586,1.012,3.664
18:47:40,27.6,26.0,84.0,4.587,1.011,3.664
18:47:40,27.6,26.0,87.0,4.584,1.012,3.664
18:47:40,25.6,26.0,101.0,4.2,1.1,3.6
18:47:40,26.6,26.0,96.0,4.2,1.1,3.6
18:47:40,26.8,26.0,82.0,4.2,1.1,3.6
18:47:40,26.5,26.0,96.0,4.2,1.1,3.6
18:47:40,26.5,26.0,100.0,4.2,1.1,3.6
18:47:40,24.1,26.0,114.0,4.714,0.982,3.686
18:47:40,25.7,26.0,100.0,4.2,1.1,3.6
18:47:40,26.2,26.0,86.0,4.2,1.1,3.6
18:47:40,26.3,26.0,75.0,4.2,1.1,3.6
18:47:40,26.0,26.0,89.0,4.2,1.1,3.6
18:47:40,24.6,26.0,103.0,4.449,1.043,3.641
18:47:40,25.9,26.0,89.0,4.2,1.1,3.6
18:47:40,26.3,26.0,75.0,4.2,1.1,3.6
18:47:41,26.4,26.0,76.0,4.2,1.1,3.6
18:47:41,26.3,26.0,88.0,4.2,1.1,3.6
18:47:41,25.9,26.0,102.0,4.2,1.1,3.6
18:47:41,26.6,26.0,88.0,4.2,1.1,3.6
18:47:41,26.9,26.0,74.0,4.2,1.1,3.6
18:47:41,26.9,26.0,78.0,4.2,1.1,3.6
18:47:41,27.4,26.0,64.0,4.446,1.044,3.641
18:47:41,27.6,26.0,66.0,4.548,1.02,3.658
18:47:41,26.8,26.0,80.0,4.2,1.1,3.6
18:47:41,27.4,26.0,75.0,4.443,1.044,3.641
18:47:41,27.5,26.0,75.0,4.524,1.026,3.654
18:47:41,27.6,26.0,79.0,4.565,1.016,3.661
18:47:41,27.6,26.0,82.0,4.577,1.014,3.663
18:47:41,25.9,26.0,96.0,4.2,1.1,3.6
18:47:41,27.2,26.0,82.0,4.301,1.077,3.617
18:47:41,27.5,26.0,68.0,4.512,1.029,3.652
18:47:41,27.6,26.0,71.0,4.572,1.015,3.662
18:47:41,27.6,26.0,81.0,4.552,1.019,3.659
18:47:41,25.1,26.0,95.0,4.2,1.1,3.6
18:47:41,26.9,26.0,81.0,4.2,1.1,3.6
18:47:41,27.4,26.0,67.0,4.46,1.041,3.643
18:47:41,27.6,26.0,63.0,4.549,1.02,3.658
18:47:41,27.6,26.0,75.0,4.559,1.018,3.66
18:47:41,26.6,26.0,89.0,4.2,1.1,3.6
18:47:41,27.4,26.0,75.0,4.427,1.048,3.638
18:47:41,27.6,26.0,70.0,4.567,1.016,3.661
18:47:42,27.6,26.0,79.0,4.564,1.017,3.661
18:47:42,27.6,26.0,82.0,4.577,1.014,3.663
18:47:42,27.6,26.0,84.0,4.588,1.011,3.665
18:47:42,26.8,26.0,98.0,4.2,1.1,3.6
18:47:42,27.4,26.0,84.0,4.437,1.046,3.639
18:47:42,27.5,26.0,77.0,4.529,1.025,3.655
18:47:42,27.6,26.0,79.0,4.566,1.016,3.661
18:47:42,27.6,26.0,85.0,4.55,1.02,3.658
18:47:42,25.9,26.0,99.0,4.2,1.1,3.6
18:47:42,27.1,26.0,85.0,4.277,1.082,3.613
18:47:42,27.5,26.0,71.0,4.494,1.033,3.649
18:47:42,27.5,26.0,72.0,4.529,1.025,3.655
18:47:42,27.6,26.0,78.0,4.549,1.02,3.658
18:47:42,25.1,26.0,92.0,4.2,1.1,3.6
18:47:42,26.9,26.0,78.0,4.2,1.1,3.6
18:47:42,27.4,26.0,64.0,4.465,1.039,3.644
18:47:42,27.6,26.0,62.0,4.547,1.02,3.658
18:47:42,27.6,26.0,75.0,4.541,1.022,3.657
18:47:42,27.6,26.0,79.0,4.57,1.015,3.662
18:47:42,27.6,26.0,85.0,4.548,1.02,3.658
18:47:42,27.6,26.0,84.0,4.569,1.015,3.661
18:47:42,27.6,26.0,87.0,4.544,1.021,3.657
18:47:42,27.6,26.0,86.0,4.561,1.017,3.66
18:47:42,27.6,26.0,87.0,4.552,1.019,3.659
18:47:42,27.5,26.0,90.0,4.512,1.028,3.652
18:47:43,27.6,26.0,86.0,4.548,1.02,3.658
18:47:43,27.6,26.0,87.0,4.538,1.023,3.656
18:47:43,27.6,26.0,86.0,4.542,1.022,3.657
18:47:43,27.6,26.0,86.0,4.543,1.021,3.657
18:47:43,27.5,26.0,88.0,4.526,1.025,3.654
18:47:43,27.6,26.0,86.0,4.535,1.023,3.656
18:47:43,27.5,26.0,88.0,4.514,1.028,3.652
18:47:43,27.5,26.0,87.0,4.521,1.026,3.654
18:47:43,27.6,26.0,86.0,4.53,1.024,3.655
18:47:43,27.6,26.0,86.0,4.533,1.024,3.655
18:47:43,27.5,26.0,87.0,4.52,1.027,3.653
18:47:43,27.6,26.0,83.0,4.557,1.018,3.659
18:47:43,27.6,26.0,85.0,4.548,1.02,3.658
18:47:43,27.6,26.0,86.0,4.548,1.02,3.658
18:47:43,27.6,26.0,87.0,4.531,1.024,3.655
18:47:43,27.5,26.0,89.0,4.506,1.03,3.651
18:47:43,27.5,26.0,87.0,4.509,1.029,3.651
18:47:43,27.5,26.0,87.0,4.503,1.031,3.65
18:47:43,27.5,26.0,85.0,4.518,1.027,3.653
18:47:43,27.5,26.0,86.0,4.515,1.028,3.653
18:47:43,27.5,26.0,88.0,4.491,1.033,3.649
18:47:43,27.5,26.0,86.0,4.504,1.03,3.651
18:47:43,27.5,26.0,84.0,4.528,1.025,3.655
18:47:43,27.6,26.0,84.0,4.539,1.022,3.657
18:47:43,27.5,26.0,88.0,4.498,1.032,3.65
18:47:44,27.5,26.0,86.0,4.51,1.029,3.652
18:47:44,27.5,26.0,86.0,4.503,1.031,3.65
18:47:44,27.6,26.0,83.0,4.531,1.024,3.655
18:47:44,27.6,26.0,84.0,4.533,1.024,3.656
18:47:44,27.5,26.0,85.0,4.524,1.026,3.654
18:47:44,27.5,26.0,87.0,4.497,1.032,3.649
18:47:44,27.5,26.0,84.0,4.523,1.026,3.654
18:47:44,27.5,26.0,85.0,4.51,1.029,3.652
18:47:44,27.5,26.0,86.0,4.5,1.031,3.65
18:47:44,27.5,26.0,85.0,4.507,1.03,3.651
18:47:44,26.6,26.0,99.0,4.2,1.1,3.6
18:47:44,27.4,26.0,85.0,4.412,1.051,3.635
18:47:44,27.6,26.0,71.0,4.538,1.023,3.656
18:47:44,27.6,26.0,75.0,4.545,1.021,3.658
18:47:44,27.6,26.0,77.0,4.575,1.014,3.662
18:47:44,27.6,26.0,81.0,4.573,1.014,3.662
18:47:44,26.7,26.0,95.0,4.2,1.1,3.6
18:47:44,27.3,26.0,81.0,4.408,1.052,3.635
18:47:44,27.5,26.0,72.0,4.513,1.028,3.652
18:47:44,27.5,26.0,78.0,4.511,1.029,3.652
18:47:44,27.6,26.0,79.0,4.537,1.023,3.656
18:47:44,25.1,26.0,93.0,4.2,1.1,3.6
18:47:44,26.9,26.0,79.0,4.2,1.1,3.6
18:47:44,27.5,26.0,65.0,4.474,1.037,3.646
18:47:44,27.6,26.0,60.0,4.536,1.023,3.656
18:47:45,27.6,26.0,69.0,4.575,1.014,3.663
18:47:45,25.8,26.0,83.0,4.2,1.1,3.6
18:47:45,27.1,26.0,69.0,4.276,1.083,3.613
18:47:45,27.5,26.0,57.0,4.494,1.033,3.649
18:47:45,27.6,26.0,66.0,4.549,1.02,3.658
18:47:45,27.6,26.0,74.0,4.555,1.019,3.659
18:47:45,26.7,26.0,88.0,4.2,1.1,3.6
18:47:45,27.4,26.0,74.0,4.446,1.044,3.641
18:47:45,27.6,26.0,69.0,4.542,1.022,3.657
18:47:45,27.6,26.0,75.0,4.55,1.02,3.658
18:47:45,27.6,26.0,80.0,4.542,1.022,3.657
18:47:45,27.6,26.0,81.0,4.547,1.021,3.658
18:47:45,26.7,26.0,95.0,4.2,1.1,3.6
18:47:45,27.4,26.0,81.0,4.446,1.044,3.641
18:47:45,27.6,26.0,69.0,4.548,1.02,3.658
18:47:45,27.6,26.0,75.0,4.559,1.018,3.66
18:47:45,27.6,26.0,79.0,4.555,1.019,3.659
18:47:45,25.9,26.0,93.0,4.2,1.1,3.6
18:47:45,27.2,26.0,79.0,4.295,1.078,3.616
18:47:45,27.6,26.0,65.0,4.537,1.023,3.656
18:47:45,27.6,26.0,64.0,4.589,1.011,3.665
18:47:45,27.6,26.0,75.0,4.568,1.016,3.661
18:47:45,25.1,26.0,89.0,4.2,1.1,3.6
18:47:45,26.9,26.0,75.0,4.2,1.1,3.6
18:47:45,27.4,26.0,61.0,4.418,1.05,3.636
18:47:46,27.6,26.0,56.0,4.543,1.021,3.657
18:47:46,27.6,26.0,66.0,4.578,1.013,3.663
18:47:46,25.8,26.0,80.0,4.2,1.1,3.6
18:47:46,27.2,26.0,66.0,4.315,1.074,3.619
18:47:46,27.5,26.0,55.0,4.513,1.028,3.652
18:47:46,27.6,26.0,64.0,4.568,1.016,3.661
18:47:46,27.6,26.0,73.0,4.571,1.015,3.662
18:47:46,27.6,26.0,77.0,4.572,1.015,3.662
18:47:46,26.7,26.0,91.0,4.2,1.1,3.6
18:47:46,27.4,26.0,77.0,4.427,1.048,3.638
18:47:46,27.6,26.0,67.0,4.55,1.02,3.658
18:47:46,27.6,26.0,73.0,4.569,1.015,3.662
18:47:46,27.6,26.0,76.0,4.579,1.013,3.663
18:47:46,25.9,26.0,90.0,4.2,1.1,3.6
18:47:46,27.2,26.0,76.0,4.302,1.077,3.617
18:47:46,27.5,26.0,62.0,4.509,1.029,3.651
18:47:46,27.6,26.0,65.0,4.564,1.017,3.661
18:47:46,27.6,26.0,72.0,4.58,1.013,3.663
18:47:46,25.1,26.0,86.0,4.2,1.1,3.6
18:47:46,26.9,26.0,72.0,4.2,1.1,3.6
18:47:46,27.4,26.0,58.0,4.46,1.04,3.643
18:47:46,27.6,26.0,58.0,4.536,1.023,3.656
18:47:46,27.6,26.0,68.0,4.558,1.018,3.66
18:47:46,25.8,26.0,82.0,4.2,1.1,3.6
18:47:47,27.1,26.0,68.0,4.281,1.082,3.613
18:47:47,27.5,26.0,54.0,4.495,1.032,3.649
18:47:47,27.6,26.0,63.0,4.556,1.018,3.659
18:47:47,27.6,26.0,71.0,4.564,1.016,3.661
18:47:47,26.7,26.0,85.0,4.2,1.1,3.6
18:47:47,26.5,26.0,99.0,4.2,1.1,3.6
18:47:47,27.3,26.0,85.0,4.4,1.054,3.633
18:47:47,27.6,26.0,71.0,4.545,1.021,3.657
18:47:47,27.6,26.0,70.0,4.544,1.021,3.657
18:47:47,27.6,26.0,74.0,4.554,1.019,3.659
18:47:47,25.9,26.0,88.0,4.2,1.1,3.6
18:47:47,27.2,26.0,74.0,4.295,1.078,3.616
18:47:47,27.5,26.0,60.0,4.506,1.03,3.651
18:47:47,27.6,26.0,64.0,4.556,1.018,3.659
18:47:47,27.6,26.0,71.0,4.564,1.016,3.661
18:47:47,25.1,26.0,85.0,4.2,1.1,3.6
18:47:47,26.9,26.0,71.0,4.2,1.1,3.6
18:47:47,27.4,26.0,57.0,4.467,1.039,3.644
18:47:47,27.5,26.0,58.0,4.527,1.025,3.655
18:47:47,27.6,26.0,68.0,4.535,1.023,3.656
18:47:47,25.9,26.0,82.0,4.2,1.1,3.6
18:47:47,27.2,26.0,68.0,4.313,1.074,3.619
18:47:47,27.5,26.0,56.0,4.478,1.036,3.646
18:47:47,27.6,26.0,64.0,4.531,1.024,3.655
18:47:47,27.6,26.0,70.0,4.557,1.018,3.659
18:47:47,26.7,26.0,84.0,4.2,1.1,3.6
18:47:48,26.5,26.0,98.0,4.2,1.1,3.6
18:47:48,27.3,26.0,84.0,4.389,1.057,3.631
18:47:48,27.0,26.0,83.0,4.225,1.094,3.604
18:47:48,27.0,26.0,85.0,4.202,1.1,3.6
18:47:48,26.9,26.0,87.0,4.2,1.1,3.6
18:47:48,24.9,26.0,101.0,4.244,1.09,3.607
18:47:48,25.9,26.0,89.0,4.2,1.1,3.6
18:47:48,26.3,26.0,75.0,4.2,1.1,3.6
18:47:48,26.3,26.0,75.0,4.2,1.1,3.6
18:47:48,26.3,26.0,81.0,4.2,1.1,3.6
18:47:48,24.0,26.0,95.0,4.787,0.966,3.698
18:47:48,25.7,26.0,81.0,4.2,1.1,3.6
18:47:48,26.1,26.0,67.0,4.2,1.1,3.6
18:47:48,26.3,26.0,63.0,4.2,1.1,3.6
18:47:48,26.4,26.0,72.0,4.2,1.1,3.6
18:47:48,24.7,26.0,86.0,4.378,1.059,3.63
18:47:48,25.9,26.0,72.0,4.2,1.1,3.6
18:47:48,26.3,26.0,58.0,4.2,1.1,3.6
18:47:48,26.3,26.0,70.0,4.2,1.1,3.6
18:47:48,26.3,26.0,78.0,4.2,1.1,3.6
18:47:48,25.5,26.0,92.0,4.2,1.1,3.6
18:47:48,26.2,26.0,78.0,4.2,1.1,3.6
18:47:48,26.3,26.0,73.0,4.2,1.1,3.6
18:47:48,26.4,26.0,78.0,4.2,1.1,3.6
18:47:48,26.3,26.0,83.0,4.2,1.1,3.6
18:47:49,26.7,26.0,69.0,4.2,1.1,3.6
18:47:49,26.1,26.0,83.0,4.2,1.1,3.6
18:47:49,26.7,26.0,69.0,4.2,1.1,3.6
18:47:49,26.9,26.0,67.0,4.2,1.1,3.6
18:47:49,26.9,26.0,73.0,4.2,1.1,3.6
18:47:49,26.9,26.0,79.0,4.2,1.1,3.6
18:47:49,24.6,26.0,93.0,4.464,1.039,3.644
18:47:49,26.2,26.0,79.0,4.2,1.1,3.6
18:47:49,26.7,26.0,65.0,4.2,1.1,3.6
18:47:49,26.9,26.0,59.0,4.2,1.1,3.6
18:47:49,26.9,26.0,69.0,4.2,1.1,3.6
18:47:49,25.3,26.0,83.0,4.2,1.1,3.6
18:47:49,26.5,26.0,69.0,4.2,1.1,3.6
18:47:49,26.8,26.0,59.0,4.2,1.1,3.6
18:47:49,26.9,26.0,67.0,4.2,1.1,3.6
18:47:49,26.9,26.0,74.0,4.2,1.1,3.6
18:47:49,26.1,26.0,88.0,4.2,1.1,3.6
18:47:49,26.4,26.0,88.0,4.2,1.1,3.6
18:47:49,26.4,26.0,85.0,4.2,1.1,3.6
18:47:49,26.4,26.0,88.0,4.2,1.1,3.6
18:47:49,26.3,26.0,88.0,4.2,1.1,3.6
18:47:49,26.3,26.0,89.0,4.2,1.1,3.6
18:47:49,25.6,26.0,103.0,4.2,1.1,3.6
18:47:49,25.8,26.0,95.0,4.2,1.1,3.6
18:47:50,25.8,26.0,91.0,4.2,1.1,3.6
18:47:50,25.8,26.0,88.0,4.2,1.1,3.6
18:47:50,25.8,26.0,87.0,4.2,1.1,3.6
18:47:50,24.2,26.0,101.0,4.654,0.996,3.676
18:47:50,25.8,26.0,87.0,4.2,1.1,3.6
18:47:50,26.2,26.0,73.0,4.2,1.1,3.6
18:47:50,26.3,26.0,62.0,4.2,1.1,3.6
18:47:50,26.3,26.0,73.0,4.2,1.1,3.6
18:47:50,24.8,26.0,87.0,4.327,1.071,3.621
18:47:50,26.4,26.0,73.0,4.2,1.1,3.6
18:47:50,26.8,26.0,59.0,4.2,1.1,3.6
18:47:50,26.9,26.0,59.0,4.2,1.1,3.6
18:47:50,27.0,26.0,69.0,4.2,1.1,3.6
18:47:50,26.5,26.0,83.0,4.2,1.1,3.6
18:47:50,27.4,26.0,69.0,4.426,1.048,3.638
18:47:50,27.6,26.0,55.0,4.549,1.02,3.658
18:47:50,27.6,26.0,64.0,4.583,1.012,3.664
18:47:50,27.6,26.0,71.0,4.583,1.012,3.664
18:47:50,27.6,26.0,76.0,4.576,1.014,3.663
18:47:50,26.8,26.0,90.0,4.2,1.1,3.6
18:47:50,27.4,26.0,76.0,4.445,1.044,3.641
18:47:50,27.6,26.0,65.0,4.558,1.018,3.66
18:47:50,27.6,26.0,71.0,4.568,1.016,3.661
18:47:50,27.6,26.0,76.0,4.551,1.02,3.659
18:47:50,25.9,26.0,90.0,4.2,1.1,3.6
18:47:50,27.2,26.0,76.0,4.292,1.079,3.615
18:47:51,27.5,26.0,62.0,4.499,1.032,3.65
18:47:51,27.6,26.0,61.0,4.564,1.017,3.661
18:47:51,27.7,26.0,67.0,4.598,1.009,3.666
18:47:51,27.6,26.0,76.0,4.56,1.018,3.66
18:47:51,27.6,26.0,76.0,4.569,1.015,3.661
18:47:51,27.5,26.0,81.0,4.524,1.026,3.654
18:47:51,27.6,26.0,79.0,4.534,1.023,3.656
18:47:51,27.6,26.0,77.0,4.554,1.019,3.659
18:47:51,27.6,26.0,79.0,4.537,1.023,3.656
18:47:51,27.6,26.0,78.0,4.545,1.021,3.657
18:47:51,27.6,26.0,78.0,4.544,1.021,3.657
18:47:51,27.6,26.0,79.0,4.534,1.024,3.656
18:47:51,27.6,26.0,78.0,4.541,1.022,3.657
18:47:51,27.5,26.0,80.0,4.512,1.028,3.652
18:47:51,27.5,26.0,81.0,4.497,1.032,3.649
18:47:51,27.5,26.0,80.0,4.489,1.034,3.648
18:47:51,27.5,26.0,78.0,4.507,1.03,3.651
18:47:51,27.5,26.0,78.0,4.505,1.03,3.651
18:47:51,27.5,26.0,77.0,4.522,1.026,3.654
18:47:51,27.5,26.0,79.0,4.503,1.031,3.651
18:47:51,27.5,26.0,78.0,4.508,1.029,3.651
18:47:51,27.5,26.0,77.0,4.512,1.028,3.652
18:47:51,27.5,26.0,79.0,4.494,1.033,3.649
18:47:51,27.1,26.0,93.0,4.233,1.092,3.606
18:47:51,26.9,26.0,98.0,4.2,1.1,3.6
18:47:52,26.9,26.0,91.0,4.2,1.1,3.6
18:47:52,26.9,26.0,86.0,4.2,1.1,3.6
18:47:52,26.8,26.0,84.0,4.2,1.1,3.6
18:47:52,26.9,26.0,80.0,4.2,1.1,3.6
18:47:52,26.8,26.0,83.0,4.2,1.1,3.6
18:47:52,26.9,26.0,80.0,4.2,1.1,3.6
18:47:52,26.9,26.0,80.0,4.2,1.1,3.6
18:47:52,26.9,26.0,81.0,4.2,1.1,3.6
18:47:52,27.3,26.0,67.0,4.401,1.054,3.633
18:47:52,27.0,26.0,81.0,4.212,1.097,3.602
18:47:52,26.9,26.0,88.0,4.2,1.1,3.6
18:47:52,26.9,26.0,84.0,4.2,1.1,3.6
18:47:52,26.9,26.0,82.0,4.2,1.1,3.6
18:47:52,26.9,26.0,82.0,4.2,1.1,3.6
18:47:52,26.8,26.0,82.0,4.2,1.1,3.6
18:47:52,26.9,26.0,80.0,4.2,1.1,3.6
18:47:52,26.9,26.0,79.0,4.2,1.1,3.6
18:47:52,26.8,26.0,84.0,4.2,1.1,3.6
18:47:52,26.9,26.0,80.0,4.2,1.1,3.6
18:47:52,26.9,26.0,79.0,4.2,1.1,3.6
18:47:52,25.2,26.0,93.0,4.2,1.1,3.6
18:47:52,26.4,26.0,79.0,4.2,1.1,3.6
18:47:52,26.7,26.0,65.0,4.2,1.1,3.6
18:47:52,26.8,26.0,64.0,4.2,1.1,3.6
18:47:53,26.9,26.0,70.0,4.2,1.1,3.6
18:47:53,26.1,26.0,84.0,4.2,1.1,3.6
18:47:53,26.7,26.0,70.0,4.2,1.1,3.6
18:47:53,26.9,26.0,66.0,4.2,1.1,3.6
18:47:53,26.9,26.0,72.0,4.2,1.1,3.6
18:47:53,26.9,26.0,75.0,4.2,1.1,3.6
18:47:53,26.9,26.0,78.0,4.2,1.1,3.6
18:47:53,26.1,26.0,92.0,4.2,1.1,3.6
18:47:53,26.7,26.0,78.0,4.2,1.1,3.6
18:47:53,26.9,26.0,68.0,4.2,1.1,3.6
18:47:53,26.4,26.0,82.0,4.2,1.1,3.6
18:47:53,26.4,26.0,92.0,4.2,1.1,3.6
18:47:53,24.7,26.0,106.0,4.358,1.064,3.626
18:47:53,25.9,26.0,92.0,4.2,1.1,3.6
18:47:53,26.2,26.0,78.0,4.2,1.1,3.6
18:47:53,26.3,26.0,66.0,4.2,1.1,3.6
18:47:53,26.3,26.0,76.0,4.2,1.1,3.6
18:47:53,24.7,26.0,90.0,4.398,1.055,3.633
18:47:53,25.9,26.0,76.0,4.2,1.1,3.6
18:47:53,26.2,26.0,62.0,4.2,1.1,3.6
18:47:53,26.3,26.0,65.0,4.2,1.1,3.6
18:47:53,26.3,26.0,74.0,4.2,1.1,3.6
18:47:53,25.9,26.0,88.0,4.2,1.1,3.6
18:47:53,26.7,26.0,74.0,4.2,1.1,3.6
18:47:53,26.9,26.0,60.0,4.2,1.1,3.6
18:47:53,26.9,26.0,66.0,4.2,1.1,3.6
18:47:54,26.9,26.0,72.0,4.2,1.1,3.6
18:47:54,26.9,26.0,76.0,4.2,1.1,3.6
18:47:54,26.2,26.0,90.0,4.2,1.1,3.6
18:47:54,26.3,26.0,92.0,4.2,1.1,3.6
18:47:54,26.4,26.0,84.0,4.2,1.1,3.6
18:47:54,26.4,26.0,81.0,4.2,1.1,3.6
18:47:54,26.3,26.0,86.0,4.2,1.1,3.6
18:47:54,24.7,26.0,100.0,4.351,1.065,3.625
18:47:54,25.9,26.0,86.0,4.2,1.1,3.6
18:47:54,26.2,26.0,72.0,4.2,1.1,3.6
18:47:54,26.3,26.0,68.0,4.2,1.1,3.6
18:47:54,26.3,26.0,74.0,4.2,1.1,3.6
18:47:54,23.1,26.0,88.0,5.319,0.844,3.786
18:47:54,25.8,26.0,74.0,4.2,1.1,3.6
18:47:54,26.6,26.0,60.0,4.2,1.1,3.6
18:47:54,26.8,26.0,46.0,4.2,1.1,3.6
18:47:54,26.9,26.0,56.0,4.2,1.1,3.6
18:47:54,26.1,26.0,70.0,4.2,1.1,3.6
18:47:54,26.7,26.0,64.0,4.2,1.1,3.6
18:47:54,26.9,26.0,65.0,4.2,1.1,3.6
18:47:54,26.9,26.0,70.0,4.2,1.1,3.6
18:47:54,26.9,26.0,73.0,4.2,1.1,3.6
18:47:54,26.9,26.0,77.0,4.2,1.1,3.6
18:47:54,26.1,26.0,91.0,4.2,1.1,3.6
18:47:54,26.7,26.0,77.0,4.2,1.1,3.6
18:47:55,26.5,26.0,85.0,4.2,1.1,3.6
18:47:55,26.4,26.0,89.0,4.2,1.1,3.6
18:47:55,26.3,26.0,88.0,4.2,1.1,3.6
18:47:55,24.8,26.0,102.0,4.291,1.079,3.615
18:47:55,26.0,26.0,88.0,4.2,1.1,3.6
18:47:55,26.2,26.0,74.0,4.2,1.1,3.6
18:47:55,26.3,26.0,69.0,4.2,1.1,3.6
18:47:55,26.3,26.0,76.0,4.2,1.1,3.6
18:47:55,24.0,26.0,90.0,4.811,0.96,3.702
18:47:55,25.7,26.0,76.0,4.2,1.1,3.6
18:47:55,26.2,26.0,62.0,4.2,1.1,3.6
18:47:55,26.3,26.0,57.0,4.2,1.1,3.6
18:47:55,26.3,26.0,70.0,4.2,1.1,3.6
18:47:55,24.7,26.0,84.0,4.378,1.059,3.63
18:47:55,26.3,26.0,70.0,4.2,1.1,3.6
18:47:55,26.7,26.0,56.0,4.2,1.1,3.6
18:47:55,26.9,26.0,54.0,4.2,1.1,3.6
18:47:55,26.9,26.0,65.0,4.2,1.1,3.6
18:47:55,26.9,26.0,71.0,4.2,1.1,3.6
18:47:55,26.1,26.0,85.0,4.2,1.1,3.6
18:47:55,26.3,26.0,88.0,4.2,1.1,3.6
18:47:55,26.3,26.0,84.0,4.2,1.1,3.6
18:47:55,26.3,26.0,85.0,4.2,1.1,3.6
18:47:55,26.3,26.0,84.0,4.2,1.1,3.6
18:47:55,24.8,26.0,98.0,4.334,1.069,3.622
18:47:56,25.6,26.0,84.0,4.2,1.1,3.6
18:47:56,25.8,26.0,74.0,4.2,1.1,3.6
18:47:56,25.8,26.0,79.0,4.2,1.1,3.6
18:47:56,25.8,26.0,81.0,4.2,1.1,3.6
18:47:56,23.5,26.0,95.0,5.087,0.897,3.748
18:47:56,25.2,26.0,81.0,4.2,1.1,3.6
18:47:56,26.1,26.0,67.0,4.2,1.1,3.6
18:47:56,25.9,26.0,65.0,4.2,1.1,3.6
18:47:56,25.8,26.0,78.0,4.2,1.1,3.6
18:47:56,24.2,26.0,92.0,4.675,0.991,3.679
18:47:56,25.4,26.0,78.0,4.2,1.1,3.6
18:47:56,25.7,26.0,64.0,4.2,1.1,3.6
18:47:56,25.8,26.0,71.0,4.2,1.1,3.6
18:47:56,25.8,26.0,75.0,4.2,1.1,3.6
18:47:56,24.9,26.0,89.0,4.235,1.092,3.606
18:47:56,24.8,26.0,103.0,4.325,1.071,3.621
18:47:56,25.6,26.0,89.0,4.2,1.1,3.6
18:47:56,25.8,26.0,75.0,4.2,1.1,3.6
18:47:56,25.8,26.0,71.0,4.2,1.1,3.6
18:47:56,25.5,26.0,85.0,4.2,1.1,3.6
18:47:56,24.2,26.0,99.0,4.707,0.984,3.684
18:47:56,25.4,26.0,85.0,4.2,1.1,3.6
18:47:56,25.7,26.0,71.0,4.2,1.1,3.6
18:47:56,25.7,26.0,70.0,4.2,1.1,3.6
18:47:57,25.8,26.0,77.0,4.2,1.1,3.6
18:47:57,23.5,26.0,91.0,5.091,0.896,3.749
18:47:57,25.2,26.0,77.0,4.2,1.1,3.6
18:47:57,25.6,26.0,63.0,4.2,1.1,3.6
18:47:57,25.8,26.0,62.0,4.2,1.1,3.6
18:47:57,25.7,26.0,76.0,4.2,1.1,3.6
18:47:57,24.5,26.0,90.0,4.495,1.033,3.649
18:47:57,25.8,26.0,76.0,4.2,1.1,3.6
18:47:57,26.2,26.0,62.0,4.2,1.1,3.6
18:47:57,26.3,26.0,63.0,4.2,1.1,3.6
18:47:57,26.3,26.0,71.0,4.2,1.1,3.6
18:47:57,25.5,26.0,85.0,4.2,1.1,3.6
18:47:57,25.4,26.0,99.0,4.2,1.1,3.6
18:47:57,26.1,26.0,85.0,4.2,1.1,3.6
18:47:57,26.3,26.0,71.0,4.2,1.1,3.6
18:47:57,26.0,26.0,85.0,4.2,1.1,3.6
18:47:57,25.9,26.0,91.0,4.2,1.1,3.6
18:47:57,24.3,26.0,105.0,4.631,1.001,3.672
18:47:57,25.4,26.0,91.0,4.2,1.1,3.6
18:47:57,25.7,26.0,77.0,4.2,1.1,3.6
18:47:57,26.1,26.0,63.0,4.2,1.1,3.6
18:47:57,26.3,26.0,62.0,4.2,1.1,3.6
18:47:57,24.0,26.0,76.0,4.81,0.96,3.702
18:47:57,25.7,26.0,62.0,4.2,1.1,3.6
18:47:57,26.2,26.0,48.0,4.2,1.1,3.6
18:47:58,26.7,26.0,39.0,4.2,1.1,3.6
18:47:58,26.9,26.0,52.0,4.2,1.1,3.6
18:47:58,25.2,26.0,66.0,4.2,1.1,3.6
18:47:58,26.5,26.0,56.0,4.2,1.1,3.6
18:47:58,26.8,26.0,53.0,4.2,1.1,3.6
18:47:58,26.9,26.0,63.0,4.2,1.1,3.6
18:47:58,26.9,26.0,69.0,4.2,1.1,3.6
18:47:58,26.0,26.0,83.0,4.2,1.1,3.6
18:47:58,25.8,26.0,97.0,4.2,1.1,3.6
18:47:58,26.6,26.0,83.0,4.2,1.1,3.6
18:47:58,26.8,26.0,69.0,4.2,1.1,3.6
18:47:58,26.9,26.0,66.0,4.2,1.1,3.6
18:47:58,26.9,26.0,72.0,4.2,1.1,3.6
18:47:58,25.3,26.0,86.0,4.2,1.1,3.6
18:47:58,26.5,26.0,72.0,4.2,1.1,3.6
18:47:58,27.3,26.0,58.0,4.37,1.061,3.628
18:47:58,27.5,26.0,44.0,4.509,1.029,3.651
18:47:58,27.6,26.0,57.0,4.547,1.021,3.658
18:47:58,25.1,26.0,71.0,4.2,1.1,3.6
18:47:58,26.9,26.0,57.0,4.2,1.1,3.6
18:47:58,27.4,26.0,43.0,4.465,1.039,3.644
18:47:58,27.6,26.0,50.0,4.547,1.02,3.658
18:47:58,27.6,26.0,61.0,4.569,1.016,3.661
18:47:58,25.8,26.0,75.0,4.2,1.1,3.6
18:47:58,27.2,26.0,61.0,4.298,1.078,3.616
18:47:58,27.5,26.0,50.0,4.487,1.034,3.648
18:47:59,27.6,26.0,58.0,4.554,1.019,3.659
18:47:59,27.6,26.0,66.0,4.564,1.017,3.661
18:47:59,26.7,26.0,80.0,4.2,1.1,3.6
18:47:59,27.4,26.0,66.0,4.435,1.046,3.639
18:47:59,27.1,26.0,80.0,4.255,1.087,3.609
18:47:59,27.0,26.0,87.0,4.2,1.1,3.6
18:47:59,26.9,26.0,85.0,4.2,1.1,3.6
18:47:59,26.9,26.0,82.0,4.2,1.1,3.6
18:47:59,25.7,26.0,96.0,4.2,1.1,3.6
18:47:59,26.2,26.0,87.0,4.2,1.1,3.6
18:47:59,26.3,26.0,82.0,4.2,1.1,3.6
18:47:59,26.3,26.0,82.0,4.2,1.1,3.6
18:47:59,26.3,26.0,81.0,4.2,1.1,3.6
18:47:59,26.3,26.0,80.0,4.2,1.1,3.6
18:47:59,26.3,26.0,84.0,4.2,1.1,3.6
18:47:59,26.3,26.0,80.0,4.2,1.1,3.6
18:47:59,26.3,26.0,81.0,4.2,1.1,3.6
18:47:59,26.3,26.0,82.0,4.2,1.1,3.6
18:47:59,26.3,26.0,82.0,4.2,1.1,3.6
18:47:59,26.3,26.0,82.0,4.2,1.1,3.6
18:47:59,26.3,26.0,82.0,4.2,1.1,3.6
18:47:59,26.2,26.0,83.0,4.2,1.1,3.6
18:47:59,26.3,26.0,80.0,4.2,1.1,3.6
18:47:59,26.2,26.0,83.0,4.2,1.1,3.6
18:47:59,26.3,26.0,80.0,4.2,1.1,3.6
18:48:00,26.3,26.0,79.0,4.2,1.1,3.6
18:48:00,26.3,26.0,83.0,4.2,1.1,3.6
18:48:00,26.3,26.0,82.0,4.2,1.1,3.6
18:48:00,26.2,26.0,83.0,4.2,1.1,3.6
18:48:00,26.3,26.0,82.0,4.2,1.1,3.6
18:48:00,26.3,26.0,80.0,4.2,1.1,3.6
18:48:00,26.3,26.0,82.0,4.2,1.1,3.6
18:48:00,26.3,26.0,81.0,4.2,1.1,3.6
18:48:00,26.3,26.0,82.0,4.2,1.1,3.6
18:48:00,26.3,26.0,82.0,4.2,1.1,3.6
18:48:00,26.3,26.0,80.0,4.2,1.1,3.6
18:48:00,26.3,26.0,82.0,4.2,1.1,3.6
18:48:00,26.3,26.0,81.0,4.2,1.1,3.6
18:48:00,26.3,26.0,82.0,4.2,1.1,3.6
18:48:00,26.2,26.0,82.0,4.2,1.1,3.6
18:48:00,26.3,26.0,81.0,4.2,1.1,3.6
18:48:00,26.3,26.0,81.0,4.2,1.1,3.6
18:48:00,26.3,26.0,81.0,4.2,1.1,3.6
18:48:00,26.2,26.0,82.0,4.2,1.1,3.6
18:48:00,26.2,26.0,82.0,4.2,1.1,3.6
18:48:00,26.2,26.0,81.0,4.2,1.1,3.6
18:48:00,26.3,26.0,81.0,4.2,1.1,3.6
18:48:00,26.3,26.0,79.0,4.2,1.1,3.6
18:48:00,26.3,26.0,82.0,4.2,1.1,3.6
18:48:01,26.2,26.0,83.0,4.2,1.1,3.6
18:48:01,26.3,26.0,80.0,4.2,1.1,3.6
18:48:01,26.2,26.0,82.0,4.2,1.1,3.6
18:48:01,26.3,26.0,81.0,4.2,1.1,3.6
18:48:01,26.2,26.0,82.0,4.2,1.1,3.6
18:48:01,26.2,26.0,81.0,4.2,1.1,3.6
18:48:01,23.9,26.0,95.0,4.849,0.951,3.708
18:48:01,25.6,26.0,81.0,4.2,1.1,3.6
18:48:01,26.1,26.0,67.0,4.2,1.1,3.6
18:48:01,26.3,26.0,56.0,4.2,1.1,3.6
18:48:01,26.3,26.0,69.0,4.2,1.1,3.6
18:48:01,24.6,26.0,83.0,4.414,1.051,3.636
18:48:01,25.8,26.0,69.0,4.2,1.1,3.6
18:48:01,26.2,26.0,56.0,4.2,1.1,3.6
18:48:01,26.3,26.0,65.0,4.2,1.1,3.6
18:48:01,26.3,26.0,73.0,4.2,1.1,3.6
18:48:01,25.4,26.0,87.0,4.2,1.1,3.6
18:48:01,25.3,26.0,101.0,4.2,1.1,3.6
18:48:01,26.1,26.0,87.0,4.2,1.1,3.6
18:48:01,26.2,26.0,73.0,4.2,1.1,3.6
18:48:01,26.3,26.0,69.0,4.2,1.1,3.6
18:48:01,26.2,26.0,77.0,4.2,1.1,3.6
18:48:01,24.7,26.0,91.0,4.38,1.059,3.63
18:48:01,25.9,26.0,77.0,4.2,1.1,3.6
18:48:01,26.6,26.0,63.0,4.2,1.1,3.6
18:48:01,26.8,26.0,49.0,4.2,1.1,3.6
18:48:02,26.9,26.0,60.0,4.2,1.1,3.6
18:48:02,24.6,26.0,74.0,4.458,1.041,3.643
18:48:02,26.3,26.0,60.0,4.2,1.1,3.6
18:48:02,27.2,26.0,46.0,4.323,1.072,3.62
18:48:02,27.5,26.0,35.0,4.488,1.034,3.648
18:48:02,27.6,26.0,49.0,4.534,1.024,3.656
18:48:02,25.8,26.0,63.0,4.2,1.1,3.6
18:48:02,27.1,26.0,51.0,4.277,1.082,3.613
18:48:02,27.5,26.0,47.0,4.477,1.036,3.646
18:48:02,27.6,26.0,56.0,4.541,1.022,3.657
18:48:02,27.1,26.0,70.0,4.257,1.087,3.61
18:48:02,26.1,26.0,84.0,4.2,1.1,3.6
18:48:02,25.8,26.0,98.0,4.2,1.1,3.6
18:48:02,26.2,26.0,84.0,4.2,1.1,3.6
18:48:02,26.3,26.0,76.0,4.2,1.1,3.6
18:48:02,26.3,26.0,79.0,4.2,1.1,3.6
18:48:02,26.0,26.0,93.0,4.2,1.1,3.6
18:48:02,24.2,26.0,107.0,4.651,0.997,3.675
18:48:02,25.4,26.0,93.0,4.2,1.1,3.6
18:48:02,25.3,26.0,82.0,4.2,1.1,3.6
18:48:02,25.3,26.0,87.0,4.2,1.1,3.6
18:48:02,25.3,26.0,84.0,4.2,1.1,3.6
18:48:02,23.0,26.0,98.0,5.375,0.831,3.796
18:48:02,24.7,26.0,84.0,4.371,1.061,3.628
18:48:02,25.1,26.0,70.0,4.2,1.1,3.6
18:48:03,25.2,26.0,66.0,4.2,1.1,3.6
18:48:03,25.6,26.0,57.0,4.2,1.1,3.6
18:48:03,24.1,26.0,71.0,4.766,0.97,3.694
18:48:03,25.4,26.0,57.0,4.2,1.1,3.6
18:48:03,25.7,26.0,55.0,4.2,1.1,3.6
18:48:03,26.2,26.0,44.0,4.2,1.1,3.6
18:48:03,26.2,26.0,58.0,4.2,1.1,3.6
18:48:03,25.3,26.0,72.0,4.2,1.1,3.6
18:48:03,25.2,26.0,86.0,4.2,1.1,3.6
18:48:03,26.0,26.0,72.0,4.2,1.1,3.6
18:48:03,26.2,26.0,59.0,4.2,1.1,3.6
18:48:03,26.3,26.0,64.0,4.2,1.1,3.6
18:48:03,25.9,26.0,78.0,4.2,1.1,3.6
18:48:03,24.3,26.0,92.0,4.635,1.0,3.672
18:48:03,25.4,26.0,78.0,4.2,1.1,3.6
18:48:03,25.7,26.0,66.0,4.2,1.1,3.6
18:48:03,25.8,26.0,72.0,4.2,1.1,3.6
18:48:03,25.8,26.0,76.0,4.2,1.1,3.6
18:48:03,23.4,26.0,90.0,5.156,0.881,3.759
18:48:03,25.2,26.0,76.0,4.2,1.1,3.6
18:48:03,25.6,26.0,62.0,4.2,1.1,3.6
18:48:03,25.8,26.0,62.0,4.2,1.1,3.6
18:48:03,25.4,26.0,76.0,4.2,1.1,3.6
18:48:03,23.7,26.0,90.0,4.954,0.927,3.726
18:48:03,24.9,26.0,76.0,4.232,1.093,3.605
18:48:04,25.2,26.0,67.0,4.2,1.1,3.6
18:48:04,25.3,26.0,73.0,4.2,1.1,3.6
18:48:04,25.3,26.0,81.0,4.2,1.1,3.6
18:48:04,25.3,26.0,81.0,4.2,1.1,3.6
18:48:04,24.5,26.0,95.0,4.487,1.034,3.648
18:48:04,25.1,26.0,81.0,4.2,1.1,3.6
18:48:04,25.2,26.0,76.0,4.2,1.1,3.6
18:48:04,25.3,26.0,78.0,4.2,1.1,3.6
18:48:04,25.3,26.0,83.0,4.2,1.1,3.6
18:48:04,24.0,26.0,97.0,4.771,0.969,3.695
18:48:04,25.3,26.0,83.0,4.2,1.1,3.6
18:48:04,25.7,26.0,69.0,4.2,1.1,3.6
18:48:04,25.8,26.0,64.0,4.2,1.1,3.6
18:48:04,25.8,26.0,73.0,4.2,1.1,3.6
18:48:04,23.4,26.0,87.0,5.156,0.881,3.759
18:48:04,25.6,26.0,73.0,4.2,1.1,3.6
18:48:04,26.1,26.0,59.0,4.2,1.1,3.6
18:48:04,26.3,26.0,53.0,4.2,1.1,3.6
18:48:04,26.3,26.0,66.0,4.2,1.1,3.6
18:48:04,25.5,26.0,80.0,4.2,1.1,3.6
18:48:04,26.2,26.0,66.0,4.2,1.1,3.6
18:48:04,26.4,26.0,65.0,4.2,1.1,3.6
18:48:04,26.3,26.0,75.0,4.2,1.1,3.6
18:48:04,26.3,26.0,81.0,4.2,1.1,3.6
18:48:04,26.3,26.0,82.0,4.2,1.1,3.6
18:48:05,25.5,26.0,96.0,4.2,1.1,3.6
18:48:05,26.1,26.0,82.0,4.2,1.1,3.6
18:48:05,26.3,26.0,69.0,4.2,1.1,3.6
18:48:05,26.3,26.0,74.0,4.2,1.1,3.6
18:48:05,26.3,26.0,79.0,4.2,1.1,3.6
18:48:05,24.7,26.0,93.0,4.395,1.055,3.633
18:48:05,26.3,26.0,79.0,4.2,1.1,3.6
18:48:05,26.7,26.0,65.0,4.2,1.1,3.6
18:48:05,26.9,26.0,54.0,4.2,1.1,3.6
18:48:05,26.8,26.0,68.0,4.2,1.1,3.6
18:48:05,25.2,26.0,82.0,4.2,1.1,3.6
18:48:05,26.4,26.0,68.0,4.2,1.1,3.6
18:48:05,26.8,26.0,54.0,4.2,1.1,3.6
18:48:05,26.9,26.0,61.0,4.2,1.1,3.6
18:48:05,26.9,26.0,70.0,4.2,1.1,3.6
18:48:05,26.4,26.0,84.0,4.2,1.1,3.6
18:48:05,26.8,26.0,70.0,4.2,1.1,3.6
18:48:05,26.9,26.0,70.0,4.2,1.1,3.6
18:48:05,26.9,26.0,75.0,4.2,1.1,3.6
18:48:05,26.5,26.0,89.0,4.2,1.1,3.6
18:48:05,26.3,26.0,97.0,4.2,1.1,3.6
18:48:05,25.5,26.0,111.0,4.2,1.1,3.6
18:48:05,26.1,26.0,97.0,4.2,1.1,3.6
18:48:05,25.9,26.0,89.0,4.2,1.1,3.6
18:48:06,25.8,26.0,91.0,4.2,1.1,3.6
18:48:06,25.8,26.0,88.0,4.2,1.1,3.6
18:48:06,23.5,26.0,102.0,5.115,0.89,3.752
18:48:06,25.2,26.0,88.0,4.2,1.1,3.6
18:48:06,25.6,26.0,74.0,4.2,1.1,3.6
18:48:06,25.8,26.0,63.0,4.2,1.1,3.6
18:48:06,25.8,26.0,72.0,4.2,1.1,3.6
18:48:06,24.2,26.0,86.0,4.686,0.989,3.681
18:48:06,25.4,26.0,72.0,4.2,1.1,3.6
18:48:06,25.7,26.0,60.0,4.2,1.1,3.6
18:48:06,25.7,26.0,72.0,4.2,1.1,3.6
18:48:06,26.1,26.0,58.0,4.2,1.1,3.6
18:48:06,25.4,26.0,72.0,4.2,1.1,3.6
18:48:06,26.1,26.0,59.0,4.2,1.1,3.6
18:48:06,26.3,26.0,64.0,4.2,1.1,3.6
18:48:06,26.3,26.0,70.0,4.2,1.1,3.6
18:48:06,26.4,26.0,75.0,4.2,1.1,3.6
18:48:06,26.3,26.0,79.0,4.2,1.1,3.6
18:48:06,24.7,26.0,93.0,4.376,1.06,3.629
18:48:06,25.9,26.0,79.0,4.2,1.1,3.6
18:48:06,25.9,26.0,76.0,4.2,1.1,3.6
18:48:06,25.9,26.0,81.0,4.2,1.1,3.6
18:48:06,25.8,26.0,84.0,4.2,1.1,3.6
18:48:06,23.5,26.0,98.0,5.1,0.894,3.75
18:48:06,25.6,26.0,84.0,4.2,1.1,3.6
18:48:06,26.1,26.0,70.0,4.2,1.1,3.6
18:48:07,26.3,26.0,56.0,4.2,1.1,3.6
18:48:07,26.3,26.0,69.0,4.2,1.1,3.6
18:48:07,24.6,26.0,83.0,4.433,1.047,3.639
18:48:07,25.9,26.0,69.0,4.2,1.1,3.6
18:48:07,26.3,26.0,55.0,4.2,1.1,3.6
18:48:07,26.3,26.0,66.0,4.2,1.1,3.6
18:48:07,26.3,26.0,74.0,4.2,1.1,3.6
18:48:07,25.4,26.0,88.0,4.2,1.1,3.6
18:48:07,26.2,26.0,74.0,4.2,1.1,3.6
18:48:07,26.3,26.0,68.0,4.2,1.1,3.6
18:48:07,26.4,26.0,73.0,4.2,1.1,3.6
18:48:07,26.4,26.0,77.0,4.2,1.1,3.6
18:48:07,26.3,26.0,83.0,4.2,1.1,3.6
18:48:07,25.5,26.0,97.0,4.2,1.1,3.6
18:48:07,25.8,26.0,90.0,4.2,1.1,3.6
18:48:07,25.8,26.0,85.0,4.2,1.1,3.6
18:48:07,25.8,26.0,85.0,4.2,1.1,3.6
18:48:07,25.8,26.0,85.0,4.2,1.1,3.6
18:48:07,23.5,26.0,99.0,5.105,0.893,3.751
18:48:07,25.1,26.0,85.0,4.2,1.1,3.6
18:48:07,25.6,26.0,71.0,4.2,1.1,3.6
18:48:07,25.8,26.0,63.0,4.2,1.1,3.6
18:48:07,25.8,26.0,71.0,4.2,1.1,3.6
18:48:07,25.8,26.0,78.0,4.2,1.1,3.6
18:48:08,25.8,26.0,81.0,4.2,1.1,3.6
18:48:08,25.8,26.0,83.0,4.2,1.1,3.6
18:48:08,25.8,26.0,84.0,4.2,1.1,3.6
18:48:08,25.8,26.0,86.0,4.2,1.1,3.6
18:48:08,25.4,26.0,100.0,4.2,1.1,3.6
18:48:08,25.7,26.0,86.0,4.2,1.1,3.6
18:48:08,25.8,26.0,77.0,4.2,1.1,3.6
18:48:08,25.8,26.0,82.0,4.2,1.1,3.6
18:48:08,25.8,26.0,83.0,4.2,1.1,3.6
18:48:08,25.8,26.0,85.0,4.2,1.1,3.6
18:48:08,25.8,26.0,85.0,4.2,1.1,3.6
18:48:08,25.7,26.0,88.0,4.2,1.1,3.6
18:48:08,26.1,26.0,74.0,4.2,1.1,3.6
18:48:08,26.2,26.0,68.0,4.2,1.1,3.6
18:48:08,26.2,26.0,74.0,4.2,1.1,3.6
18:48:08,26.3,26.0,75.0,4.2,1.1,3.6
18:48:08,26.2,26.0,82.0,4.2,1.1,3.6
18:48:08,26.7,26.0,68.0,4.2,1.1,3.6
18:48:08,26.8,26.0,64.0,4.2,1.1,3.6
18:48:08,26.9,26.0,70.0,4.2,1.1,3.6
18:48:08,26.9,26.0,76.0,4.2,1.1,3.6
18:48:08,26.9,26.0,78.0,4.2,1.1,3.6
18:48:08,26.9,26.0,78.0,4.2,1.1,3.6
18:48:08,26.8,26.0,80.0,4.2,1.1,3.6
18:48:08,26.9,26.0,77.0,4.2,1.1,3.6
18:48:08,26.9,26.0,78.0,4.2,1.1,3.6
18:48:09,26.8,26.0,82.0,4.2,1.1,3.6
18:48:09,26.9,26.0,79.0,4.2,1.1,3.6
18:48:09,26.9,26.0,80.0,4.2,1.1,3.6
18:48:09,26.9,26.0,80.0,4.2,1.1,3.6
18:48:09,26.9,26.0,78.0,4.2,1.1,3.6
18:48:09,26.9,26.0,80.0,4.2,1.1,3.6
18:48:09,26.9,26.0,80.0,4.2,1.1,3.6
18:48:09,26.8,26.0,82.0,4.2,1.1,3.6
18:48:09,26.8,26.0,80.0,4.2,1.1,3.6
18:48:09,26.9,26.0,79.0,4.2,1.1,3.6
18:48:09,26.9,26.0,79.0,4.2,1.1,3.6
18:48:09,26.9,26.0,77.0,4.2,1.1,3.6
18:48:09,26.9,26.0,80.0,4.2,1.1,3.6
18:48:09,26.9,26.0,79.0,4.2,1.1,3.6
18:48:09,26.9,26.0,79.0,4.2,1.1,3.6
18:48:09,25.2,26.0,93.0,4.2,1.1,3.6
18:48:09,26.4,26.0,79.0,4.2,1.1,3.6
18:48:09,26.8,26.0,65.0,4.2,1.1,3.6
18:48:09,26.9,26.0,63.0,4.2,1.1,3.6
18:48:09,26.8,26.0,72.0,4.2,1.1,3.6
18:48:09,26.8,26.0,76.0,4.2,1.1,3.6
18:48:09,26.0,26.0,90.0,4.2,1.1,3.6
18:48:09,26.3,26.0,89.0,4.2,1.1,3.6
18:48:09,26.3,26.0,83.0,4.2,1.1,3.6
18:48:09,26.3,26.0,81.0,4.2,1.1,3.6
18:48:10,26.3,26.0,84.0,4.2,1.1,3.6
18:48:10,24.6,26.0,98.0,4.416,1.05,3.636
18:48:10,25.9,26.0,84.0,4.2,1.1,3.6
18:48:10,25.9,26.0,76.0,4.2,1.1,3.6
18:48:10,26.2,26.0,65.0,4.2,1.1,3.6
18:48:10,26.2,26.0,69.0,4.2,1.1,3.6
18:48:10,23.8,26.0,83.0,4.89,0.942,3.715
18:48:10,25.6,26.0,69.0,4.2,1.1,3.6
18:48:10,26.2,26.0,55.0,4.2,1.1,3.6
18:48:10,26.3,26.0,57.0,4.2,1.1,3.6
18:48:10,26.4,26.0,65.0,4.2,1.1,3.6
18:48:10,25.4,26.0,79.0,4.2,1.1,3.6
18:48:10,26.2,26.0,66.0,4.2,1.1,3.6
18:48:10,26.3,26.0,68.0,4.2,1.1,3.6
18:48:10,26.0,26.0,82.0,4.2,1.1,3.6
18:48:10,25.9,26.0,92.0,4.2,1.1,3.6
18:48:10,25.8,26.0,90.0,4.2,1.1,3.6
18:48:10,25.0,26.0,104.0,4.211,1.097,3.602
18:48:10,25.6,26.0,90.0,4.2,1.1,3.6
18:48:10,25.7,26.0,76.0,4.2,1.1,3.6
18:48:10,25.7,26.0,77.0,4.2,1.1,3.6
18:48:10,25.8,26.0,79.0,4.2,1.1,3.6
18:48:10,24.2,26.0,93.0,4.654,0.996,3.676
18:48:10,25.4,26.0,79.0,4.2,1.1,3.6
18:48:10,25.7,26.0,65.0,4.2,1.1,3.6
18:48:11,25.8,26.0,67.0,4.2,1.1,3.6
18:48:11,25.8,26.0,79.0,4.2,1.1,3.6
18:48:11,23.7,26.0,93.0,4.985,0.92,3.731
18:48:11,25.6,26.0,79.0,4.2,1.1,3.6
18:48:11,26.2,26.0,65.0,4.2,1.1,3.6
18:48:11,26.3,26.0,55.0,4.2,1.1,3.6
18:48:11,26.3,26.0,68.0,4.2,1.1,3.6
18:48:11,24.6,26.0,82.0,4.43,1.047,3.638
18:48:11,25.9,26.0,68.0,4.2,1.1,3.6
18:48:11,26.3,26.0,55.0,4.2,1.1,3.6
18:48:11,26.2,26.0,69.0,4.2,1.1,3.6
18:48:11,26.3,26.0,73.0,4.2,1.1,3.6
18:48:11,26.3,26.0,75.0,4.2,1.1,3.6
18:48:11,25.5,26.0,89.0,4.2,1.1,3.6
18:48:11,25.8,26.0,90.0,4.2,1.1,3.6
18:48:11,25.8,26.0,86.0,4.2,1.1,3.6
18:48:11,25.8,26.0,84.0,4.2,1.1,3.6
18:48:11,25.8,26.0,82.0,4.2,1.1,3.6
18:48:11,23.9,26.0,96.0,4.857,0.949,3.709
18:48:11,25.0,26.0,85.0,4.23,1.093,3.605
18:48:11,25.2,26.0,74.0,4.2,1.1,3.6
18:48:11,25.3,26.0,77.0,4.2,1.1,3.6
18:48:11,25.2,26.0,83.0,4.2,1.1,3.6
18:48:11,23.3,26.0,97.0,5.239,0.862,3.773
18:48:11,25.1,26.0,83.0,4.2,1.1,3.6
18:48:12,25.6,26.0,69.0,4.2,1.1,3.6
18:48:12,25.8,26.0,56.0,4.2,1.1,3.6
18:48:12,25.8,26.0,69.0,4.2,1.1,3.6
18:48:12,25.3,26.0,83.0,4.2,1.1,3.6
18:48:12,26.1,26.0,69.0,4.2,1.1,3.6
18:48:12,26.3,26.0,59.0,4.2,1.1,3.6
18:48:12,26.3,26.0,72.0,4.2,1.1,3.6
18:48:12,26.3,26.0,76.0,4.2,1.1,3.6
18:48:12,26.3,26.0,80.0,4.2,1.1,3.6
18:48:12,25.6,26.0,94.0,4.2,1.1,3.6
18:48:12,26.1,26.0,80.0,4.2,1.1,3.6
18:48:12,26.3,26.0,69.0,4.2,1.1,3.6
18:48:12,26.3,26.0,76.0,4.2,1.1,3.6
18:48:12,26.3,26.0,78.0,4.2,1.1,3.6
18:48:12,24.7,26.0,92.0,4.376,1.06,3.629
18:48:12,25.9,26.0,78.0,4.2,1.1,3.6
18:48:12,25.9,26.0,77.0,4.2,1.1,3.6
18:48:12,25.8,26.0,83.0,4.2,1.1,3.6
18:48:12,25.8,26.0,84.0,4.2,1.1,3.6
18:48:12,23.4,26.0,98.0,5.141,0.884,3.757
18:48:12,25.2,26.0,84.0,4.2,1.1,3.6
18:48:12,25.6,26.0,70.0,4.2,1.1,3.6
18:48:12,25.7,26.0,64.0,4.2,1.1,3.6
18:48:12,25.8,26.0,71.0,4.2,1.1,3.6
18:48:12,24.1,26.0,85.0,4.722,0.98,3.687
18:48:13,25.8,26.0,71.0,4.2,1.1,3.6
18:48:13,26.2,26.0,57.0,4.2,1.1,3.6
18:48:13,26.3,26.0,60.0,4.2,1.1,3.6
18:48:13,26.3,26.0,71.0,4.2,1.1,3.6
18:48:13,26.4,26.0,74.0,4.2,1.1,3.6
18:48:13,25.5,26.0,88.0,4.2,1.1,3.6
18:48:13,26.1,26.0,75.0,4.2,1.1,3.6
18:48:13,26.2,26.0,71.0,4.2,1.1,3.6
18:48:13,26.3,26.0,75.0,4.2,1.1,3.6
18:48:13,26.3,26.0,79.0,4.2,1.1,3.6
18:48:13,24.7,26.0,93.0,4.395,1.055,3.633
18:48:13,25.9,26.0,79.0,4.2,1.1,3.6
18:48:13,26.3,26.0,65.0,4.2,1.1,3.6
18:48:13,26.3,26.0,66.0,4.2,1.1,3.6
18:48:13,26.3,26.0,77.0,4.2,1.1,3.6
18:48:13,23.9,26.0,91.0,4.861,0.948,3.71
18:48:13,25.7,26.0,77.0,4.2,1.1,3.6
18:48:13,26.1,26.0,63.0,4.2,1.1,3.6
18:48:13,26.3,26.0,59.0,4.2,1.1,3.6
18:48:13,26.4,26.0,68.0,4.2,1.1,3.6
18:48:13,25.5,26.0,82.0,4.2,1.1,3.6
18:48:13,26.2,26.0,69.0,4.2,1.1,3.6
18:48:13,26.3,26.0,67.0,4.2,1.1,3.6
18:48:13,26.3,26.0,75.0,4.2,1.1,3.6
18:48:13,26.3,26.0,79.0,4.2,1.1,3.6
18:48:14,26.3,26.0,82.0,4.2,1.1,3.6
18:48:14,25.5,26.0,96.0,4.2,1.1,3.6
18:48:14,25.8,26.0,92.0,4.2,1.1,3.6
18:48:14,25.8,26.0,85.0,4.2,1.1,3.6
18:48:14,25.8,26.0,87.0,4.2,1.1,3.6
18:48:14,25.8,26.0,83.0,4.2,1.1,3.6
18:48:14,24.5,26.0,97.0,4.49,1.034,3.648
18:48:14,25.9,26.0,83.0,4.2,1.1,3.6
18:48:14,26.2,26.0,69.0,4.2,1.1,3.6
18:48:14,26.3,26.0,63.0,4.2,1.1,3.6
18:48:14,26.3,26.0,71.0,4.2,1.1,3.6
18:48:14,23.9,26.0,85.0,4.865,0.947,3.711
18:48:14,26.1,26.0,71.0,4.2,1.1,3.6
18:48:14,26.7,26.0,57.0,4.2,1.1,3.6
18:48:14,26.8,26.0,48.0,4.2,1.1,3.6
18:48:14,26.9,26.0,61.0,4.2,1.1,3.6
18:48:14,25.2,26.0,75.0,4.2,1.1,3.6
18:48:14,26.5,26.0,61.0,4.2,1.1,3.6
18:48:14,26.8,26.0,54.0,4.2,1.1,3.6
18:48:14,26.9,26.0,63.0,4.2,1.1,3.6
18:48:14,26.9,26.0,72.0,4.2,1.1,3.6
18:48:14,26.9,26.0,76.0,4.2,1.1,3.6
18:48:14,26.1,26.0,90.0,4.2,1.1,3.6
18:48:14,26.2,26.0,92.0,4.2,1.1,3.6
18:48:14,26.4,26.0,81.0,4.2,1.1,3.6
18:48:15,26.0,26.0,95.0,4.2,1.1,3.6
18:48:15,25.8,26.0,99.0,4.2,1.1,3.6
18:48:15,23.5,26.0,113.0,5.098,0.894,3.75
18:48:15,25.1,26.0,99.0,4.2,1.1,3.6
18:48:15,25.6,26.0,85.0,4.2,1.1,3.6
18:48:15,25.4,26.0,81.0,4.2,1.1,3.6
18:48:15,25.4,26.0,86.0,4.2,1.1,3.6
18:48:15,23.7,26.0,100.0,4.98,0.921,3.73
18:48:15,25.3,26.0,86.0,4.2,1.1,3.6
18:48:15,25.7,26.0,72.0,4.2,1.1,3.6
18:48:15,25.8,26.0,64.0,4.2,1.1,3.6
18:48:15,25.8,26.0,75.0,4.2,1.1,3.6
18:48:15,25.0,26.0,89.0,4.212,1.097,3.602
18:48:15,26.1,26.0,75.0,4.2,1.1,3.6
18:48:15,26.3,26.0,61.0,4.2,1.1,3.6
18:48:15,26.3,26.0,69.0,4.2,1.1,3.6
18:48:15,26.3,26.0,76.0,4.2,1.1,3.6
18:48:15,26.3,26.0,80.0,4.2,1.1,3.6
18:48:15,25.9,26.0,94.0,4.2,1.1,3.6
18:48:15,26.7,26.0,80.0,4.2,1.1,3.6
18:48:15,26.9,26.0,66.0,4.2,1.1,3.6
18:48:15,26.9,26.0,68.0,4.2,1.1,3.6
18:48:15,26.9,26.0,74.0,4.2,1.1,3.6
18:48:15,25.2,26.0,88.0,4.2,1.1,3.6
18:48:15,26.0,26.0,83.0,4.2,1.1,3.6
18:48:16,26.3,26.0,73.0,4.2,1.1,3.6
18:48:16,26.3,26.0,76.0,4.2,1.1,3.6
18:48:16,26.3,26.0,79.0,4.2,1.1,3.6
18:48:16,24.6,26.0,93.0,4.433,1.047,3.639
18:48:16,26.0,26.0,79.0,4.2,1.1,3.6
18:48:16,26.2,26.0,65.0,4.2,1.1,3.6
18:48:16,26.3,26.0,68.0,4.2,1.1,3.6
18:48:16,26.0,26.0,82.0,4.2,1.1,3.6
18:48:16,25.9,26.0,92.0,4.2,1.1,3.6
18:48:16,25.8,26.0,91.0,4.2,1.1,3.6
18:48:16,25.8,26.0,89.0,4.2,1.1,3.6
18:48:16,25.8,26.0,87.0,4.2,1.1,3.6
18:48:16,25.8,26.0,87.0,4.2,1.1,3.6
18:48:16,25.8,26.0,86.0,4.2,1.1,3.6
18:48:16,26.1,26.0,72.0,4.2,1.1,3.6
18:48:16,26.2,26.0,72.0,4.2,1.1,3.6
18:48:16,26.2,26.0,75.0,4.2,1.1,3.6
18:48:16,26.3,26.0,78.0,4.2,1.1,3.6
18:48:16,26.3,26.0,79.0,4.2,1.1,3.6
18:48:16,26.3,26.0,83.0,4.2,1.1,3.6
18:48:16,26.7,26.0,69.0,4.2,1.1,3.6
18:48:16,26.8,26.0,67.0,4.2,1.1,3.6
18:48:16,26.8,26.0,72.0,4.2,1.1,3.6
18:48:16,26.8,26.0,76.0,4.2,1.1,3.6
18:48:16,26.8,26.0,79.0,4.2,1.1,3.6
18:48:16,26.9,26.0,75.0,4.2,1.1,3.6
18:48:17,26.9,26.0,76.0,4.2,1.1,3.6
18:48:17,26.5,26.0,90.0,4.2,1.1,3.6
18:48:17,26.3,26.0,97.0,4.2,1.1,3.6
18:48:17,26.3,26.0,92.0,4.2,1.1,3.6
18:48:17,26.3,26.0,88.0,4.2,1.1,3.6
18:48:17,26.2,26.0,87.0,4.2,1.1,3.6
18:48:17,26.2,26.0,84.0,4.2,1.1,3.6
18:48:17,26.2,26.0,84.0,4.2,1.1,3.6
18:48:17,26.3,26.0,81.0,4.2,1.1,3.6
18:48:17,26.2,26.0,83.0,4.2,1.1,3.6
18:48:17,26.3,26.0,82.0,4.2,1.1,3.6
18:48:17,26.3,26.0,83.0,4.2,1.1,3.6
18:48:17,26.3,26.0,82.0,4.2,1.1,3.6
18:48:17,26.2,26.0,83.0,4.2,1.1,3.6
18:48:17,26.3,26.0,82.0,4.2,1.1,3.6
18:48:17,26.3,26.0,81.0,4.2,1.1,3.6
18:48:17,26.3,26.0,83.0,4.2,1.1,3.6
18:48:17,26.3,26.0,83.0,4.2,1.1,3.6
18:48:17,26.3,26.0,82.0,4.2,1.1,3.6
18:48:17,26.2,26.0,83.0,4.2,1.1,3.6
18:48:17,26.3,26.0,81.0,4.2,1.1,3.6
18:48:17,26.3,26.0,83.0,4.2,1.1,3.6
18:48:17,26.3,26.0,82.0,4.2,1.1,3.6
18:48:17,26.3,26.0,83.0,4.2,1.1,3.6
18:48:17,25.4,26.0,97.0,4.2,1.1,3.6
18:48:18,25.1,26.0,111.0,4.2,1.1,3.6
18:48:18,26.0,26.0,97.0,4.2,1.1,3.6
18:48:18,26.2,26.0,83.0,4.2,1.1,3.6
18:48:18,26.3,26.0,69.0,4.2,1.1,3.6
18:48:18,26.3,26.0,72.0,4.2,1.1,3.6
18:48:18,24.7,26.0,86.0,4.399,1.054,3.633
18:48:18,25.9,26.0,72.0,4.2,1.1,3.6
18:48:18,26.6,26.0,58.0,4.2,1.1,3.6
18:48:18,26.8,26.0,52.0,4.2,1.1,3.6
18:48:18,26.9,26.0,62.0,4.2,1.1,3.6
18:48:18,24.5,26.0,76.0,4.528,1.025,3.655
18:48:18,26.2,26.0,62.0,4.2,1.1,3.6
18:48:18,26.7,26.0,48.0,4.2,1.1,3.6
18:48:18,26.4,26.0,62.0,4.2,1.1,3.6
18:48:18,26.4,26.0,76.0,4.2,1.1,3.6
18:48:18,24.7,26.0,90.0,4.402,1.054,3.634
18:48:18,25.5,26.0,85.0,4.2,1.1,3.6
18:48:18,25.8,26.0,73.0,4.2,1.1,3.6
18:48:18,25.8,26.0,78.0,4.2,1.1,3.6
18:48:18,25.4,26.0,92.0,4.2,1.1,3.6
18:48:18,25.3,26.0,99.0,4.2,1.1,3.6
18:48:18,24.6,26.0,113.0,4.466,1.039,3.644
18:48:18,25.1,26.0,99.0,4.2,1.1,3.6
18:48:18,24.9,26.0,95.0,4.258,1.087,3.61
18:48:19,25.1,26.0,81.0,4.2,1.1,3.6
18:48:19,24.9,26.0,95.0,4.255,1.087,3.609
18:48:19,23.3,26.0,109.0,5.201,0.871,3.767
18:48:19,24.4,26.0,95.0,4.545,1.021,3.657
18:48:19,25.0,26.0,81.0,4.2,1.1,3.6
18:48:19,25.2,26.0,67.0,4.2,1.1,3.6
18:48:19,25.3,26.0,72.0,4.2,1.1,3.6
18:48:19,23.0,26.0,86.0,5.408,0.823,3.801
18:48:19,25.0,26.0,72.0,4.2,1.1,3.6
18:48:19,25.6,26.0,58.0,4.2,1.1,3.6
18:48:19,25.8,26.0,55.0,4.2,1.1,3.6
18:48:19,26.1,26.0,53.0,4.2,1.1,3.6
18:48:19,25.3,26.0,67.0,4.2,1.1,3.6
18:48:19,26.1,26.0,58.0,4.2,1.1,3.6
18:48:19,26.7,26.0,44.0,4.2,1.1,3.6
18:48:19,26.9,26.0,54.0,4.2,1.1,3.6
18:48:19,26.9,26.0,64.0,4.2,1.1,3.6
18:48:19,26.9,26.0,73.0,4.2,1.1,3.6
18:48:19,26.1,26.0,87.0,4.2,1.1,3.6
18:48:19,26.7,26.0,73.0,4.2,1.1,3.6
18:48:19,26.4,26.0,87.0,4.2,1.1,3.6
18:48:19,26.3,26.0,90.0,4.2,1.1,3.6
18:48:19,26.3,26.0,87.0,4.2,1.1,3.6
18:48:19,24.7,26.0,101.0,4.4,1.054,3.633
18:48:19,25.5,26.0,87.0,4.2,1.1,3.6
18:48:19,25.8,26.0,75.0,4.2,1.1,3.6
18:48:20,25.8,26.0,76.0,4.2,1.1,3.6
18:48:20,25.8,26.0,81.0,4.2,1.1,3.6
18:48:20,23.3,26.0,95.0,5.24,0.862,3.773
18:48:20,25.2,26.0,81.0,4.2,1.1,3.6
18:48:20,25.7,26.0,67.0,4.2,1.1,3.6
18:48:20,25.7,26.0,64.0,4.2,1.1,3.6
18:48:20,25.8,26.0,73.0,4.2,1.1,3.6
18:48:20,25.3,26.0,87.0,4.2,1.1,3.6
18:48:20,26.1,26.0,73.0,4.2,1.1,3.6
18:48:20,26.3,26.0,60.0,4.2,1.1,3.6
18:48:20,26.3,26.0,69.0,4.2,1.1,3.6
18:48:20,26.3,26.0,78.0,4.2,1.1,3.6
18:48:20,26.3,26.0,82.0,4.2,1.1,3.6
18:48:20,25.5,26.0,96.0,4.2,1.1,3.6
18:48:20,26.2,26.0,82.0,4.2,1.1,3.6
18:48:20,26.3,26.0,72.0,4.2,1.1,3.6
18:48:20,26.3,26.0,75.0,4.2,1.1,3.6
18:48:20,26.3,26.0,80.0,4.2,1.1,3.6
18:48:20,24.7,26.0,94.0,4.383,1.058,3.631
18:48:20,25.9,26.0,80.0,4.2,1.1,3.6
18:48:20,26.3,26.0,66.0,4.2,1.1,3.6
18:48:20,26.3,26.0,68.0,4.2,1.1,3.6
18:48:20,26.4,26.0,73.0,4.2,1.1,3.6
18:48:20,23.8,26.0,87.0,4.892,0.941,3.715
18:48:21,25.7,26.0,73.0,4.2,1.1,3.6
18:48:21,26.2,26.0,59.0,4.2,1.1,3.6
18:48:21,26.3,26.0,60.0,4.2,1.1,3.6
18:48:21,26.3,26.0,71.0,4.2,1.1,3.6
18:48:21,25.4,26.0,85.0,4.2,1.1,3.6
18:48:21,26.2,26.0,71.0,4.2,1.1,3.6
18:48:21,26.3,26.0,68.0,4.2,1.1,3.6
18:48:21,26.3,26.0,73.0,4.2,1.1,3.6
18:48:21,26.3,26.0,79.0,4.2,1.1,3.6
18:48:21,26.3,26.0,80.0,4.2,1.1,3.6
18:48:21,25.5,26.0,94.0,4.2,1.1,3.6
18:48:21,26.2,26.0,80.0,4.2,1.1,3.6
18:48:21,26.3,26.0,73.0,4.2,1.1,3.6
18:48:21,26.2,26.0,81.0,4.2,1.1,3.6
18:48:21,26.3,26.0,77.0,4.2,1.1,3.6
18:48:21,24.6,26.0,91.0,4.417,1.05,3.636
18:48:21,25.9,26.0,77.0,4.2,1.1,3.6
18:48:21,26.2,26.0,63.0,4.2,1.1,3.6
18:48:21,26.3,26.0,69.0,4.2,1.1,3.6
18:48:21,26.3,26.0,75.0,4.2,1.1,3.6
18:48:21,23.9,26.0,89.0,4.88,0.944,3.713
18:48:21,25.7,26.0,75.0,4.2,1.1,3.6
18:48:21,26.2,26.0,61.0,4.2,1.1,3.6
18:48:21,26.3,26.0,60.0,4.2,1.1,3.6
18:48:22,26.3,26.0,71.0,4.2,1.1,3.6
18:48:22,24.6,26.0,85.0,4.43,1.047,3.638
18:48:22,25.9,26.0,71.0,4.2,1.1,3.6
18:48:22,26.2,26.0,57.0,4.2,1.1,3.6
18:48:22,26.3,26.0,65.0,4.2,1.1,3.6
18:48:22,26.3,26.0,74.0,4.2,1.1,3.6
18:48:22,26.3,26.0,80.0,4.2,1.1,3.6
18:48:22,25.5,26.0,94.0,4.2,1.1,3.6
18:48:22,26.2,26.0,80.0,4.2,1.1,3.6
18:48:22,26.3,26.0,72.0,4.2,1.1,3.6
18:48:22,26.3,26.0,76.0,4.2,1.1,3.6
18:48:22,26.4,26.0,77.0,4.2,1.1,3.6
18:48:22,24.4,26.0,91.0,4.553,1.019,3.659
18:48:22,25.9,26.0,77.0,4.2,1.1,3.6
18:48:22,26.3,26.0,63.0,4.2,1.1,3.6
18:48:22,26.3,26.0,65.0,4.2,1.1,3.6
18:48:22,26.3,26.0,74.0,4.2,1.1,3.6
18:48:22,24.6,26.0,88.0,4.414,1.051,3.636
18:48:22,25.9,26.0,74.0,4.2,1.1,3.6
18:48:22,26.2,26.0,60.0,4.2,1.1,3.6
18:48:22,26.3,26.0,66.0,4.2,1.1,3.6
18:48:22,26.3,26.0,75.0,4.2,1.1,3.6
18:48:22,25.4,26.0,89.0,4.2,1.1,3.6
18:48:22,26.2,26.0,75.0,4.2,1.1,3.6
18:48:22,26.3,26.0,67.0,4.2,1.1,3.6
18:48:22,26.0,26.0,81.0,4.2,1.1,3.6
18:48:23,25.9,26.0,94.0,4.2,1.1,3.6
18:48:23,25.8,26.0,93.0,4.2,1.1,3.6
18:48:23,25.1,26.0,107.0,4.2,1.1,3.6
18:48:23,25.6,26.0,93.0,4.2,1.1,3.6
18:48:23,25.8,26.0,79.0,4.2,1.1,3.6
18:48:23,25.8,26.0,78.0,4.2,1.1,3.6
18:48:23,26.2,26.0,65.0,4.2,1.1,3.6
18:48:23,24.6,26.0,79.0,4.43,1.047,3.638
18:48:23,25.9,26.0,65.0,4.2,1.1,3.6
18:48:23,26.6,26.0,51.0,4.2,1.1,3.6
18:48:23,26.8,26.0,51.0,4.2,1.1,3.6
18:48:23,26.9,26.0,61.0,4.2,1.1,3.6
18:48:23,24.4,26.0,75.0,4.542,1.022,3.657
18:48:23,26.2,26.0,61.0,4.2,1.1,3.6
18:48:23,26.7,26.0,47.0,4.2,1.1,3.6
18:48:23,26.8,26.0,58.0,4.2,1.1,3.6
18:48:23,26.9,26.0,63.0,4.2,1.1,3.6
18:48:23,25.2,26.0,77.0,4.2,1.1,3.6
18:48:23,26.5,26.0,63.0,4.2,1.1,3.6
18:48:23,26.8,26.0,55.0,4.2,1.1,3.6
18:48:23,26.9,26.0,63.0,4.2,1.1,3.6
18:48:23,26.9,26.0,71.0,4.2,1.1,3.6
18:48:23,26.9,26.0,75.0,4.2,1.1,3.6
18:48:23,26.1,26.0,89.0,4.2,1.1,3.6
18:48:23,27.2,26.0,75.0,4.319,1.073,3.62
18:48:24,27.5,26.0,61.0,4.503,1.03,3.651
18:48:24,27.6,26.0,59.0,4.542,1.022,3.657
18:48:24,27.6,26.0,67.0,4.546,1.021,3.658
18:48:24,25.8,26.0,81.0,4.2,1.1,3.6
18:48:24,27.2,26.0,67.0,4.295,1.078,3.616
18:48:24,27.5,26.0,53.0,4.51,1.029,3.652
18:48:24,27.6,26.0,58.0,4.564,1.017,3.661
18:48:24,27.1,26.0,72.0,4.281,1.082,3.613
18:48:24,24.9,26.0,86.0,4.288,1.08,3.615
18:48:24,26.8,26.0,72.0,4.2,1.1,3.6
18:48:24,26.9,26.0,59.0,4.2,1.1,3.6
18:48:24,27.4,26.0,45.0,4.462,1.04,3.644
18:48:24,27.6,26.0,53.0,4.543,1.021,3.657
18:48:24,26.6,26.0,67.0,4.2,1.1,3.6
18:48:24,27.4,26.0,58.0,4.438,1.045,3.64
18:48:24,27.6,26.0,59.0,4.543,1.021,3.657
18:48:24,27.6,26.0,64.0,4.588,1.011,3.665
18:48:24,27.6,26.0,72.0,4.564,1.017,3.661
18:48:24,27.6,26.0,75.0,4.553,1.019,3.659
18:48:24,27.5,26.0,78.0,4.523,1.026,3.654
18:48:24,27.5,26.0,77.0,4.524,1.026,3.654
18:48:24,27.6,26.0,75.0,4.538,1.023,3.656
18:48:24,27.6,26.0,75.0,4.538,1.022,3.656
18:48:24,27.1,26.0,89.0,4.266,1.085,3.611
18:48:24,26.9,26.0,96.0,4.2,1.1,3.6
18:48:25,26.9,26.0,88.0,4.2,1.1,3.6
18:48:25,26.9,26.0,86.0,4.2,1.1,3.6
18:48:25,26.9,26.0,82.0,4.2,1.1,3.6
18:48:25,26.9,26.0,81.0,4.2,1.1,3.6
18:48:25,26.9,26.0,80.0,4.2,1.1,3.6
18:48:25,26.8,26.0,81.0,4.2,1.1,3.6
18:48:25,27.3,26.0,67.0,4.403,1.054,3.634
18:48:25,27.0,26.0,81.0,4.2,1.1,3.6
18:48:25,27.4,26.0,67.0,4.421,1.049,3.637
18:48:25,27.4,26.0,65.0,4.47,1.038,3.645
18:48:25,27.0,26.0,79.0,4.223,1.095,3.604
18:48:25,27.4,26.0,66.0,4.441,1.045,3.64
18:48:25,27.5,26.0,65.0,4.506,1.03,3.651
18:48:25,27.1,26.0,79.0,4.25,1.089,3.608
18:48:25,27.4,26.0,69.0,4.432,1.047,3.639
18:48:25,27.0,26.0,83.0,4.215,1.097,3.602
18:48:25,27.4,26.0,69.0,4.445,1.044,3.641
18:48:25,27.0,26.0,83.0,4.229,1.093,3.605
18:48:25,26.9,26.0,89.0,4.2,1.1,3.6
18:48:25,26.9,26.0,85.0,4.2,1.1,3.6
18:48:25,26.9,26.0,83.0,4.2,1.1,3.6
18:48:25,26.8,26.0,81.0,4.2,1.1,3.6
18:48:25,27.4,26.0,67.0,4.427,1.048,3.638
18:48:25,27.0,26.0,81.0,4.23,1.093,3.605
18:48:25,27.4,26.0,67.0,4.419,1.05,3.636
18:48:26,27.5,26.0,65.0,4.472,1.038,3.645
18:48:26,27.5,26.0,68.0,4.495,1.032,3.649
18:48:26,27.6,26.0,68.0,4.539,1.022,3.657
18:48:26,27.5,26.0,73.0,4.519,1.027,3.653
18:48:26,27.6,26.0,72.0,4.533,1.024,3.655
18:48:26,27.6,26.0,73.0,4.534,1.024,3.656
18:48:26,27.5,26.0,77.0,4.5,1.031,3.65
18:48:26,27.5,26.0,75.0,4.5,1.031,3.65
18:48:26,27.5,26.0,74.0,4.51,1.029,3.652
18:48:26,27.5,26.0,74.0,4.51,1.029,3.652
18:48:26,27.5,26.0,73.0,4.52,1.027,3.653
18:48:26,25.8,26.0,87.0,4.2,1.1,3.6
18:48:26,27.1,26.0,73.0,4.249,1.089,3.608
18:48:26,27.4,26.0,59.0,4.442,1.045,3.64
18:48:26,27.5,26.0,56.0,4.523,1.026,3.654
18:48:26,27.6,26.0,63.0,4.537,1.023,3.656
18:48:26,25.0,26.0,77.0,4.2,1.1,3.6
18:48:26,26.9,26.0,63.0,4.2,1.1,3.6
18:48:26,27.4,26.0,49.0,4.442,1.044,3.64
18:48:26,27.6,26.0,48.0,4.53,1.024,3.655
18:48:26,27.5,26.0,62.0,4.519,1.027,3.653
18:48:26,25.8,26.0,76.0,4.2,1.1,3.6
18:48:26,27.1,26.0,62.0,4.242,1.09,3.607
18:48:26,27.5,26.0,48.0,4.497,1.032,3.65
18:48:26,27.6,26.0,54.0,4.547,1.021,3.658
18:48:27,27.6,26.0,65.0,4.531,1.024,3.655
18:48:27,26.6,26.0,79.0,4.2,1.1,3.6
18:48:27,26.0,26.0,93.0,4.2,1.1,3.6
18:48:27,27.1,26.0,79.0,4.288,1.08,3.615
18:48:27,27.0,26.0,69.0,4.2,1.1,3.6
18:48:27,26.9,26.0,75.0,4.2,1.1,3.6
18:48:27,26.9,26.0,78.0,4.2,1.1,3.6
18:48:27,25.2,26.0,92.0,4.2,1.1,3.6
18:48:27,26.1,26.0,79.0,4.2,1.1,3.6
18:48:27,26.3,26.0,70.0,4.2,1.1,3.6
18:48:27,26.3,26.0,71.0,4.2,1.1,3.6
18:48:27,26.4,26.0,75.0,4.2,1.1,3.6
18:48:27,23.6,26.0,89.0,5.021,0.912,3.737
18:48:27,25.2,26.0,75.0,4.2,1.1,3.6
18:48:27,25.7,26.0,61.0,4.2,1.1,3.6
18:48:27,25.8,26.0,64.0,4.2,1.1,3.6
18:48:27,25.5,26.0,78.0,4.2,1.1,3.6
18:48:27,23.8,26.0,92.0,4.935,0.932,3.722
18:48:27,25.0,26.0,78.0,4.23,1.093,3.605
18:48:27,25.2,26.0,67.0,4.2,1.1,3.6
18:48:27,25.3,26.0,70.0,4.2,1.1,3.6
18:48:27,25.3,26.0,75.0,4.2,1.1,3.6
18:48:27,24.5,26.0,89.0,4.528,1.025,3.655
18:48:27,24.3,26.0,103.0,4.612,1.006,3.669
18:48:27,24.7,26.0,89.0,4.379,1.059,3.63
18:48:28,25.1,26.0,75.0,4.2,1.1,3.6
18:48:28,25.3,26.0,66.0,4.2,1.1,3.6
18:48:28,25.3,26.0,74.0,4.2,1.1,3.6
18:48:28,23.7,26.0,88.0,4.974,0.923,3.729
18:48:28,25.3,26.0,74.0,4.2,1.1,3.6
18:48:28,25.7,26.0,60.0,4.2,1.1,3.6
18:48:28,25.8,26.0,61.0,4.2,1.1,3.6
18:48:28,26.1,26.0,56.0,4.2,1.1,3.6
18:48:28,23.8,26.0,70.0,4.896,0.94,3.716
18:48:28,25.7,26.0,56.0,4.2,1.1,3.6
18:48:28,26.1,26.0,42.0,4.2,1.1,3.6
18:48:28,26.7,26.0,35.0,4.2,1.1,3.6
18:48:28,26.8,26.0,48.0,4.2,1.1,3.6
18:48:28,25.2,26.0,62.0,4.2,1.1,3.6
18:48:28,26.4,26.0,53.0,4.2,1.1,3.6
18:48:28,26.8,26.0,48.0,4.2,1.1,3.6
18:48:28,26.9,26.0,59.0,4.2,1.1,3.6
18:48:28,26.5,26.0,73.0,4.2,1.1,3.6
18:48:28,25.4,26.0,87.0,4.2,1.1,3.6
18:48:28,25.2,26.0,101.0,4.2,1.1,3.6
18:48:28,25.7,26.0,87.0,4.2,1.1,3.6
18:48:28,25.8,26.0,75.0,4.2,1.1,3.6
18:48:28,25.5,26.0,89.0,4.2,1.1,3.6
18:48:28,25.4,26.0,95.0,4.2,1.1,3.6
18:48:28,23.8,26.0,109.0,4.929,0.933,3.722
18:48:29,24.9,26.0,95.0,4.234,1.092,3.606
18:48:29,24.9,26.0,83.0,4.283,1.081,3.614
18:48:29,24.8,26.0,87.0,4.306,1.076,3.618
18:48:29,24.8,26.0,88.0,4.326,1.071,3.621
18:48:29,22.6,26.0,102.0,5.648,0.768,3.841
18:48:29,24.6,26.0,88.0,4.441,1.045,3.64
18:48:29,25.1,26.0,74.0,4.2,1.1,3.6
18:48:29,25.3,26.0,60.0,4.2,1.1,3.6
18:48:29,25.3,26.0,71.0,4.2,1.1,3.6
18:48:29,23.7,26.0,85.0,4.988,0.919,3.731
18:48:29,25.2,26.0,71.0,4.2,1.1,3.6
18:48:29,25.7,26.0,57.0,4.2,1.1,3.6
18:48:29,25.8,26.0,58.0,4.2,1.1,3.6
18:48:29,25.8,26.0,69.0,4.2,1.1,3.6
18:48:29,26.1,26.0,59.0,4.2,1.1,3.6
18:48:29,25.5,26.0,73.0,4.2,1.1,3.6
18:48:29,26.1,26.0,61.0,4.2,1.1,3.6
18:48:29,26.2,26.0,66.0,4.2,1.1,3.6
18:48:29,26.3,26.0,71.0,4.2,1.1,3.6
18:48:29,26.3,26.0,75.0,4.2,1.1,3.6
18:48:29,24.7,26.0,89.0,4.401,1.054,3.634
18:48:29,25.9,26.0,75.0,4.2,1.1,3.6
18:48:29,26.2,26.0,61.0,4.2,1.1,3.6
18:48:29,26.3,26.0,66.0,4.2,1.1,3.6
18:48:29,26.3,26.0,73.0,4.2,1.1,3.6
18:48:29,23.9,26.0,87.0,4.887,0.943,3.714
18:48:30,25.6,26.0,73.0,4.2,1.1,3.6
18:48:30,26.1,26.0,59.0,4.2,1.1,3.6
18:48:30,26.3,26.0,57.0,4.2,1.1,3.6
18:48:30,26.3,26.0,67.0,4.2,1.1,3.6
18:48:30,25.5,26.0,81.0,4.2,1.1,3.6
18:48:30,26.1,26.0,69.0,4.2,1.1,3.6
18:48:30,26.3,26.0,67.0,4.2,1.1,3.6
18:48:30,26.3,26.0,71.0,4.2,1.1,3.6
18:48:30,26.4,26.0,74.0,4.2,1.1,3.6
18:48:30,26.3,26.0,79.0,4.2,1.1,3.6
18:48:30,25.5,26.0,93.0,4.2,1.1,3.6
18:48:30,26.1,26.0,79.0,4.2,1.1,3.6
18:48:30,26.3,26.0,68.0,4.2,1.1,3.6
18:48:30,26.3,26.0,74.0,4.2,1.1,3.6
18:48:30,26.3,26.0,77.0,4.2,1.1,3.6
18:48:30,24.4,26.0,91.0,4.568,1.016,3.661
18:48:30,25.4,26.0,80.0,4.2,1.1,3.6
18:48:30,25.7,26.0,69.0,4.2,1.1,3.6
18:48:30,25.8,26.0,71.0,4.2,1.1,3.6
18:48:30,25.8,26.0,78.0,4.2,1.1,3.6
18:48:30,24.2,26.0,92.0,4.682,0.99,3.68
18:48:30,25.5,26.0,78.0,4.2,1.1,3.6
18:48:30,25.7,26.0,64.0,4.2,1.1,3.6
18:48:30,25.8,26.0,69.0,4.2,1.1,3.6
18:48:30,25.8,26.0,75.0,4.2,1.1,3.6
18:48:31,25.0,26.0,89.0,4.221,1.095,3.603
18:48:31,25.7,26.0,75.0,4.2,1.1,3.6
18:48:31,25.8,26.0,69.0,4.2,1.1,3.6
18:48:31,25.8,26.0,76.0,4.2,1.1,3.6
18:48:31,25.9,26.0,77.0,4.2,1.1,3.6
18:48:31,25.8,26.0,83.0,4.2,1.1,3.6
18:48:31,25.0,26.0,97.0,4.2,1.1,3.6
18:48:31,25.6,26.0,83.0,4.2,1.1,3.6
18:48:31,25.7,26.0,73.0,4.2,1.1,3.6
18:48:31,25.8,26.0,75.0,4.2,1.1,3.6
