Timestamp,Distance_CM,Setpoint_CM,Servo_Angle,Kp_eff,Ki_eff,Kd_eff
13:23:20,14.5,0.0,90.0,6.0,1.1,4.0
13:23:20,13.9,0.0,90.0,6.0,1.1,4.0
13:23:20,13.8,0.0,90.0,6.0,1.1,4.0
13:23:20,14.3,0.0,90.0,6.0,1.1,4.0
13:23:20,14.5,0.0,90.0,6.0,1.1,4.0
13:23:20,14.5,0.0,90.0,6.0,1.1,4.0
13:23:20,14.5,0.0,90.0,6.0,1.1,4.0
13:23:20,13.9,0.0,90.0,6.0,1.1,4.0
13:23:20,14.4,0.0,90.0,6.0,1.1,4.0
13:23:20,14.5,0.0,90.0,6.0,1.1,4.0
13:23:20,14.5,0.0,90.0,6.0,1.1,4.0
13:23:20,14.5,0.0,90.0,6.0,1.1,4.0
13:23:20,14.5,0.0,90.0,6.0,1.1,4.0
13:23:20,13.4,0.0,90.0,6.0,1.1,4.0
13:23:21,14.2,0.0,90.0,6.0,1.1,4.0
13:23:21,14.4,0.0,90.0,6.0,1.1,4.0
13:23:21,14.5,0.0,90.0,6.0,1.1,4.0
13:23:21,14.5,0.0,90.0,6.0,1.1,4.0
13:23:21,14.5,0.0,90.0,6.0,1.1,4.0
13:23:21,13.4,0.0,90.0,6.0,1.1,4.0
13:23:21,14.2,0.0,90.0,6.0,1.1,4.0
13:23:21,14.5,0.0,90.0,6.0,1.1,4.0
13:23:21,14.5,0.0,90.0,6.0,1.1,4.0
13:23:21,14.5,0.0,90.0,6.0,1.1,4.0
13:23:21,14.5,0.0,90.0,6.0,1.1,4.0
13:23:21,12.9,0.0,90.0,6.0,1.1,4.0
13:23:21,14.1,0.0,90.0,6.0,1.1,4.0
13:23:21,14.4,0.0,90.0,6.0,1.1,4.0
13:23:21,14.5,0.0,90.0,6.0,1.1,4.0
13:23:21,14.5,0.0,90.0,6.0,1.1,4.0
13:23:21,14.5,0.0,90.0,6.0,1.1,4.0
13:23:21,13.0,0.0,90.0,6.0,1.1,4.0
13:23:21,14.1,0.0,90.0,6.0,1.1,4.0
13:23:21,14.4,0.0,90.0,6.0,1.1,4.0
13:23:21,14.5,0.0,90.0,6.0,1.1,4.0
13:23:21,14.5,0.0,90.0,6.0,1.1,4.0
13:23:21,14.5,0.0,90.0,6.0,1.1,4.0
13:23:21,12.9,0.0,90.0,6.0,1.1,4.0
13:23:21,14.1,0.0,90.0,6.0,1.1,4.0
13:23:21,14.4,0.0,90.0,6.0,1.1,4.0
13:23:21,14.5,0.0,90.0,6.0,1.1,4.0
13:23:21,14.5,0.0,90.0,6.0,1.1,4.0
13:23:21,14.5,0.0,90.0,6.0,1.1,4.0
13:23:21,12.9,0.0,90.0,6.0,1.1,4.0
13:23:21,14.1,0.0,90.0,6.0,1.1,4.0
13:23:21,14.4,0.0,90.0,6.0,1.1,4.0
13:23:22,14.5,0.0,90.0,6.0,1.1,4.0
13:23:22,14.5,0.0,90.0,6.0,1.1,4.0
13:23:22,14.5,0.0,90.0,6.0,1.1,4.0
13:23:22,13.4,0.0,90.0,6.0,1.1,4.0
13:23:22,14.2,0.0,90.0,6.0,1.1,4.0
13:23:22,14.4,0.0,90.0,6.0,1.1,4.0
13:23:22,14.5,0.0,90.0,6.0,1.1,4.0
13:23:22,14.5,0.0,90.0,6.0,1.1,4.0
13:23:22,14.5,0.0,90.0,6.0,1.1,4.0
13:23:22,13.4,0.0,90.0,6.0,1.1,4.0
13:23:22,14.2,0.0,90.0,6.0,1.1,4.0
13:23:22,14.5,0.0,90.0,6.0,1.1,4.0
13:23:22,14.5,0.0,90.0,6.0,1.1,4.0
13:23:22,14.5,0.0,90.0,6.0,1.1,4.0
13:23:22,13.9,0.0,90.0,6.0,1.1,4.0
13:23:22,13.8,0.0,90.0,6.0,1.1,4.0
13:23:22,14.3,0.0,90.0,6.0,1.1,4.0
13:23:22,14.5,0.0,90.0,6.0,1.1,4.0
13:23:22,14.5,0.0,90.0,6.0,1.1,4.0
13:23:22,14.5,0.0,90.0,6.0,1.1,4.0
13:23:22,14.0,0.0,90.0,6.0,1.1,4.0
13:23:22,13.8,0.0,90.0,6.0,1.1,4.0
13:23:22,14.3,0.0,90.0,6.0,1.1,4.0
13:23:22,14.5,0.0,90.0,6.0,1.1,4.0
13:23:22,14.5,0.0,90.0,6.0,1.1,4.0
13:23:22,14.5,0.0,90.0,6.0,1.1,4.0
13:23:23,13.4,0.0,90.0,6.0,1.1,4.0
13:23:23,13.7,0.0,90.0,6.0,1.1,4.0
13:23:23,14.3,0.0,90.0,6.0,1.1,4.0
13:23:23,14.5,0.0,90.0,6.0,1.1,4.0
13:23:23,14.5,0.0,90.0,6.0,1.1,4.0
13:23:23,14.5,0.0,90.0,6.0,1.1,4.0
13:23:23,13.4,0.0,90.0,6.0,1.1,4.0
13:23:23,14.2,0.0,90.0,6.0,1.1,4.0
13:23:23,14.5,0.0,90.0,6.0,1.1,4.0
13:23:23,14.5,0.0,90.0,6.0,1.1,4.0
13:23:23,14.5,0.0,90.0,6.0,1.1,4.0
13:23:23,14.5,0.0,90.0,6.0,1.1,4.0
13:23:23,13.4,0.0,90.0,6.0,1.1,4.0
13:23:23,14.2,0.0,90.0,6.0,1.1,4.0
13:23:23,14.4,0.0,90.0,6.0,1.1,4.0
13:23:23,14.5,0.0,90.0,6.0,1.1,4.0
13:23:23,14.5,0.0,90.0,6.0,1.1,4.0
13:23:23,14.5,0.0,90.0,6.0,1.1,4.0
13:23:23,12.7,0.0,90.0,6.0,1.1,4.0
13:23:23,14.0,0.0,90.0,6.0,1.1,4.0
13:23:23,14.4,0.0,90.0,6.0,1.1,4.0
13:23:23,14.5,0.0,90.0,6.0,1.1,4.0
13:23:23,14.5,0.0,90.0,6.0,1.1,4.0
13:23:23,14.5,0.0,90.0,6.0,1.1,4.0
13:23:23,13.0,0.0,90.0,6.0,1.1,4.0
13:23:24,14.1,0.0,90.0,6.0,1.1,4.0
13:23:24,14.4,0.0,90.0,6.0,1.1,4.0
13:23:24,14.5,0.0,90.0,6.0,1.1,4.0
13:23:24,14.5,0.0,90.0,6.0,1.1,4.0
13:23:24,14.5,0.0,90.0,6.0,1.1,4.0
13:23:24,14.5,0.0,90.0,6.0,1.1,4.0
13:23:24,14.5,0.0,90.0,6.0,1.1,4.0
13:23:24,14.5,0.0,90.0,6.0,1.1,4.0
13:23:24,14.5,0.0,90.0,6.0,1.1,4.0
13:23:24,14.5,0.0,90.0,6.0,1.1,4.0
13:23:24,14.5,0.0,90.0,6.0,1.1,4.0
13:23:24,14.5,0.0,90.0,6.0,1.1,4.0
13:23:24,14.5,0.0,90.0,6.0,1.1,4.0
13:23:24,14.5,0.0,90.0,6.0,1.1,4.0
13:23:24,14.5,0.0,90.0,6.0,1.1,4.0
13:23:24,14.5,0.0,90.0,6.0,1.1,4.0
13:23:24,14.5,0.0,90.0,6.0,1.1,4.0
13:23:24,14.5,0.0,90.0,6.0,1.1,4.0
13:23:24,14.5,0.0,90.0,6.0,1.1,4.0
13:23:24,14.5,0.0,90.0,6.0,1.1,4.0
13:23:24,14.5,0.0,90.0,6.0,1.1,4.0
13:23:24,14.5,0.0,90.0,6.0,1.1,4.0
13:23:24,14.5,0.0,90.0,6.0,1.1,4.0
13:23:24,14.5,0.0,90.0,6.0,1.1,4.0
13:23:25,14.5,0.0,90.0,6.0,1.1,4.0
13:23:25,14.5,0.0,90.0,6.0,1.1,4.0
13:23:25,14.5,0.0,90.0,6.0,1.1,4.0
13:23:25,14.5,0.0,90.0,6.0,1.1,4.0
13:23:25,14.5,0.0,90.0,6.0,1.1,4.0
13:23:25,14.5,0.0,90.0,6.0,1.1,4.0
13:23:25,14.5,0.0,90.0,6.0,1.1,4.0
13:23:25,14.5,0.0,90.0,6.0,1.1,4.0
13:23:25,14.5,0.0,90.0,6.0,1.1,4.0
13:23:25,14.5,0.0,90.0,6.0,1.1,4.0
13:23:25,14.5,0.0,90.0,6.0,1.1,4.0
13:23:25,14.5,0.0,90.0,6.0,1.1,4.0
13:23:25,14.5,0.0,90.0,6.0,1.1,4.0
13:23:25,14.5,0.0,90.0,6.0,1.1,4.0
13:23:25,14.5,0.0,90.0,6.0,1.1,4.0
13:23:25,14.5,0.0,90.0,6.0,1.1,4.0
13:23:25,14.5,0.0,90.0,6.0,1.1,4.0
13:23:25,14.5,0.0,90.0,6.0,1.1,4.0
13:23:25,14.5,0.0,90.0,6.0,1.1,4.0
13:23:25,14.5,0.0,90.0,6.0,1.1,4.0
13:23:25,14.5,0.0,90.0,6.0,1.1,4.0
13:23:25,14.5,0.0,90.0,6.0,1.1,4.0
13:23:25,14.5,0.0,90.0,6.0,1.1,4.0
13:23:25,14.5,0.0,90.0,6.0,1.1,4.0
13:23:25,14.5,0.0,90.0,6.0,1.1,4.0
13:23:25,14.5,0.0,90.0,6.0,1.1,4.0
13:23:26,14.5,0.0,90.0,6.0,1.1,4.0
13:23:26,14.5,0.0,90.0,6.0,1.1,4.0
13:23:26,13.9,0.0,90.0,6.0,1.1,4.0
13:23:26,13.8,0.0,90.0,6.0,1.1,4.0
13:23:26,14.3,0.0,90.0,6.0,1.1,4.0
13:23:26,14.5,0.0,90.0,6.0,1.1,4.0
13:23:26,14.5,0.0,90.0,6.0,1.1,4.0
13:23:26,14.5,0.0,90.0,6.0,1.1,4.0
13:23:26,14.0,0.0,90.0,6.0,1.1,4.0
13:23:26,13.8,0.0,90.0,6.0,1.1,4.0
13:23:26,14.3,0.0,90.0,6.0,1.1,4.0
13:23:26,14.5,0.0,90.0,6.0,1.1,4.0
13:23:26,14.5,0.0,90.0,6.0,1.1,4.0
13:23:26,14.5,0.0,90.0,6.0,1.1,4.0
13:23:26,13.9,0.0,90.0,6.0,1.1,4.0
13:23:26,14.5,0.0,90.0,6.0,1.1,4.0
13:23:26,14.5,0.0,90.0,6.0,1.1,4.0
13:23:26,14.5,0.0,90.0,6.0,1.1,4.0
13:23:26,14.5,0.0,90.0,6.0,1.1,4.0
13:23:26,14.5,0.0,90.0,6.0,1.1,4.0
13:23:26,13.4,0.0,90.0,6.0,1.1,4.0
13:23:26,14.2,0.0,90.0,6.0,1.1,4.0
13:23:26,14.4,0.0,90.0,6.0,1.1,4.0
13:23:26,14.5,0.0,90.0,6.0,1.1,4.0
13:23:26,14.5,0.0,90.0,6.0,1.1,4.0
13:23:26,14.7,0.0,90.0,6.0,1.1,4.0
13:23:27,13.5,0.0,90.0,6.0,1.1,4.0
13:23:27,14.3,0.0,90.0,6.0,1.1,4.0
13:23:27,14.5,0.0,90.0,6.0,1.1,4.0
13:23:27,14.5,0.0,90.0,6.0,1.1,4.0
13:23:27,14.5,0.0,90.0,6.0,1.1,4.0
13:23:27,14.6,0.0,90.0,6.0,1.1,4.0
13:23:27,13.1,0.0,90.0,6.0,1.1,4.0
13:23:27,14.2,0.0,90.0,6.0,1.1,4.0
13:23:27,14.6,0.0,90.0,6.0,1.1,4.0
13:23:27,14.7,0.0,90.0,6.0,1.1,4.0
13:23:27,14.7,0.0,90.0,6.0,1.1,4.0
13:23:27,14.7,0.0,90.0,6.0,1.1,4.0
13:23:27,13.2,0.0,90.0,6.0,1.1,4.0
13:23:27,14.4,0.0,90.0,6.0,1.1,4.0
13:23:27,14.9,0.0,90.0,6.0,1.1,4.0
13:23:27,15.3,0.0,90.0,6.0,1.1,4.0
13:23:27,15.7,0.0,90.0,6.0,1.1,4.0
13:23:27,15.9,0.0,90.0,6.0,1.1,4.0
13:23:27,14.4,0.0,90.0,6.0,1.1,4.0
13:23:27,16.1,0.0,90.0,6.0,1.1,4.0
13:23:27,16.9,0.0,90.0,6.0,1.1,4.0
13:23:27,17.3,0.0,90.0,6.0,1.1,4.0
13:23:27,17.8,0.0,90.0,6.0,1.1,4.0
13:23:28,17.9,0.0,90.0,6.0,1.1,4.0
13:23:28,16.6,0.0,90.0,6.0,1.1,4.0
13:23:28,18.2,0.0,90.0,6.0,1.1,4.0
13:23:28,18.8,0.0,90.0,6.0,1.1,4.0
13:23:28,19.2,0.0,90.0,6.0,1.1,4.0
13:23:28,19.6,0.0,90.0,6.0,1.1,4.0
13:23:28,18.9,0.0,90.0,6.0,1.1,4.0
13:23:28,19.2,0.0,90.0,6.0,1.1,4.0
13:23:28,20.7,0.0,90.0,6.0,1.1,4.0
13:23:28,21.6,0.0,90.0,6.0,1.1,4.0
13:23:28,21.9,0.0,90.0,6.0,1.1,4.0
13:23:28,22.2,0.0,90.0,6.0,1.1,4.0
13:23:28,21.3,0.0,90.0,6.0,1.1,4.0
13:23:28,22.8,0.0,90.0,6.0,1.1,4.0
13:23:28,23.9,0.0,90.0,6.0,1.1,4.0
13:23:28,24.5,0.0,90.0,6.0,1.1,4.0
13:23:28,25.0,0.0,90.0,6.0,1.1,4.0
13:23:28,25.2,0.0,90.0,6.0,1.1,4.0
13:23:28,22.5,0.0,90.0,6.0,1.1,4.0
13:23:28,25.2,0.0,90.0,6.0,1.1,4.0
13:23:28,25.9,0.0,90.0,6.0,1.1,4.0
13:23:28,26.2,0.0,90.0,6.0,1.1,4.0
13:23:28,26.6,0.0,90.0,6.0,1.1,4.0
13:23:28,27.2,0.0,90.0,6.0,1.1,4.0
13:23:28,22.7,0.0,90.0,6.0,1.1,4.0
13:23:28,26.6,0.0,90.0,6.0,1.1,4.0
13:23:29,27.7,0.0,90.0,6.0,1.1,4.0
13:23:29,28.0,0.0,90.0,6.0,1.1,4.0
13:23:29,27.6,0.0,90.0,6.0,1.1,4.0
13:23:29,27.5,0.0,90.0,6.0,1.1,4.0
13:23:29,24.4,0.0,90.0,6.0,1.1,4.0
13:23:29,27.1,0.0,90.0,6.0,1.1,4.0
13:23:29,28.2,0.0,90.0,6.0,1.1,4.0
13:23:29,28.5,0.0,90.0,6.0,1.1,4.0
13:23:29,28.7,0.0,90.0,6.0,1.1,4.0
13:23:29,28.8,0.0,90.0,6.0,1.1,4.0
13:23:29,25.1,0.0,90.0,6.0,1.1,4.0
13:23:29,27.3,0.0,90.0,6.0,1.1,4.0
13:23:29,27.5,0.0,90.0,6.0,1.1,4.0
13:23:29,27.5,0.0,90.0,6.0,1.1,4.0
13:23:29,27.5,0.0,90.0,6.0,1.1,4.0
13:23:29,25.6,0.0,90.0,6.0,1.1,4.0
13:23:29,25.5,0.0,90.0,6.0,1.1,4.0
13:23:29,27.4,0.0,90.0,6.0,1.1,4.0
13:23:29,27.9,0.0,90.0,6.0,1.1,4.0
13:23:29,28.0,0.0,90.0,6.0,1.1,4.0
13:23:29,27.6,0.0,90.0,6.0,1.1,4.0
13:23:29,24.0,0.0,90.0,6.0,1.1,4.0
13:23:29,26.6,0.0,90.0,6.0,1.1,4.0
13:23:29,26.8,0.0,90.0,6.0,1.1,4.0
13:23:29,26.9,0.0,90.0,6.0,1.1,4.0
13:23:29,26.5,0.0,90.0,6.0,1.1,4.0
13:23:30,26.0,0.0,90.0,6.0,1.1,4.0
13:23:30,22.8,0.0,90.0,6.0,1.1,4.0
13:23:30,24.6,0.0,90.0,6.0,1.1,4.0
13:23:30,24.7,0.0,90.0,6.0,1.1,4.0
13:23:30,24.4,0.0,90.0,6.0,1.1,4.0
13:23:30,24.0,0.0,90.0,6.0,1.1,4.0
13:23:30,23.1,0.0,90.0,6.0,1.1,4.0
13:23:30,19.3,0.0,90.0,6.0,1.1,4.0
13:23:30,21.3,0.0,90.0,6.0,1.1,4.0
13:23:30,21.6,0.0,90.0,6.0,1.1,4.0
13:23:30,21.3,0.0,90.0,6.0,1.1,4.0
13:23:30,21.0,0.0,90.0,6.0,1.1,4.0
13:23:30,20.7,0.0,90.0,6.0,1.1,4.0
13:23:30,18.6,0.0,90.0,6.0,1.1,4.0
13:23:30,19.6,0.0,90.0,6.0,1.1,4.0
13:23:30,19.7,0.0,90.0,6.0,1.1,4.0
13:23:30,19.5,0.0,90.0,6.0,1.1,4.0
13:23:30,19.2,0.0,90.0,6.0,1.1,4.0
13:23:30,18.9,0.0,90.0,6.0,1.1,4.0
13:23:30,17.1,0.0,90.0,6.0,1.1,4.0
13:23:30,18.1,0.0,90.0,6.0,1.1,4.0
13:23:30,18.2,0.0,90.0,6.0,1.1,4.0
13:23:30,18.2,0.0,90.0,6.0,1.1,4.0
13:23:30,18.2,0.0,90.0,6.0,1.1,4.0
13:23:31,17.2,0.0,90.0,6.0,1.1,4.0
13:23:31,16.9,0.0,90.0,6.0,1.1,4.0
13:23:31,17.7,0.0,90.0,6.0,1.1,4.0
13:23:31,17.9,0.0,90.0,6.0,1.1,4.0
13:23:31,18.0,0.0,90.0,6.0,1.1,4.0
13:23:31,18.1,0.0,90.0,6.0,1.1,4.0
13:23:31,16.5,0.0,90.0,6.0,1.1,4.0
13:23:31,16.9,0.0,90.0,6.0,1.1,4.0
13:23:31,17.9,0.0,90.0,6.0,1.1,4.0
13:23:31,18.2,0.0,90.0,6.0,1.1,4.0
13:23:31,18.4,0.0,90.0,6.0,1.1,4.0
13:23:31,18.5,0.0,90.0,6.0,1.1,4.0
13:23:31,17.0,0.0,90.0,6.0,1.1,4.0
13:23:31,18.3,0.0,90.0,6.0,1.1,4.0
13:23:31,18.9,0.0,90.0,6.0,1.1,4.0
13:23:31,19.2,0.0,90.0,6.0,1.1,4.0
13:23:31,19.6,0.0,90.0,6.0,1.1,4.0
13:23:31,19.6,0.0,90.0,6.0,1.1,4.0
13:23:31,17.1,0.0,90.0,6.0,1.1,4.0
13:23:31,19.3,0.0,90.0,6.0,1.1,4.0
13:23:31,20.2,0.0,90.0,6.0,1.1,4.0
13:23:31,20.7,0.0,90.0,6.0,1.1,4.0
13:23:31,20.9,0.0,90.0,6.0,1.1,4.0
13:23:31,21.1,0.0,90.0,6.0,1.1,4.0
13:23:31,18.2,0.0,90.0,6.0,1.1,4.0
13:23:32,20.7,0.0,90.0,6.0,1.1,4.0
13:23:32,21.4,0.0,90.0,6.0,1.1,4.0
13:23:32,21.8,0.0,90.0,6.0,1.1,4.0
13:23:32,22.2,0.0,90.0,6.0,1.1,4.0
13:23:32,22.6,0.0,90.0,6.0,1.1,4.0
13:23:32,20.5,0.0,90.0,6.0,1.1,4.0
13:23:32,22.8,0.0,90.0,6.0,1.1,4.0
13:23:32,23.8,0.0,90.0,6.0,1.1,4.0
13:23:32,24.2,0.0,90.0,6.0,1.1,4.0
13:23:32,24.6,0.0,90.0,6.0,1.1,4.0
13:23:32,23.4,0.0,90.0,6.0,1.1,4.0
13:23:32,23.1,0.0,90.0,6.0,1.1,4.0
13:23:32,25.0,0.0,90.0,6.0,1.1,4.0
13:23:32,25.6,0.0,90.0,6.0,1.1,4.0
13:23:32,25.7,0.0,90.0,6.0,1.1,4.0
13:23:32,26.1,0.0,90.0,6.0,1.1,4.0
13:23:32,24.8,0.0,90.0,6.0,1.1,4.0
13:23:32,26.3,0.0,90.0,6.0,1.1,4.0
13:23:32,27.3,0.0,90.0,6.0,1.1,4.0
13:23:32,27.5,0.0,90.0,6.0,1.1,4.0
13:23:32,27.5,0.0,90.0,6.0,1.1,4.0
13:23:32,27.6,0.0,90.0,6.0,1.1,4.0
13:23:32,24.1,0.0,90.0,6.0,1.1,4.0
13:23:32,26.6,0.0,90.0,6.0,1.1,4.0
13:23:32,27.2,0.0,90.0,6.0,1.1,4.0
13:23:32,27.4,0.0,90.0,6.0,1.1,4.0
13:23:33,27.9,0.0,90.0,6.0,1.1,4.0
13:23:33,28.0,0.0,90.0,6.0,1.1,4.0
13:23:33,23.4,0.0,90.0,6.0,1.1,4.0
13:23:33,26.8,0.0,90.0,6.0,1.1,4.0
13:23:33,27.8,0.0,90.0,6.0,1.1,4.0
13:23:33,28.1,0.0,90.0,6.0,1.1,4.0
13:23:33,28.1,0.0,90.0,6.0,1.1,4.0
13:23:33,27.7,0.0,90.0,6.0,1.1,4.0
13:23:33,22.8,0.0,90.0,6.0,1.1,4.0
13:23:33,25.7,0.0,90.0,6.0,1.1,4.0
13:23:33,26.5,0.0,90.0,6.0,1.1,4.0
13:23:33,26.8,0.0,90.0,6.0,1.1,4.0
13:23:33,26.8,0.0,90.0,6.0,1.1,4.0
13:23:33,26.8,0.0,90.0,6.0,1.1,4.0
13:23:34,26.8,0.0,90.0,6.0,1.1,4.0
13:23:34,26.8,0.0,90.0,6.0,1.1,4.0
13:23:34,26.8,0.0,90.0,6.0,1.1,4.0
13:23:34,26.7,0.0,90.0,6.0,1.1,4.0
13:23:34,26.8,0.0,90.0,6.0,1.1,4.0
13:23:34,26.8,0.0,90.0,6.0,1.1,4.0
13:23:34,26.8,0.0,90.0,6.0,1.1,4.0
13:23:34,26.4,0.0,90.0,6.0,1.1,4.0
13:23:34,26.7,0.0,90.0,6.0,1.1,4.0
13:23:34,26.8,0.0,90.0,6.0,1.1,4.0
13:23:34,26.8,0.0,90.0,6.0,1.1,4.0
13:23:34,26.8,0.0,90.0,6.0,1.1,4.0
13:23:34,26.8,0.0,90.0,6.0,1.1,4.0
13:23:34,26.8,0.0,90.0,6.0,1.1,4.0
13:23:34,26.8,0.0,90.0,6.0,1.1,4.0
13:23:34,26.8,0.0,90.0,6.0,1.1,4.0
13:23:34,26.8,0.0,90.0,6.0,1.1,4.0
13:23:34,27.3,0.0,90.0,6.0,1.1,4.0
13:23:34,26.9,0.0,90.0,6.0,1.1,4.0
13:23:34,26.9,0.0,90.0,6.0,1.1,4.0
13:23:34,26.8,0.0,90.0,6.0,1.1,4.0
13:23:34,26.8,0.0,90.0,6.0,1.1,4.0
13:23:34,26.8,0.0,90.0,6.0,1.1,4.0
13:23:34,26.8,0.0,90.0,6.0,1.1,4.0
13:23:34,26.8,0.0,90.0,6.0,1.1,4.0
13:23:34,26.8,0.0,90.0,6.0,1.1,4.0
13:23:34,27.2,0.0,90.0,6.0,1.1,4.0
13:23:34,27.4,0.0,90.0,6.0,1.1,4.0
13:23:34,27.5,0.0,90.0,6.0,1.1,4.0
13:23:34,27.9,0.0,90.0,6.0,1.1,4.0
13:23:34,28.0,0.0,90.0,6.0,1.1,4.0
13:23:34,28.0,0.0,90.0,6.0,1.1,4.0
13:23:34,28.1,0.0,90.0,6.0,1.1,4.0
13:23:34,28.0,0.0,90.0,6.0,1.1,4.0
13:23:34,28.5,0.0,90.0,6.0,1.1,4.0
13:23:35,28.6,0.0,90.0,6.0,1.1,4.0
13:23:35,28.7,0.0,90.0,6.0,1.1,4.0
13:23:35,28.3,0.0,90.0,6.0,1.1,4.0
13:23:35,28.1,0.0,90.0,6.0,1.1,4.0
13:23:35,28.1,0.0,90.0,6.0,1.1,4.0
13:23:35,28.0,0.0,90.0,6.0,1.1,4.0
13:23:35,28.1,0.0,90.0,6.0,1.1,4.0
13:23:35,27.6,0.0,90.0,6.0,1.1,4.0
13:23:35,27.6,0.0,90.0,6.0,1.1,4.0
13:23:35,27.4,0.0,90.0,6.0,1.1,4.0
13:23:35,27.4,0.0,90.0,6.0,1.1,4.0
13:23:35,27.5,0.0,90.0,6.0,1.1,4.0
13:23:35,24.3,0.0,90.0,6.0,1.1,4.0
13:23:35,27.0,0.0,90.0,6.0,1.1,4.0
13:23:35,27.8,0.0,90.0,6.0,1.1,4.0
13:23:35,28.0,0.0,90.0,6.0,1.1,4.0
13:23:35,28.1,0.0,90.0,6.0,1.1,4.0
13:23:35,26.5,0.0,90.0,6.0,1.1,4.0
13:23:35,26.1,0.0,90.0,6.0,1.1,4.0
13:23:35,28.0,0.0,90.0,6.0,1.1,4.0
13:23:35,28.6,0.0,90.0,6.0,1.1,4.0
13:23:35,28.3,0.0,90.0,6.0,1.1,4.0
13:23:35,28.2,0.0,90.0,6.0,1.1,4.0
13:23:35,26.2,0.0,90.0,6.0,1.1,4.0
13:23:35,25.7,0.0,90.0,6.0,1.1,4.0
13:23:36,27.4,0.0,90.0,6.0,1.1,4.0
13:23:36,27.9,0.0,90.0,6.0,1.1,4.0
13:23:36,28.0,0.0,90.0,6.0,1.1,4.0
13:23:36,28.0,0.0,90.0,6.0,1.1,4.0
13:23:36,24.5,0.0,90.0,6.0,1.1,4.0
13:23:36,26.6,0.0,90.0,6.0,1.1,4.0
13:23:36,27.3,0.0,90.0,6.0,1.1,4.0
13:23:36,27.5,0.0,90.0,6.0,1.1,4.0
13:23:36,27.5,0.0,90.0,6.0,1.1,4.0
13:23:36,27.5,0.0,90.0,6.0,1.1,4.0
13:23:36,24.1,0.0,90.0,6.0,1.1,4.0
13:23:36,26.5,0.0,90.0,6.0,1.1,4.0
13:23:36,27.3,0.0,90.0,6.0,1.1,4.0
13:23:36,27.4,0.0,90.0,6.0,1.1,4.0
13:23:36,27.5,0.0,90.0,6.0,1.1,4.0
13:23:36,27.5,0.0,90.0,6.0,1.1,4.0
13:23:36,22.7,0.0,90.0,6.0,1.1,4.0
13:23:36,26.6,0.0,90.0,6.0,1.1,4.0
13:23:36,27.7,0.0,90.0,6.0,1.1,4.0
13:23:36,27.9,0.0,90.0,6.0,1.1,4.0
13:23:36,28.1,0.0,90.0,6.0,1.1,4.0
13:23:36,28.1,0.0,90.0,6.0,1.1,4.0
13:23:36,23.2,0.0,90.0,6.0,1.1,4.0
13:23:36,26.7,0.0,90.0,6.0,1.1,4.0
13:23:37,27.8,0.0,90.0,6.0,1.1,4.0
13:23:37,28.0,0.0,90.0,6.0,1.1,4.0
13:23:37,28.1,0.0,90.0,6.0,1.1,4.0
13:23:37,28.1,0.0,90.0,6.0,1.1,4.0
13:23:37,24.5,0.0,90.0,6.0,1.1,4.0
13:23:37,27.1,0.0,90.0,6.0,1.1,4.0
13:23:37,27.8,0.0,90.0,6.0,1.1,4.0
13:23:37,28.0,0.0,90.0,6.0,1.1,4.0
13:23:37,28.1,0.0,90.0,6.0,1.1,4.0
13:23:37,25.0,0.0,90.0,6.0,1.1,4.0
13:23:37,24.0,0.0,90.0,6.0,1.1,4.0
13:23:37,27.4,0.0,90.0,6.0,1.1,4.0
13:23:37,28.4,0.0,90.0,6.0,1.1,4.0
13:23:37,28.2,0.0,90.0,6.0,1.1,4.0
13:23:37,28.6,0.0,90.0,6.0,1.1,4.0
13:23:37,26.3,0.0,90.0,6.0,1.1,4.0
13:23:37,25.7,0.0,90.0,6.0,1.1,4.0
13:23:37,27.4,0.0,90.0,6.0,1.1,4.0
13:23:37,28.4,0.0,90.0,6.0,1.1,4.0
13:23:37,28.2,0.0,90.0,6.0,1.1,4.0
13:23:37,28.1,0.0,90.0,6.0,1.1,4.0
13:23:37,24.5,0.0,90.0,6.0,1.1,4.0
13:23:37,27.6,0.0,90.0,6.0,1.1,4.0
13:23:37,28.4,0.0,90.0,6.0,1.1,4.0
13:23:37,28.6,0.0,90.0,6.0,1.1,4.0
13:23:38,28.3,0.0,90.0,6.0,1.1,4.0
13:23:38,28.6,0.0,90.0,6.0,1.1,4.0
13:23:38,23.4,0.0,90.0,6.0,1.1,4.0
13:23:38,27.3,0.0,90.0,6.0,1.1,4.0
13:23:38,27.9,0.0,90.0,6.0,1.1,4.0
13:23:38,28.1,0.0,90.0,6.0,1.1,4.0
13:23:38,28.1,0.0,90.0,6.0,1.1,4.0
13:23:38,28.1,0.0,90.0,6.0,1.1,4.0
13:23:38,23.4,0.0,90.0,6.0,1.1,4.0
13:23:38,26.9,0.0,90.0,6.0,1.1,4.0
13:23:38,27.8,0.0,90.0,6.0,1.1,4.0
13:23:38,28.0,0.0,90.0,6.0,1.1,4.0
13:23:38,28.1,0.0,90.0,6.0,1.1,4.0
13:23:38,28.1,0.0,90.0,6.0,1.1,4.0
13:23:38,24.9,0.0,90.0,6.0,1.1,4.0
13:23:38,27.7,0.0,90.0,6.0,1.1,4.0
13:23:38,28.0,0.0,90.0,6.0,1.1,4.0
13:23:38,28.1,0.0,90.0,6.0,1.1,4.0
13:23:38,28.1,0.0,90.0,6.0,1.1,4.0
13:23:38,28.1,0.0,90.0,6.0,1.1,4.0
13:23:38,24.6,0.0,90.0,6.0,1.1,4.0
13:23:38,27.2,0.0,90.0,6.0,1.1,4.0
13:23:38,27.8,0.0,90.0,6.0,1.1,4.0
13:23:38,28.5,0.0,90.0,6.0,1.1,4.0
13:23:38,28.2,0.0,90.0,6.0,1.1,4.0
13:23:39,26.2,0.0,90.0,6.0,1.1,4.0
13:23:39,25.6,0.0,90.0,6.0,1.1,4.0
13:23:39,27.4,0.0,90.0,6.0,1.1,4.0
13:23:39,27.9,0.0,90.0,6.0,1.1,4.0
13:23:39,28.1,0.0,90.0,6.0,1.1,4.0
13:23:39,28.1,0.0,90.0,6.0,1.1,4.0
13:23:39,26.2,0.0,90.0,6.0,1.1,4.0
13:23:39,27.7,0.0,90.0,6.0,1.1,4.0
13:23:39,28.1,0.0,90.0,6.0,1.1,4.0
13:23:39,28.2,0.0,90.0,6.0,1.1,4.0
13:23:39,28.1,0.0,90.0,6.0,1.1,4.0
13:23:39,28.1,0.0,90.0,6.0,1.1,4.0
13:23:39,24.6,0.0,90.0,6.0,1.1,4.0
13:23:39,27.2,0.0,90.0,6.0,1.1,4.0
13:23:39,27.9,0.0,90.0,6.0,1.1,4.0
13:23:39,28.0,0.0,90.0,6.0,1.1,4.0
13:23:39,28.1,15.0,76.0,6.6,0.55,4.0
13:23:39,28.1,15.0,62.0,6.6,0.55,4.0
13:23:39,23.1,15.0,76.0,6.6,0.55,4.0
13:23:39,26.7,15.0,62.0,6.6,0.55,4.0
13:23:39,27.6,15.0,48.0,6.6,0.55,4.0
13:23:39,28.0,15.0,35.0,6.6,0.55,4.0
13:23:39,28.1,15.0,35.0,6.6,0.55,4.0
13:23:39,28.1,15.0,35.0,6.6,0.55,4.0
13:23:39,23.2,15.0,49.0,6.6,0.55,4.0
13:23:39,26.8,15.0,35.0,6.6,0.55,4.0
13:23:40,27.8,15.0,35.0,6.6,0.55,4.0
13:23:40,28.1,15.0,35.0,6.6,0.55,4.0
13:23:40,28.1,15.0,35.0,6.6,0.55,4.0
13:23:40,28.5,15.0,35.0,6.6,0.55,4.0
13:23:40,24.9,15.0,49.0,6.6,0.55,4.0
13:23:40,27.2,15.0,35.0,6.6,0.55,4.0
13:23:40,27.9,15.0,35.0,6.6,0.55,4.0
13:23:40,28.0,15.0,35.0,6.6,0.55,4.0
13:23:40,27.7,15.0,35.0,6.6,0.55,4.0
13:23:40,25.6,15.0,49.0,6.6,0.55,4.0
13:23:40,23.5,15.0,63.0,6.6,0.55,4.0
13:23:40,26.4,15.0,49.0,6.6,0.55,4.0
13:23:40,27.2,15.0,35.0,6.6,0.55,4.0
13:23:40,27.4,15.0,35.0,6.6,0.55,4.0
13:23:40,27.5,15.0,35.0,6.6,0.55,4.0
13:23:40,25.6,15.0,49.0,6.6,0.55,4.0
13:23:40,24.7,15.0,63.0,6.6,0.55,4.0
13:23:40,25.8,15.0,49.0,6.6,0.55,4.0
13:23:40,25.8,15.0,35.0,6.6,0.55,4.0
13:23:40,25.8,15.0,35.0,6.6,0.55,4.0
13:23:40,25.4,15.0,35.0,6.6,0.55,4.0
13:23:40,22.0,15.0,49.0,6.6,0.55,4.0
13:23:40,23.6,15.0,35.0,6.6,0.55,4.0
13:23:40,23.8,15.0,35.0,6.6,0.55,4.0
13:23:40,23.1,15.0,49.0,6.6,0.55,4.0
13:23:41,22.4,15.0,63.0,6.6,0.55,4.0
13:23:41,21.9,15.0,77.0,6.6,0.55,4.0
13:23:41,19.0,15.0,91.0,6.019,0.683,3.903
13:23:41,20.0,15.0,82.0,6.584,0.554,3.997
13:23:41,19.8,15.0,75.0,6.479,0.578,3.98
13:23:41,19.1,15.0,89.0,6.078,0.67,3.913
13:23:41,18.3,15.0,103.0,5.589,0.782,3.831
13:23:41,17.7,15.0,117.0,5.232,0.863,3.772
13:23:41,15.1,15.0,130.0,4.2,1.1,3.6
13:23:41,16.0,15.0,116.0,4.2,1.1,3.6
13:23:41,15.8,15.0,104.0,4.2,1.1,3.6
13:23:41,15.3,15.0,114.0,4.2,1.1,3.6
13:23:41,14.6,15.0,127.0,4.2,1.1,3.6
13:23:41,14.1,15.0,130.0,4.2,1.1,3.6
13:23:41,12.4,15.0,130.0,5.189,0.873,3.765
13:23:41,13.1,15.0,116.0,4.711,0.983,3.685
13:23:41,13.2,15.0,102.0,4.706,0.984,3.684
13:23:41,12.9,15.0,104.0,4.831,0.955,3.705
13:23:41,12.8,15.0,103.0,4.9,0.94,3.717
13:23:41,12.6,15.0,107.0,5.015,0.913,3.736
13:23:41,11.6,15.0,121.0,5.617,0.775,3.836
13:23:41,12.2,15.0,107.0,5.259,0.857,3.776
13:23:41,12.4,15.0,93.0,5.167,0.878,3.761
13:23:41,12.4,15.0,88.0,5.135,0.886,3.756
13:23:41,12.5,15.0,86.0,5.082,0.898,3.747
13:23:42,12.6,15.0,88.0,5.06,0.903,3.743
13:23:42,11.7,15.0,102.0,5.553,0.79,3.826
13:23:42,12.5,15.0,88.0,5.097,0.894,3.75
13:23:42,12.8,15.0,74.0,4.941,0.93,3.724
13:23:42,12.9,15.0,73.0,4.842,0.953,3.707
13:23:42,13.0,15.0,79.0,4.808,0.961,3.701
13:23:42,13.1,15.0,81.0,4.754,0.973,3.692
13:23:42,12.1,15.0,95.0,5.316,0.844,3.786
13:23:42,13.0,15.0,81.0,4.82,0.958,3.703
13:23:42,13.2,15.0,71.0,4.691,0.987,3.682
13:23:42,13.4,15.0,71.0,4.583,1.012,3.664
13:23:42,13.4,15.0,78.0,4.55,1.02,3.658
13:23:42,13.4,15.0,83.0,4.547,1.02,3.658
13:23:42,12.0,15.0,97.0,5.376,0.83,3.796
13:23:42,13.2,15.0,83.0,4.656,0.996,3.676
13:23:42,13.7,15.0,69.0,4.374,1.06,3.629
13:23:42,13.8,15.0,65.0,4.297,1.078,3.616
13:23:42,14.0,15.0,68.0,4.205,1.099,3.601
13:23:42,14.1,15.0,71.0,4.2,1.1,3.6
13:23:42,12.7,15.0,85.0,4.953,0.928,3.725
13:23:42,14.3,15.0,71.0,4.2,1.1,3.6
13:23:42,14.8,15.0,57.0,4.2,1.1,3.6
13:23:42,15.0,15.0,52.0,4.2,1.1,3.6
13:23:42,15.1,15.0,65.0,4.2,1.1,3.6
13:23:42,15.1,15.0,73.0,4.2,1.1,3.6
13:23:43,15.1,15.0,77.0,4.2,1.1,3.6
13:23:43,15.1,15.0,80.0,4.2,1.1,3.6
13:23:43,15.2,15.0,77.0,4.2,1.1,3.6
13:23:43,15.3,15.0,70.0,4.2,1.1,3.6
13:23:43,15.4,15.0,73.0,4.2,1.1,3.6
13:23:43,15.4,15.0,75.0,4.2,1.1,3.6
13:23:43,15.4,15.0,78.0,4.2,1.1,3.6
13:23:43,15.4,15.0,80.0,4.2,1.1,3.6
13:23:43,15.4,15.0,80.0,4.2,1.1,3.6
13:23:43,15.3,15.0,87.0,4.2,1.1,3.6
13:23:43,15.2,15.0,87.0,4.2,1.1,3.6
13:23:43,15.1,15.0,90.0,4.2,1.1,3.6
13:23:43,15.2,15.0,82.0,4.2,1.1,3.6
13:23:43,15.2,15.0,79.0,4.2,1.1,3.6
13:23:43,15.2,15.0,80.0,4.2,1.1,3.6
13:23:43,15.4,15.0,74.0,4.2,1.1,3.6
13:23:43,15.4,15.0,76.0,4.2,1.1,3.6
13:23:43,15.4,15.0,77.0,4.2,1.1,3.6
13:23:43,15.5,15.0,72.0,4.2,1.1,3.6
13:23:43,15.6,15.0,72.0,4.2,1.1,3.6
13:23:43,15.6,15.0,76.0,4.2,1.1,3.6
13:23:43,15.5,15.0,85.0,4.2,1.1,3.6
13:23:43,15.4,15.0,84.0,4.2,1.1,3.6
13:23:43,15.4,15.0,83.0,4.2,1.1,3.6
13:23:44,15.3,15.0,88.0,4.2,1.1,3.6
13:23:44,15.2,15.0,86.0,4.2,1.1,3.6
13:23:44,15.1,15.0,90.0,4.2,1.1,3.6
13:23:44,15.2,15.0,82.0,4.2,1.1,3.6
13:23:44,15.2,15.0,80.0,4.2,1.1,3.6
13:23:44,15.2,15.0,80.0,4.2,1.1,3.6
13:23:44,15.4,15.0,74.0,4.2,1.1,3.6
13:23:44,15.5,15.0,68.0,4.2,1.1,3.6
13:23:44,15.6,15.0,71.0,4.2,1.1,3.6
13:23:44,15.6,15.0,75.0,4.2,1.1,3.6
13:23:44,15.7,15.0,71.0,4.2,1.1,3.6
13:23:44,15.8,15.0,72.0,4.2,1.1,3.6
13:23:44,15.8,15.0,74.0,4.2,1.1,3.6
13:23:44,16.0,15.0,67.0,4.2,1.1,3.6
13:23:44,15.9,15.0,78.0,4.2,1.1,3.6
13:23:44,15.9,15.0,79.0,4.2,1.1,3.6
13:23:44,15.8,15.0,80.0,4.2,1.1,3.6
13:23:44,15.7,15.0,86.0,4.2,1.1,3.6
13:23:44,15.6,15.0,84.0,4.2,1.1,3.6
13:23:44,15.5,15.0,90.0,4.2,1.1,3.6
13:23:44,15.4,15.0,86.0,4.2,1.1,3.6
13:23:44,15.4,15.0,83.0,4.2,1.1,3.6
13:23:44,15.3,15.0,89.0,4.2,1.1,3.6
13:23:44,15.2,15.0,88.0,4.2,1.1,3.6
13:23:44,13.9,15.0,102.0,4.238,1.091,3.606
13:23:45,14.9,15.0,88.0,4.2,1.1,3.6
13:23:45,15.1,15.0,74.0,4.2,1.1,3.6
13:23:45,15.2,15.0,69.0,4.2,1.1,3.6
13:23:45,15.2,15.0,74.0,4.2,1.1,3.6
13:23:45,15.4,15.0,71.0,4.2,1.1,3.6
13:23:45,14.1,15.0,85.0,4.2,1.1,3.6
13:23:45,15.2,15.0,71.0,4.2,1.1,3.6
13:23:45,15.5,15.0,57.0,4.2,1.1,3.6
13:23:45,15.7,15.0,55.0,4.2,1.1,3.6
13:23:45,15.8,15.0,64.0,4.2,1.1,3.6
13:23:45,15.8,15.0,70.0,4.2,1.1,3.6
13:23:45,15.3,15.0,84.0,4.2,1.1,3.6
13:23:45,15.7,15.0,70.0,4.2,1.1,3.6
13:23:45,15.8,15.0,69.0,4.2,1.1,3.6
13:23:45,15.7,15.0,79.0,4.2,1.1,3.6
13:23:45,15.6,15.0,81.0,4.2,1.1,3.6
13:23:45,15.6,15.0,80.0,4.2,1.1,3.6
13:23:45,14.9,15.0,94.0,4.2,1.1,3.6
13:23:45,15.3,15.0,80.0,4.2,1.1,3.6
13:23:45,15.3,15.0,80.0,4.2,1.1,3.6
13:23:45,15.1,15.0,86.0,4.2,1.1,3.6
13:23:45,15.0,15.0,88.0,4.2,1.1,3.6
13:23:45,15.2,15.0,77.0,4.2,1.1,3.6
13:23:45,14.6,15.0,91.0,4.2,1.1,3.6
13:23:45,15.1,15.0,77.0,4.2,1.1,3.6
13:23:46,15.3,15.0,64.0,4.2,1.1,3.6
13:23:46,15.4,15.0,69.0,4.2,1.1,3.6
13:23:46,15.4,15.0,72.0,4.2,1.1,3.6
13:23:46,15.4,15.0,76.0,4.2,1.1,3.6
13:23:46,14.9,15.0,90.0,4.2,1.1,3.6
13:23:46,15.5,15.0,76.0,4.2,1.1,3.6
13:23:46,15.6,15.0,66.0,4.2,1.1,3.6
13:23:46,15.5,15.0,76.0,4.2,1.1,3.6
13:23:46,15.5,15.0,79.0,4.2,1.1,3.6
13:23:46,14.8,15.0,93.0,4.2,1.1,3.6
13:23:46,14.6,15.0,107.0,4.2,1.1,3.6
13:23:46,15.1,15.0,93.0,4.2,1.1,3.6
13:23:46,15.1,15.0,79.0,4.2,1.1,3.6
13:23:46,15.1,15.0,79.0,4.2,1.1,3.6
13:23:46,15.1,15.0,80.0,4.2,1.1,3.6
13:23:46,14.4,15.0,94.0,4.2,1.1,3.6
13:23:46,14.3,15.0,103.0,4.2,1.1,3.6
13:23:46,15.1,15.0,89.0,4.2,1.1,3.6
13:23:46,15.3,15.0,75.0,4.2,1.1,3.6
13:23:46,15.5,15.0,61.0,4.2,1.1,3.6
13:23:46,15.6,15.0,65.0,4.2,1.1,3.6
13:23:46,15.0,15.0,79.0,4.2,1.1,3.6
13:23:46,15.0,15.0,91.0,4.2,1.1,3.6
13:23:46,15.9,15.0,77.0,4.2,1.1,3.6
13:23:46,16.3,15.0,63.0,4.379,1.059,3.63
13:23:46,16.5,15.0,50.0,4.471,1.038,3.645
13:23:47,16.7,15.0,51.0,4.601,1.008,3.667
13:23:47,15.9,15.0,65.0,4.2,1.1,3.6
13:23:47,15.9,15.0,79.0,4.2,1.1,3.6
13:23:47,16.7,15.0,65.0,4.598,1.009,3.666
13:23:47,16.9,15.0,51.0,4.74,0.976,3.69
13:23:47,17.0,15.0,55.0,4.78,0.967,3.697
13:23:47,17.0,15.0,62.0,4.791,0.965,3.698
13:23:47,16.2,15.0,76.0,4.307,1.075,3.618
13:23:47,15.9,15.0,90.0,4.2,1.1,3.6
13:23:47,16.7,15.0,76.0,4.619,1.004,3.67
13:23:47,16.8,15.0,62.0,4.651,0.997,3.675
13:23:47,16.8,15.0,65.0,4.652,0.996,3.675
13:23:47,16.6,15.0,79.0,4.531,1.024,3.655
13:23:47,15.7,15.0,93.0,4.2,1.1,3.6
13:23:47,16.2,15.0,79.0,4.299,1.077,3.617
13:23:47,16.1,15.0,78.0,4.267,1.085,3.611
13:23:47,15.9,15.0,87.0,4.2,1.1,3.6
13:23:47,15.7,15.0,91.0,4.2,1.1,3.6
13:23:47,15.7,15.0,86.0,4.2,1.1,3.6
13:23:47,13.8,15.0,100.0,4.315,1.074,3.619
13:23:47,14.9,15.0,86.0,4.2,1.1,3.6
13:23:47,15.1,15.0,72.0,4.2,1.1,3.6
13:23:47,15.1,15.0,75.0,4.2,1.1,3.6
13:23:47,15.1,15.0,79.0,4.2,1.1,3.6
13:23:47,15.1,15.0,79.0,4.2,1.1,3.6
13:23:48,13.8,15.0,93.0,4.334,1.069,3.622
13:23:48,14.8,15.0,79.0,4.2,1.1,3.6
13:23:48,15.2,15.0,65.0,4.2,1.1,3.6
13:23:48,15.4,15.0,57.0,4.2,1.1,3.6
13:23:48,15.4,15.0,65.0,4.2,1.1,3.6
13:23:48,15.4,15.0,72.0,4.2,1.1,3.6
13:23:48,14.2,15.0,86.0,4.2,1.1,3.6
13:23:48,15.2,15.0,72.0,4.2,1.1,3.6
13:23:48,15.5,15.0,58.0,4.2,1.1,3.6
13:23:48,15.5,15.0,69.0,4.2,1.1,3.6
13:23:48,15.5,15.0,73.0,4.2,1.1,3.6
13:23:48,15.4,15.0,77.0,4.2,1.1,3.6
13:23:48,14.0,15.0,91.0,4.205,1.099,3.601
13:23:48,14.9,15.0,77.0,4.2,1.1,3.6
13:23:48,15.1,15.0,69.0,4.2,1.1,3.6
13:23:48,15.1,15.0,73.0,4.2,1.1,3.6
13:23:48,15.1,15.0,77.0,4.2,1.1,3.6
13:23:48,15.1,15.0,79.0,4.2,1.1,3.6
13:23:48,13.8,15.0,93.0,4.326,1.071,3.621
13:23:48,14.6,15.0,79.0,4.2,1.1,3.6
13:23:48,14.7,15.0,73.0,4.2,1.1,3.6
13:23:48,14.5,15.0,87.0,4.2,1.1,3.6
13:23:48,14.3,15.0,95.0,4.2,1.1,3.6
13:23:48,14.1,15.0,97.0,4.2,1.1,3.6
13:23:49,12.8,15.0,111.0,4.897,0.94,3.716
13:23:49,13.6,15.0,97.0,4.448,1.043,3.641
13:23:49,13.7,15.0,83.0,4.388,1.057,3.631
13:23:49,13.6,15.0,88.0,4.442,1.045,3.64
13:23:49,13.6,15.0,89.0,4.461,1.04,3.644
13:23:49,13.6,15.0,87.0,4.452,1.042,3.642
13:23:49,12.6,15.0,101.0,5.049,0.905,3.741
13:23:49,13.5,15.0,87.0,4.494,1.033,3.649
13:23:49,13.8,15.0,73.0,4.328,1.071,3.621
13:23:49,13.9,15.0,67.0,4.231,1.093,3.605
13:23:49,14.1,15.0,68.0,4.2,1.1,3.6
13:23:49,14.3,15.0,67.0,4.2,1.1,3.6
13:23:49,13.4,15.0,81.0,4.586,1.012,3.664
13:23:49,14.5,15.0,67.0,4.2,1.1,3.6
13:23:49,14.9,15.0,53.0,4.2,1.1,3.6
13:23:49,15.0,15.0,56.0,4.2,1.1,3.6
13:23:49,15.1,15.0,67.0,4.2,1.1,3.6
13:23:49,15.1,15.0,74.0,4.2,1.1,3.6
13:23:49,13.8,15.0,88.0,4.335,1.069,3.623
13:23:49,14.7,15.0,74.0,4.2,1.1,3.6
13:23:49,15.0,15.0,61.0,4.2,1.1,3.6
13:23:49,15.0,15.0,68.0,4.2,1.1,3.6
13:23:49,15.2,15.0,66.0,4.2,1.1,3.6
13:23:49,15.3,15.0,70.0,4.2,1.1,3.6
13:23:49,14.1,15.0,84.0,4.2,1.1,3.6
13:23:49,15.1,15.0,70.0,4.2,1.1,3.6
13:23:50,15.4,15.0,56.0,4.2,1.1,3.6
13:23:50,15.4,15.0,65.0,4.2,1.1,3.6
13:23:50,15.4,15.0,72.0,4.2,1.1,3.6
13:23:50,15.4,15.0,75.0,4.2,1.1,3.6
13:23:50,14.0,15.0,89.0,4.2,1.1,3.6
13:23:50,14.9,15.0,75.0,4.2,1.1,3.6
13:23:50,15.1,15.0,70.0,4.2,1.1,3.6
13:23:50,15.1,15.0,75.0,4.2,1.1,3.6
13:23:50,15.1,15.0,77.0,4.2,1.1,3.6
13:23:50,15.1,15.0,79.0,4.2,1.1,3.6
13:23:50,13.7,15.0,93.0,4.374,1.06,3.629
13:23:50,14.4,15.0,81.0,4.2,1.1,3.6
13:23:50,14.4,15.0,84.0,4.2,1.1,3.6
13:23:50,14.3,15.0,91.0,4.2,1.1,3.6
13:23:50,14.1,15.0,95.0,4.2,1.1,3.6
13:23:50,13.9,15.0,98.0,4.239,1.091,3.607
13:23:50,12.7,15.0,112.0,4.978,0.922,3.73
13:23:50,13.4,15.0,98.0,4.531,1.024,3.655
13:23:50,13.5,15.0,84.0,4.483,1.035,3.647
13:23:50,13.6,15.0,83.0,4.458,1.041,3.643
13:23:50,13.6,15.0,86.0,4.461,1.04,3.644
13:23:50,13.7,15.0,81.0,4.391,1.056,3.632
13:23:50,12.7,15.0,95.0,4.966,0.925,3.728
13:23:50,13.6,15.0,81.0,4.464,1.04,3.644
13:23:50,13.9,15.0,67.0,4.25,1.088,3.608
13:23:51,14.2,15.0,58.0,4.2,1.1,3.6
13:23:51,14.4,15.0,61.0,4.2,1.1,3.6
13:23:51,14.7,15.0,58.0,4.2,1.1,3.6
13:23:51,13.7,15.0,72.0,4.399,1.054,3.633
13:23:51,14.7,15.0,58.0,4.2,1.1,3.6
13:23:51,15.1,15.0,48.0,4.2,1.1,3.6
13:23:51,15.2,15.0,60.0,4.2,1.1,3.6
13:23:51,15.4,15.0,62.0,4.2,1.1,3.6
13:23:51,15.4,15.0,69.0,4.2,1.1,3.6
13:23:51,14.1,15.0,83.0,4.2,1.1,3.6
13:23:51,15.1,15.0,69.0,4.2,1.1,3.6
13:23:51,15.2,15.0,66.0,4.2,1.1,3.6
13:23:51,15.2,15.0,73.0,4.2,1.1,3.6
13:23:51,15.1,15.0,83.0,4.2,1.1,3.6
13:23:51,15.1,15.0,85.0,4.2,1.1,3.6
13:23:51,13.8,15.0,99.0,4.329,1.07,3.621
13:23:51,14.6,15.0,85.0,4.2,1.1,3.6
13:23:51,14.6,15.0,82.0,4.2,1.1,3.6
13:23:51,14.4,15.0,89.0,4.2,1.1,3.6
13:23:51,14.3,15.0,95.0,4.2,1.1,3.6
13:23:51,14.1,15.0,98.0,4.2,1.1,3.6
13:23:51,12.8,15.0,112.0,4.898,0.94,3.716
13:23:51,13.6,15.0,98.0,4.451,1.043,3.642
13:23:51,13.7,15.0,84.0,4.385,1.058,3.631
13:23:52,13.7,15.0,84.0,4.371,1.061,3.628
13:23:52,13.7,15.0,86.0,4.368,1.061,3.628
13:23:52,13.7,15.0,87.0,4.366,1.062,3.628
13:23:52,12.6,15.0,101.0,5.02,0.912,3.737
13:23:52,13.4,15.0,87.0,4.541,1.022,3.657
13:23:52,13.6,15.0,73.0,4.415,1.051,3.636
13:23:52,13.7,15.0,78.0,4.38,1.059,3.63
13:23:52,13.7,15.0,82.0,4.366,1.062,3.628
13:23:52,13.7,15.0,85.0,4.361,1.063,3.627
13:23:52,12.6,15.0,99.0,5.027,0.91,3.738
13:23:52,13.4,15.0,85.0,4.561,1.017,3.66
13:23:52,13.6,15.0,73.0,4.423,1.049,3.637
13:23:52,13.7,15.0,78.0,4.386,1.057,3.631
13:23:52,13.7,15.0,82.0,4.374,1.06,3.629
13:23:52,13.7,15.0,85.0,4.369,1.061,3.628
13:23:52,13.7,15.0,87.0,4.373,1.06,3.629
13:23:52,13.7,15.0,88.0,4.374,1.06,3.629
13:23:52,13.7,15.0,88.0,4.373,1.06,3.629
13:23:52,13.7,15.0,89.0,4.373,1.06,3.629
13:23:52,13.7,15.0,89.0,4.379,1.059,3.63
13:23:52,13.7,15.0,89.0,4.381,1.058,3.63
13:23:52,13.7,15.0,89.0,4.372,1.06,3.629
13:23:52,13.7,15.0,89.0,4.377,1.059,3.63
13:23:52,13.8,15.0,82.0,4.293,1.079,3.615
13:23:52,13.8,15.0,85.0,4.292,1.079,3.615
13:23:52,13.9,15.0,86.0,4.284,1.081,3.614
13:23:53,13.9,15.0,88.0,4.285,1.081,3.614
13:23:53,13.9,15.0,88.0,4.286,1.08,3.614
13:23:53,14.0,15.0,82.0,4.213,1.097,3.602
13:23:53,14.1,15.0,78.0,4.2,1.1,3.6
13:23:53,14.3,15.0,74.0,4.2,1.1,3.6
13:23:53,14.4,15.0,73.0,4.2,1.1,3.6
13:23:53,14.6,15.0,72.0,4.2,1.1,3.6
13:23:53,14.8,15.0,70.0,4.2,1.1,3.6
13:23:53,14.8,15.0,75.0,4.2,1.1,3.6
13:23:53,14.9,15.0,79.0,4.2,1.1,3.6
13:23:53,14.8,15.0,82.0,4.2,1.1,3.6
13:23:53,14.7,15.0,90.0,4.2,1.1,3.6
13:23:53,14.6,15.0,94.0,4.2,1.1,3.6
13:23:53,14.3,15.0,104.0,4.2,1.1,3.6
13:23:53,14.1,15.0,105.0,4.2,1.1,3.6
13:23:53,14.0,15.0,99.0,4.2,1.1,3.6
13:23:53,13.9,15.0,100.0,4.252,1.088,3.609
13:23:53,13.9,15.0,96.0,4.272,1.084,3.612
13:23:53,13.9,15.0,93.0,4.281,1.081,3.614
13:23:53,14.0,15.0,86.0,4.217,1.096,3.603
13:23:53,14.0,15.0,86.0,4.2,1.1,3.6
13:23:53,14.1,15.0,81.0,4.2,1.1,3.6
13:23:53,14.3,15.0,77.0,4.2,1.1,3.6
13:23:53,14.4,15.0,74.0,4.2,1.1,3.6
13:23:53,14.7,15.0,66.0,4.2,1.1,3.6
13:23:54,14.8,15.0,71.0,4.2,1.1,3.6
13:23:54,15.0,15.0,70.0,4.2,1.1,3.6
13:23:54,15.0,15.0,76.0,4.2,1.1,3.6
13:23:54,15.0,15.0,80.0,4.2,1.1,3.6
13:23:54,14.9,15.0,88.0,4.2,1.1,3.6
13:23:54,14.7,15.0,95.0,4.2,1.1,3.6
13:23:54,14.6,15.0,98.0,4.2,1.1,3.6
13:23:54,14.4,15.0,100.0,4.2,1.1,3.6
13:23:54,14.1,15.0,108.0,4.2,1.1,3.6
13:23:54,14.0,15.0,102.0,4.2,1.1,3.6
13:23:54,13.9,15.0,102.0,4.249,1.089,3.608
13:23:54,13.9,15.0,98.0,4.279,1.082,3.613
13:23:54,12.7,15.0,112.0,4.957,0.926,3.726
13:23:54,13.5,15.0,98.0,4.473,1.038,3.645
13:23:54,13.9,15.0,84.0,4.263,1.086,3.61
13:23:54,14.2,15.0,70.0,4.2,1.1,3.6
13:23:54,14.3,15.0,71.0,4.2,1.1,3.6
13:23:54,14.5,15.0,73.0,4.2,1.1,3.6
13:23:54,13.5,15.0,87.0,4.504,1.03,3.651
13:23:54,14.6,15.0,73.0,4.2,1.1,3.6
13:23:54,14.9,15.0,59.0,4.2,1.1,3.6
13:23:54,15.1,15.0,60.0,4.2,1.1,3.6
13:23:54,15.2,15.0,68.0,4.2,1.1,3.6
13:23:54,15.4,15.0,70.0,4.2,1.1,3.6
13:23:54,14.2,15.0,84.0,4.2,1.1,3.6
13:23:55,15.2,15.0,70.0,4.2,1.1,3.6
13:23:55,15.5,15.0,57.0,4.2,1.1,3.6
13:23:55,15.8,15.0,58.0,4.2,1.1,3.6
13:23:55,15.8,15.0,67.0,4.2,1.1,3.6
13:23:55,15.8,15.0,75.0,4.2,1.1,3.6
13:23:55,14.4,15.0,89.0,4.2,1.1,3.6
13:23:55,15.4,15.0,75.0,4.2,1.1,3.6
13:23:55,15.7,15.0,61.0,4.2,1.1,3.6
13:23:55,15.8,15.0,67.0,4.2,1.1,3.6
13:23:55,15.7,15.0,80.0,4.2,1.1,3.6
13:23:55,15.6,15.0,83.0,4.2,1.1,3.6
13:23:55,14.3,15.0,97.0,4.2,1.1,3.6
13:23:55,15.2,15.0,83.0,4.2,1.1,3.6
13:23:55,15.5,15.0,69.0,4.2,1.1,3.6
13:23:55,15.7,15.0,63.0,4.2,1.1,3.6
13:23:55,15.8,15.0,68.0,4.2,1.1,3.6
13:23:55,15.8,15.0,75.0,4.2,1.1,3.6
13:23:55,13.8,15.0,89.0,4.304,1.076,3.617
13:23:55,15.3,15.0,75.0,4.2,1.1,3.6
13:23:55,15.7,15.0,61.0,4.2,1.1,3.6
13:23:55,15.8,15.0,62.0,4.2,1.1,3.6
13:23:55,15.8,15.0,70.0,4.2,1.1,3.6
13:23:55,15.7,15.0,81.0,4.2,1.1,3.6
13:23:55,13.7,15.0,95.0,4.367,1.062,3.628
13:23:55,15.1,15.0,81.0,4.2,1.1,3.6
13:23:56,15.5,15.0,67.0,4.2,1.1,3.6
13:23:56,15.6,15.0,64.0,4.2,1.1,3.6
13:23:56,15.8,15.0,64.0,4.2,1.1,3.6
13:23:56,15.8,15.0,70.0,4.2,1.1,3.6
13:23:56,13.9,15.0,84.0,4.282,1.081,3.614
13:23:56,15.3,15.0,70.0,4.2,1.1,3.6
13:23:56,15.7,15.0,56.0,4.2,1.1,3.6
13:23:56,15.8,15.0,61.0,4.2,1.1,3.6
13:23:56,15.7,15.0,75.0,4.2,1.1,3.6
13:23:56,15.7,15.0,81.0,4.2,1.1,3.6
13:23:56,13.7,15.0,95.0,4.363,1.063,3.627
13:23:56,15.1,15.0,81.0,4.2,1.1,3.6
13:23:56,15.5,15.0,67.0,4.2,1.1,3.6
13:23:56,15.6,15.0,64.0,4.2,1.1,3.6
13:23:56,15.8,15.0,64.0,4.2,1.1,3.6
13:23:56,15.8,15.0,70.0,4.2,1.1,3.6
13:23:56,13.9,15.0,84.0,4.267,1.085,3.611
13:23:56,15.4,15.0,70.0,4.2,1.1,3.6
13:23:56,15.9,15.0,56.0,4.2,1.1,3.6
13:23:56,15.9,15.0,64.0,4.2,1.1,3.6
13:23:56,15.8,15.0,74.0,4.2,1.1,3.6
13:23:56,15.8,15.0,77.0,4.2,1.1,3.6
13:23:56,14.4,15.0,91.0,4.2,1.1,3.6
13:23:56,15.3,15.0,77.0,4.2,1.1,3.6
13:23:57,15.5,15.0,66.0,4.2,1.1,3.6
13:23:57,15.5,15.0,77.0,4.2,1.1,3.6
13:23:57,15.4,15.0,81.0,4.2,1.1,3.6
13:23:57,15.3,15.0,88.0,4.2,1.1,3.6
13:23:57,14.0,15.0,102.0,4.219,1.096,3.603
13:23:57,14.9,15.0,88.0,4.2,1.1,3.6
13:23:57,15.0,15.0,74.0,4.2,1.1,3.6
13:23:57,15.0,15.0,77.0,4.2,1.1,3.6
13:23:57,15.1,15.0,80.0,4.2,1.1,3.6
13:23:57,15.1,15.0,82.0,4.2,1.1,3.6
13:23:57,13.7,15.0,96.0,4.395,1.055,3.632
13:23:57,14.5,15.0,82.0,4.2,1.1,3.6
13:23:57,14.6,15.0,78.0,4.2,1.1,3.6
13:23:57,14.6,15.0,84.0,4.2,1.1,3.6
13:23:57,14.4,15.0,92.0,4.2,1.1,3.6
13:23:57,14.3,15.0,98.0,4.2,1.1,3.6
13:23:57,13.0,15.0,112.0,4.815,0.959,3.703
13:23:57,13.7,15.0,98.0,4.358,1.064,3.626
13:23:57,13.8,15.0,84.0,4.292,1.079,3.615
13:23:57,13.9,15.0,86.0,4.288,1.08,3.615
13:23:57,13.8,15.0,93.0,4.345,1.067,3.624
13:23:57,13.7,15.0,93.0,4.361,1.063,3.627
13:23:57,12.6,15.0,107.0,5.013,0.914,3.736
13:23:57,13.4,15.0,93.0,4.551,1.02,3.658
13:23:57,13.6,15.0,79.0,4.422,1.049,3.637
13:23:57,13.7,15.0,80.0,4.382,1.058,3.63
13:23:57,13.7,15.0,86.0,4.392,1.056,3.632
13:23:58,13.8,15.0,82.0,4.307,1.076,3.618
13:23:58,12.8,15.0,96.0,4.947,0.929,3.725
13:23:58,13.6,15.0,82.0,4.454,1.042,3.642
13:23:58,13.9,15.0,68.0,4.262,1.086,3.61
13:23:58,14.0,15.0,74.0,4.2,1.1,3.6
13:23:58,14.1,15.0,76.0,4.2,1.1,3.6
13:23:58,13.4,15.0,90.0,4.54,1.022,3.657
13:23:58,13.1,15.0,104.0,4.755,0.973,3.693
13:23:58,14.4,15.0,90.0,4.2,1.1,3.6
13:23:58,14.7,15.0,76.0,4.2,1.1,3.6
13:23:58,14.8,15.0,62.0,4.2,1.1,3.6
13:23:58,14.7,15.0,76.0,4.2,1.1,3.6
13:23:58,14.6,15.0,90.0,4.2,1.1,3.6
13:23:58,13.2,15.0,104.0,4.655,0.996,3.676
13:23:58,14.1,15.0,90.0,4.2,1.1,3.6
13:23:58,14.2,15.0,82.0,4.2,1.1,3.6
13:23:58,14.1,15.0,90.0,4.2,1.1,3.6
13:23:58,14.0,15.0,91.0,4.2,1.1,3.6
13:23:58,13.9,15.0,97.0,4.251,1.088,3.609
13:23:58,12.8,15.0,111.0,4.942,0.93,3.724
13:23:58,13.6,15.0,97.0,4.456,1.041,3.643
13:23:58,13.9,15.0,83.0,4.259,1.086,3.61
13:23:58,14.0,15.0,76.0,4.2,1.1,3.6
13:23:58,14.0,15.0,82.0,4.2,1.1,3.6
13:23:59,14.1,15.0,81.0,4.2,1.1,3.6
13:23:59,13.2,15.0,95.0,4.673,0.992,3.679
13:23:59,14.3,15.0,81.0,4.2,1.1,3.6
13:23:59,14.7,15.0,67.0,4.2,1.1,3.6
13:23:59,15.0,15.0,58.0,4.2,1.1,3.6
13:23:59,15.0,15.0,69.0,4.2,1.1,3.6
13:23:59,15.2,15.0,69.0,4.2,1.1,3.6
13:23:59,13.9,15.0,83.0,4.253,1.088,3.609
13:23:59,15.0,15.0,69.0,4.2,1.1,3.6
13:23:59,15.3,15.0,59.0,4.2,1.1,3.6
13:23:59,15.4,15.0,68.0,4.2,1.1,3.6
13:23:59,15.6,15.0,68.0,4.2,1.1,3.6
13:23:59,15.6,15.0,73.0,4.2,1.1,3.6
13:23:59,14.3,15.0,87.0,4.2,1.1,3.6
13:23:59,15.2,15.0,73.0,4.2,1.1,3.6
13:23:59,15.5,15.0,63.0,4.2,1.1,3.6
13:23:59,15.6,15.0,70.0,4.2,1.1,3.6
13:23:59,15.8,15.0,68.0,4.2,1.1,3.6
13:23:59,15.8,15.0,73.0,4.2,1.1,3.6
13:23:59,14.4,15.0,87.0,4.2,1.1,3.6
13:23:59,15.4,15.0,73.0,4.2,1.1,3.6
13:23:59,15.7,15.0,62.0,4.2,1.1,3.6
13:23:59,15.7,15.0,75.0,4.2,1.1,3.6
13:23:59,15.6,15.0,80.0,4.2,1.1,3.6
13:23:59,15.6,15.0,82.0,4.2,1.1,3.6
13:23:59,14.4,15.0,96.0,4.2,1.1,3.6
13:24:00,15.4,15.0,82.0,4.2,1.1,3.6
13:24:00,15.6,15.0,68.0,4.2,1.1,3.6
13:24:00,15.6,15.0,73.0,4.2,1.1,3.6
13:24:00,15.6,15.0,77.0,4.2,1.1,3.6
13:24:00,15.8,15.0,75.0,4.2,1.1,3.6
13:24:00,14.4,15.0,89.0,4.2,1.1,3.6
13:24:00,15.4,15.0,75.0,4.2,1.1,3.6
13:24:00,15.7,15.0,61.0,4.2,1.1,3.6
13:24:00,15.8,15.0,67.0,4.2,1.1,3.6
13:24:00,15.8,15.0,74.0,4.2,1.1,3.6
13:24:00,15.8,15.0,78.0,4.2,1.1,3.6
13:24:00,14.5,15.0,92.0,4.2,1.1,3.6
13:24:00,15.4,15.0,78.0,4.2,1.1,3.6
13:24:00,15.7,15.0,64.0,4.2,1.1,3.6
13:24:00,15.8,15.0,69.0,4.2,1.1,3.6
13:24:00,15.8,15.0,74.0,4.2,1.1,3.6
13:24:00,15.9,15.0,76.0,4.2,1.1,3.6
13:24:00,13.9,15.0,90.0,4.29,1.079,3.615
13:24:00,15.2,15.0,76.0,4.2,1.1,3.6
13:24:00,15.7,15.0,62.0,4.2,1.1,3.6
13:24:00,15.7,15.0,69.0,4.2,1.1,3.6
13:24:00,15.6,15.0,76.0,4.2,1.1,3.6
13:24:00,15.6,15.0,80.0,4.2,1.1,3.6
13:24:00,13.8,15.0,94.0,4.327,1.071,3.621
13:24:01,15.2,15.0,80.0,4.2,1.1,3.6
13:24:01,15.5,15.0,66.0,4.2,1.1,3.6
13:24:01,15.6,15.0,67.0,4.2,1.1,3.6
13:24:01,15.6,15.0,74.0,4.2,1.1,3.6
13:24:01,15.8,15.0,72.0,4.2,1.1,3.6
13:24:01,13.8,15.0,86.0,4.303,1.076,3.617
13:24:01,15.3,15.0,72.0,4.2,1.1,3.6
13:24:01,15.7,15.0,58.0,4.2,1.1,3.6
13:24:01,15.8,15.0,62.0,4.2,1.1,3.6
13:24:01,15.8,15.0,71.0,4.2,1.1,3.6
13:24:01,15.8,15.0,77.0,4.2,1.1,3.6
13:24:01,13.8,15.0,91.0,4.298,1.078,3.616
13:24:01,15.1,15.0,77.0,4.2,1.1,3.6
13:24:01,15.5,15.0,63.0,4.2,1.1,3.6
13:24:01,15.6,15.0,65.0,4.2,1.1,3.6
13:24:01,15.6,15.0,73.0,4.2,1.1,3.6
13:24:01,15.6,15.0,78.0,4.2,1.1,3.6
13:24:01,13.7,15.0,92.0,4.385,1.058,3.631
13:24:01,15.2,15.0,78.0,4.2,1.1,3.6
13:24:01,15.7,15.0,64.0,4.2,1.1,3.6
13:24:01,15.8,15.0,59.0,4.2,1.1,3.6
13:24:01,15.8,15.0,70.0,4.2,1.1,3.6
13:24:01,15.8,15.0,76.0,4.2,1.1,3.6
13:24:01,13.8,15.0,90.0,4.298,1.078,3.616
13:24:02,15.3,15.0,76.0,4.2,1.1,3.6
13:24:02,15.7,15.0,62.0,4.2,1.1,3.6
13:24:02,15.8,15.0,62.0,4.2,1.1,3.6
13:24:02,15.7,15.0,76.0,4.2,1.1,3.6
13:24:02,15.6,15.0,82.0,4.2,1.1,3.6
13:24:02,15.7,15.0,82.0,4.2,1.1,3.6
13:24:02,15.6,15.0,83.0,4.2,1.1,3.6
13:24:02,15.6,15.0,84.0,4.2,1.1,3.6
13:24:02,15.6,15.0,82.0,4.2,1.1,3.6
13:24:02,15.8,15.0,75.0,4.2,1.1,3.6
13:24:02,15.8,15.0,77.0,4.2,1.1,3.6
13:24:02,15.8,15.0,79.0,4.2,1.1,3.6
13:24:02,15.8,15.0,80.0,4.2,1.1,3.6
13:24:02,15.8,15.0,81.0,4.2,1.1,3.6
13:24:02,15.8,15.0,81.0,4.2,1.1,3.6
13:24:02,15.8,15.0,81.0,4.2,1.1,3.6
13:24:02,15.8,15.0,81.0,4.2,1.1,3.6
13:24:02,15.8,15.0,81.0,4.2,1.1,3.6
13:24:02,15.7,15.0,88.0,4.2,1.1,3.6
13:24:02,15.6,15.0,87.0,4.2,1.1,3.6
13:24:02,15.6,15.0,85.0,4.2,1.1,3.6
13:24:02,15.6,15.0,83.0,4.2,1.1,3.6
13:24:02,15.8,15.0,76.0,4.2,1.1,3.6
13:24:02,15.8,15.0,79.0,4.2,1.1,3.6
13:24:02,15.8,15.0,79.0,4.2,1.1,3.6
13:24:02,16.0,15.0,71.0,4.2,1.1,3.6
13:24:03,16.0,15.0,73.0,4.208,1.098,3.601
13:24:03,16.0,15.0,75.0,4.223,1.095,3.604
13:24:03,16.1,15.0,77.0,4.232,1.093,3.605
13:24:03,16.0,15.0,79.0,4.218,1.096,3.603
13:24:03,16.0,15.0,79.0,4.223,1.095,3.604
13:24:03,15.9,15.0,87.0,4.2,1.1,3.6
13:24:03,15.8,15.0,86.0,4.2,1.1,3.6
13:24:03,15.8,15.0,84.0,4.2,1.1,3.6
13:24:03,15.7,15.0,89.0,4.2,1.1,3.6
13:24:03,15.6,15.0,87.0,4.2,1.1,3.6
13:24:03,15.6,15.0,84.0,4.2,1.1,3.6
13:24:03,15.6,15.0,83.0,4.2,1.1,3.6
13:24:03,15.6,20.1,97.0,6.274,0.625,3.946
13:24:03,15.8,20.1,111.0,6.207,0.64,3.934
13:24:03,15.8,20.1,125.0,6.189,0.644,3.931
13:24:03,16.0,20.1,130.0,6.075,0.67,3.913
13:24:03,16.0,20.1,117.0,6.046,0.677,3.908
13:24:03,16.0,20.1,112.0,6.036,0.679,3.906
13:24:03,16.0,20.1,110.0,6.032,0.68,3.905
13:24:03,16.2,20.1,103.0,5.955,0.698,3.892
13:24:03,16.4,20.1,93.0,5.825,0.728,3.871
13:24:03,16.6,20.1,86.0,5.673,0.763,3.845
13:24:03,16.9,20.1,82.0,5.531,0.795,3.822
13:24:03,16.9,20.1,89.0,5.49,0.804,3.815
13:24:03,17.1,20.1,86.0,5.377,0.83,3.796
13:24:04,17.4,20.1,82.0,5.247,0.86,3.774
13:24:04,17.6,20.1,79.0,5.109,0.892,3.752
13:24:04,16.1,20.1,93.0,6.017,0.684,3.903
13:24:04,17.6,20.1,79.0,5.077,0.899,3.746
13:24:04,18.3,20.1,65.0,4.709,0.983,3.685
13:24:04,18.6,20.1,51.0,4.489,1.034,3.648
13:24:04,19.1,20.1,46.0,4.2,1.1,3.6
13:24:04,19.5,20.1,50.0,4.2,1.1,3.6
13:24:04,17.8,20.1,64.0,4.958,0.926,3.726
13:24:04,19.8,20.1,50.0,4.2,1.1,3.6
13:24:04,20.6,20.1,36.0,4.2,1.1,3.6
13:24:04,20.8,20.1,40.0,4.2,1.1,3.6
13:24:04,21.1,20.1,46.0,4.222,1.095,3.604
13:24:04,21.2,20.1,58.0,4.287,1.08,3.615
13:24:04,19.1,20.1,72.0,4.202,1.099,3.6
13:24:04,20.9,20.1,58.0,4.2,1.1,3.6
13:24:04,21.4,20.1,44.0,4.405,1.053,3.634
13:24:04,21.5,20.1,52.0,4.47,1.038,3.645
13:24:04,21.6,20.1,62.0,4.513,1.028,3.652
13:24:04,21.7,20.1,69.0,4.53,1.024,3.655
13:24:04,19.2,20.1,83.0,4.2,1.1,3.6
13:24:04,21.0,20.1,69.0,4.2,1.1,3.6
13:24:04,21.2,20.1,56.0,4.276,1.082,3.613
13:24:04,21.3,20.1,65.0,4.316,1.073,3.619
13:24:05,21.0,20.1,79.0,4.2,1.1,3.6
13:24:05,21.0,20.1,86.0,4.2,1.1,3.6
13:24:05,18.2,20.1,100.0,4.753,0.973,3.692
13:24:05,19.9,20.1,86.0,4.2,1.1,3.6
13:24:05,20.1,20.1,72.0,4.2,1.1,3.6
13:24:05,20.1,20.1,79.0,4.2,1.1,3.6
13:24:05,19.8,20.1,93.0,4.2,1.1,3.6
13:24:05,19.7,20.1,96.0,4.2,1.1,3.6
13:24:05,16.6,20.1,110.0,5.684,0.76,3.847
13:24:05,18.4,20.1,96.0,4.613,1.005,3.669
13:24:05,18.9,20.1,82.0,4.318,1.073,3.62
13:24:05,18.9,20.1,81.0,4.343,1.067,3.624
13:24:05,18.8,20.1,89.0,4.374,1.06,3.629
13:24:05,18.8,20.1,90.0,4.375,1.06,3.629
13:24:05,16.1,20.1,104.0,6.021,0.683,3.903
13:24:05,18.2,20.1,90.0,4.714,0.982,3.686
13:24:05,18.9,20.1,76.0,4.341,1.068,3.623
13:24:05,19.2,20.1,62.0,4.2,1.1,3.6
13:24:05,19.6,20.1,55.0,4.2,1.1,3.6
13:24:05,19.7,20.1,67.0,4.2,1.1,3.6
13:24:05,16.9,20.1,81.0,5.524,0.797,3.821
13:24:05,19.3,20.1,67.0,4.2,1.1,3.6
13:24:05,20.0,20.1,53.0,4.2,1.1,3.6
13:24:05,20.4,20.1,40.0,4.2,1.1,3.6
13:24:05,20.5,20.1,54.0,4.2,1.1,3.6
13:24:05,20.8,20.1,57.0,4.2,1.1,3.6
13:24:05,17.6,20.1,71.0,5.073,0.9,3.745
13:24:06,20.0,20.1,57.0,4.2,1.1,3.6
13:24:06,20.7,20.1,43.0,4.2,1.1,3.6
13:24:06,21.1,20.1,37.0,4.221,1.095,3.603
13:24:06,21.0,20.1,51.0,4.2,1.1,3.6
13:24:06,21.0,20.1,65.0,4.2,1.1,3.6
13:24:06,17.7,20.1,79.0,5.042,0.907,3.74
13:24:06,20.0,20.1,65.0,4.2,1.1,3.6
13:24:06,20.4,20.1,52.0,4.2,1.1,3.6
13:24:06,20.5,20.1,62.0,4.2,1.1,3.6
13:24:06,20.3,20.1,76.0,4.2,1.1,3.6
13:24:06,20.1,20.1,90.0,4.2,1.1,3.6
13:24:06,16.9,20.1,104.0,5.523,0.797,3.82
13:24:06,18.7,20.1,91.0,4.465,1.039,3.644
13:24:06,19.0,20.1,77.0,4.273,1.083,3.612
13:24:06,18.8,20.1,90.0,4.351,1.065,3.625
13:24:06,18.6,20.1,102.0,4.482,1.035,3.647
13:24:06,18.6,20.1,102.0,4.526,1.025,3.654
13:24:06,16.5,20.1,116.0,5.762,0.742,3.86
13:24:06,17.7,20.1,102.0,5.013,0.914,3.735
13:24:06,17.9,20.1,88.0,4.896,0.94,3.716
13:24:06,18.0,20.1,89.0,4.872,0.946,3.712
13:24:06,18.0,20.1,93.0,4.868,0.947,3.711
13:24:06,18.0,20.1,96.0,4.874,0.946,3.712
13:24:07,16.2,20.1,110.0,5.922,0.705,3.887
13:24:07,17.5,20.1,96.0,5.161,0.88,3.76
13:24:07,17.9,20.1,82.0,4.933,0.932,3.722
13:24:07,18.0,20.1,81.0,4.884,0.943,3.714
13:24:07,18.0,20.1,89.0,4.875,0.945,3.712
13:24:07,18.0,20.1,93.0,4.873,0.946,3.712
13:24:07,16.2,20.1,107.0,5.927,0.704,3.888
13:24:07,17.7,20.1,93.0,5.056,0.904,3.743
13:24:07,18.1,20.1,79.0,4.82,0.958,3.703
13:24:07,18.2,20.1,75.0,4.735,0.977,3.689
13:24:07,18.4,20.1,75.0,4.607,1.007,3.668
13:24:07,18.5,20.1,81.0,4.555,1.019,3.659
13:24:07,16.8,20.1,95.0,5.589,0.782,3.831
13:24:07,18.4,20.1,81.0,4.609,1.006,3.668
13:24:07,19.1,20.1,67.0,4.205,1.099,3.601
13:24:07,19.5,20.1,53.0,4.2,1.1,3.6
13:24:07,19.8,20.1,54.0,4.2,1.1,3.6
13:24:07,20.1,20.1,57.0,4.2,1.1,3.6
13:24:07,18.0,20.1,71.0,4.863,0.948,3.71
13:24:07,19.8,20.1,57.0,4.2,1.1,3.6
13:24:07,20.6,20.1,43.0,4.2,1.1,3.6
13:24:07,20.8,20.1,48.0,4.2,1.1,3.6
13:24:07,21.1,20.1,52.0,4.217,1.096,3.603
13:24:07,19.9,20.1,66.0,4.2,1.1,3.6
13:24:07,18.5,20.1,80.0,4.561,1.017,3.66
13:24:07,20.5,20.1,66.0,4.2,1.1,3.6
13:24:08,21.0,20.1,52.0,4.2,1.1,3.6
13:24:08,21.2,20.1,51.0,4.282,1.081,3.614
13:24:08,21.2,20.1,65.0,4.284,1.081,3.614
13:24:08,20.0,20.1,79.0,4.2,1.1,3.6
13:24:08,18.3,20.1,93.0,4.651,0.997,3.675
13:24:08,20.2,20.1,79.0,4.2,1.1,3.6
13:24:08,20.5,20.1,65.0,4.2,1.1,3.6
13:24:08,20.5,20.1,70.0,4.2,1.1,3.6
13:24:08,20.3,20.1,84.0,4.2,1.1,3.6
13:24:08,19.1,20.1,98.0,4.204,1.099,3.601
13:24:08,18.6,20.1,112.0,4.491,1.033,3.649
13:24:08,19.4,20.1,98.0,4.2,1.1,3.6
13:24:08,19.4,20.1,87.0,4.2,1.1,3.6
13:24:08,19.4,20.1,89.0,4.2,1.1,3.6
13:24:08,19.2,20.1,101.0,4.2,1.1,3.6
13:24:08,18.1,20.1,115.0,4.807,0.961,3.701
13:24:08,17.6,20.1,129.0,5.111,0.891,3.752
13:24:08,18.4,20.1,115.0,4.593,1.01,3.665
13:24:08,18.7,20.1,101.0,4.435,1.046,3.639
13:24:08,18.8,20.1,87.0,4.39,1.056,3.632
13:24:08,18.8,20.1,89.0,4.391,1.056,3.632
13:24:08,17.9,20.1,103.0,4.904,0.939,3.717
13:24:08,17.7,20.1,117.0,5.035,0.909,3.739
13:24:08,18.9,20.1,103.0,4.313,1.074,3.619
13:24:08,19.5,20.1,89.0,4.2,1.1,3.6
13:24:09,19.8,20.1,75.0,4.2,1.1,3.6
13:24:09,20.1,20.1,61.0,4.2,1.1,3.6
13:24:09,19.2,20.1,75.0,4.2,1.1,3.6
13:24:09,19.1,20.1,89.0,4.2,1.1,3.6
13:24:09,20.6,20.1,75.0,4.2,1.1,3.6
13:24:09,21.4,20.1,61.0,4.358,1.064,3.626
13:24:09,21.6,20.1,47.0,4.471,1.038,3.645
13:24:09,21.9,20.1,46.0,4.67,0.992,3.678
13:24:09,19.6,20.1,60.0,4.2,1.1,3.6
13:24:09,20.4,20.1,74.0,4.2,1.1,3.6
13:24:09,22.8,20.1,60.0,5.219,0.867,3.77
13:24:09,23.5,20.1,46.0,5.628,0.773,3.838
13:24:09,24.0,20.1,35.0,5.937,0.702,3.889
13:24:09,24.5,20.1,35.0,6.27,0.626,3.945
13:24:09,21.5,20.1,49.0,4.446,1.044,3.641
13:24:09,22.4,20.1,63.0,4.991,0.919,3.732
13:24:09,24.4,20.1,49.0,6.202,0.641,3.934
13:24:09,25.0,20.1,35.0,6.563,0.559,3.994
13:24:09,25.2,20.1,35.0,6.6,0.55,4.0
13:24:09,25.6,20.1,35.0,6.6,0.55,4.0
13:24:09,22.3,20.1,49.0,4.943,0.93,3.724
13:24:09,24.8,20.1,35.0,6.418,0.592,3.97
13:24:09,25.5,20.1,35.0,6.6,0.55,4.0
13:24:09,25.7,20.1,35.0,6.6,0.55,4.0
13:24:09,25.7,20.1,35.0,6.6,0.55,4.0
13:24:09,25.4,20.1,49.0,6.6,0.55,4.0
13:24:10,22.4,20.1,63.0,4.991,0.919,3.732
13:24:10,24.4,20.1,49.0,6.205,0.641,3.934
13:24:10,25.0,20.1,35.0,6.549,0.562,3.991
13:24:10,25.2,20.1,35.0,6.6,0.55,4.0
13:24:10,25.6,20.1,35.0,6.6,0.55,4.0
13:24:10,25.0,20.1,49.0,6.547,0.562,3.991
13:24:10,20.4,20.1,63.0,4.2,1.1,3.6
13:24:10,23.1,20.1,49.0,5.428,0.819,3.805
13:24:10,23.6,20.1,35.0,5.724,0.751,3.854
13:24:10,23.4,20.1,49.0,5.609,0.777,3.835
13:24:10,23.0,20.1,63.0,5.34,0.839,3.79
13:24:10,22.6,20.1,77.0,5.083,0.898,3.747
13:24:10,18.7,20.1,91.0,4.426,1.048,3.638
13:24:10,20.8,20.1,84.0,4.2,1.1,3.6
13:24:10,21.4,20.1,70.0,4.4,1.054,3.633
13:24:10,21.3,20.1,73.0,4.324,1.072,3.621
13:24:10,21.1,20.1,87.0,4.2,1.1,3.6
13:24:10,20.7,20.1,101.0,4.2,1.1,3.6
13:24:10,17.2,20.1,115.0,5.321,0.843,3.787
13:24:10,18.8,20.1,108.0,4.383,1.058,3.63
13:24:10,18.8,20.1,98.0,4.359,1.064,3.627
13:24:10,18.6,20.1,106.0,4.481,1.036,3.647
13:24:10,18.2,20.1,120.0,4.763,0.971,3.694
13:24:10,17.8,20.1,127.0,4.953,0.927,3.726
13:24:11,15.3,20.1,130.0,6.463,0.581,3.977
13:24:11,16.9,20.1,116.0,5.54,0.793,3.823
13:24:11,17.1,20.1,102.0,5.372,0.831,3.795
13:24:11,17.2,20.1,92.0,5.33,0.841,3.788
13:24:11,17.1,20.1,105.0,5.422,0.82,3.804
13:24:11,17.0,20.1,108.0,5.456,0.812,3.809
13:24:11,14.7,20.1,122.0,6.6,0.55,4.0
13:24:11,16.4,20.1,108.0,5.836,0.725,3.873
13:24:11,16.8,20.1,94.0,5.56,0.788,3.827
13:24:11,17.1,20.1,80.0,5.381,0.829,3.797
13:24:11,17.2,20.1,86.0,5.349,0.837,3.791
13:24:11,17.4,20.1,84.0,5.232,0.863,3.772
13:24:11,15.1,20.1,98.0,6.6,0.55,4.0
13:24:11,16.9,20.1,84.0,5.503,0.801,3.817
13:24:11,17.7,20.1,70.0,5.055,0.904,3.743
13:24:11,18.1,20.1,56.0,4.82,0.958,3.703
13:24:11,18.4,20.1,60.0,4.64,0.999,3.673
13:24:11,18.7,20.1,64.0,4.47,1.038,3.645
13:24:11,18.9,20.1,65.0,4.299,1.077,3.616
13:24:11,19.2,20.1,66.0,4.2,1.1,3.6
13:24:11,19.5,20.1,63.0,4.2,1.1,3.6
13:24:11,19.8,20.1,61.0,4.2,1.1,3.6
13:24:11,20.1,20.1,64.0,4.2,1.1,3.6
13:24:11,20.4,20.1,61.0,4.2,1.1,3.6
13:24:11,20.7,20.1,59.0,4.2,1.1,3.6
13:24:12,21.1,20.1,54.0,4.2,1.1,3.6
13:24:12,21.2,20.1,64.0,4.244,1.09,3.607
13:24:12,21.2,20.1,72.0,4.271,1.084,3.612
13:24:12,21.5,20.1,64.0,4.438,1.045,3.64
13:24:12,21.5,20.1,70.0,4.467,1.039,3.644
13:24:12,21.6,20.1,75.0,4.484,1.035,3.647
13:24:12,21.3,20.1,89.0,4.328,1.071,3.621
13:24:12,21.3,20.1,90.0,4.292,1.079,3.615
13:24:12,21.2,20.1,88.0,4.279,1.082,3.613
13:24:12,21.0,20.1,99.0,4.2,1.1,3.6
13:24:12,20.9,20.1,97.0,4.2,1.1,3.6
13:24:12,20.8,20.1,92.0,4.2,1.1,3.6
13:24:12,20.6,20.1,99.0,4.2,1.1,3.6
13:24:12,20.6,20.1,94.0,4.2,1.1,3.6
13:24:12,20.6,20.1,91.0,4.2,1.1,3.6
13:24:12,20.5,20.1,90.0,4.2,1.1,3.6
13:24:12,20.5,20.1,87.0,4.2,1.1,3.6
13:24:12,20.5,20.1,88.0,4.2,1.1,3.6
13:24:12,20.5,20.1,87.0,4.2,1.1,3.6
13:24:12,20.7,20.1,76.0,4.2,1.1,3.6
13:24:12,20.8,20.1,76.0,4.2,1.1,3.6
13:24:12,20.9,20.1,79.0,4.2,1.1,3.6
13:24:12,20.9,20.1,81.0,4.2,1.1,3.6
13:24:12,21.1,20.1,70.0,4.219,1.096,3.603
13:24:12,21.2,20.1,74.0,4.248,1.089,3.608
13:24:13,21.2,20.1,78.0,4.259,1.086,3.61
13:24:13,21.2,20.1,78.0,4.286,1.08,3.614
13:24:13,21.3,20.1,79.0,4.3,1.077,3.617
13:24:13,21.2,20.1,82.0,4.289,1.08,3.615
13:24:13,21.2,20.1,83.0,4.278,1.082,3.613
13:24:13,21.2,20.1,83.0,4.274,1.083,3.612
13:24:13,21.2,20.1,82.0,4.282,1.081,3.614
13:24:13,21.2,20.1,83.0,4.271,1.084,3.612
13:24:13,21.2,20.1,83.0,4.272,1.083,3.612
13:24:13,21.2,20.1,82.0,4.273,1.083,3.612
13:24:13,21.2,20.1,82.0,4.273,1.083,3.612
13:24:13,21.2,20.1,83.0,4.269,1.084,3.611
13:24:13,21.2,20.1,84.0,4.255,1.087,3.609
13:24:13,21.2,20.1,82.0,4.268,1.085,3.611
13:24:13,21.2,20.1,81.0,4.278,1.082,3.613
13:24:13,21.2,20.1,81.0,4.279,1.082,3.613
13:24:13,18.8,20.1,95.0,4.365,1.062,3.627
13:24:13,20.5,20.1,81.0,4.2,1.1,3.6
13:24:13,21.1,20.1,67.0,4.2,1.1,3.6
13:24:13,21.2,20.1,58.0,4.266,1.085,3.611
13:24:13,21.3,20.1,68.0,4.292,1.079,3.615
13:24:13,21.3,20.1,74.0,4.298,1.078,3.616
13:24:13,18.9,20.1,88.0,4.341,1.068,3.624
13:24:13,20.6,20.1,74.0,4.2,1.1,3.6
13:24:14,21.1,20.1,60.0,4.2,1.1,3.6
13:24:14,21.2,20.1,59.0,4.254,1.088,3.609
13:24:14,21.2,20.1,69.0,4.271,1.084,3.612
13:24:14,21.3,20.1,73.0,4.3,1.077,3.617
13:24:14,18.8,20.1,87.0,4.359,1.064,3.626
13:24:14,20.6,20.1,73.0,4.2,1.1,3.6
13:24:14,21.1,20.1,59.0,4.2,1.1,3.6
13:24:14,21.0,20.1,70.0,4.2,1.1,3.6
13:24:14,20.9,20.1,78.0,4.2,1.1,3.6
13:24:14,20.9,20.1,82.0,4.2,1.1,3.6
13:24:14,18.6,20.1,96.0,4.528,1.025,3.655
13:24:14,20.2,20.1,82.0,4.2,1.1,3.6
13:24:14,20.7,20.1,68.0,4.2,1.1,3.6
13:24:14,20.6,20.1,73.0,4.2,1.1,3.6
13:24:14,20.6,20.1,81.0,4.2,1.1,3.6
13:24:14,20.6,20.1,82.0,4.2,1.1,3.6
13:24:14,18.3,20.1,96.0,4.664,0.994,3.677
13:24:14,19.9,20.1,82.0,4.2,1.1,3.6
13:24:14,20.4,20.1,68.0,4.2,1.1,3.6
13:24:14,20.5,20.1,63.0,4.2,1.1,3.6
13:24:14,20.5,20.1,72.0,4.2,1.1,3.6
13:24:14,20.6,20.1,78.0,4.2,1.1,3.6
13:24:14,18.5,20.1,92.0,4.562,1.017,3.66
13:24:14,20.2,20.1,78.0,4.2,1.1,3.6
13:24:14,20.7,20.1,64.0,4.2,1.1,3.6
13:24:15,20.9,20.1,57.0,4.2,1.1,3.6
13:24:15,20.9,20.1,69.0,4.2,1.1,3.6
13:24:15,20.9,20.1,76.0,4.2,1.1,3.6
13:24:15,19.5,20.1,90.0,4.2,1.1,3.6
13:24:15,20.3,20.1,79.0,4.2,1.1,3.6
13:24:15,20.5,20.1,72.0,4.2,1.1,3.6
13:24:15,20.5,20.1,76.0,4.2,1.1,3.6
13:24:15,20.5,20.1,80.0,4.2,1.1,3.6
13:24:15,19.3,20.1,94.0,4.2,1.1,3.6
13:24:15,19.0,20.1,108.0,4.284,1.081,3.614
13:24:15,20.1,20.1,94.0,4.2,1.1,3.6
13:24:15,20.4,20.1,80.0,4.2,1.1,3.6
13:24:15,20.5,20.1,66.0,4.2,1.1,3.6
13:24:15,20.5,20.1,74.0,4.2,1.1,3.6
13:24:15,19.6,20.1,88.0,4.2,1.1,3.6
13:24:15,19.3,20.1,102.0,4.2,1.1,3.6
13:24:15,20.5,20.1,88.0,4.2,1.1,3.6
13:24:15,20.7,20.1,74.0,4.2,1.1,3.6
13:24:15,20.9,20.1,62.0,4.2,1.1,3.6
13:24:15,20.9,20.1,69.0,4.2,1.1,3.6
13:24:15,19.7,20.1,83.0,4.2,1.1,3.6
13:24:15,19.4,20.1,97.0,4.2,1.1,3.6
13:24:15,20.5,20.1,83.0,4.2,1.1,3.6
13:24:15,20.8,20.1,69.0,4.2,1.1,3.6
13:24:15,20.6,20.1,76.0,4.2,1.1,3.6
13:24:15,20.6,20.1,82.0,4.2,1.1,3.6
13:24:15,19.3,20.1,96.0,4.2,1.1,3.6
13:24:16,20.3,20.1,82.0,4.2,1.1,3.6
13:24:16,20.5,20.1,68.0,4.2,1.1,3.6
13:24:16,20.5,20.1,73.0,4.2,1.1,3.6
13:24:16,20.6,20.1,78.0,4.2,1.1,3.6
13:24:16,20.5,20.1,82.0,4.2,1.1,3.6
13:24:16,19.3,20.1,96.0,4.2,1.1,3.6
13:24:16,20.2,20.1,82.0,4.2,1.1,3.6
13:24:16,20.5,20.1,68.0,4.2,1.1,3.6
13:24:16,20.5,20.1,73.0,4.2,1.1,3.6
13:24:16,20.8,20.1,66.0,4.2,1.1,3.6
13:24:16,20.9,20.1,71.0,4.2,1.1,3.6
13:24:16,18.6,20.1,85.0,4.527,1.025,3.655
13:24:16,20.2,20.1,71.0,4.2,1.1,3.6
13:24:16,20.8,20.1,57.0,4.2,1.1,3.6
13:24:16,20.6,20.1,71.0,4.2,1.1,3.6
13:24:16,20.7,20.1,76.0,4.2,1.1,3.6
13:24:16,20.6,20.1,83.0,4.2,1.1,3.6
13:24:16,18.3,20.1,97.0,4.671,0.992,3.679
13:24:16,19.7,20.1,83.0,4.2,1.1,3.6
13:24:16,20.1,20.1,69.0,4.2,1.1,3.6
13:24:16,20.4,20.1,58.0,4.2,1.1,3.6
13:24:16,20.5,20.1,67.0,4.2,1.1,3.6
13:24:16,20.5,20.1,74.0,4.2,1.1,3.6
13:24:16,18.5,20.1,88.0,4.576,1.014,3.663
13:24:17,20.2,20.1,74.0,4.2,1.1,3.6
13:24:17,20.7,20.1,60.0,4.2,1.1,3.6
13:24:17,20.8,20.1,59.0,4.2,1.1,3.6
13:24:17,20.9,20.1,67.0,4.2,1.1,3.6
13:24:17,20.9,20.1,76.0,4.2,1.1,3.6
13:24:17,18.5,20.1,90.0,4.542,1.022,3.657
13:24:17,20.2,20.1,76.0,4.2,1.1,3.6
13:24:17,20.7,20.1,62.0,4.2,1.1,3.6
13:24:17,20.9,20.1,59.0,4.2,1.1,3.6
13:24:17,20.9,20.1,68.0,4.2,1.1,3.6
13:24:17,20.9,20.1,75.0,4.2,1.1,3.6
13:24:17,17.6,20.1,89.0,5.081,0.898,3.747
13:24:17,19.8,20.1,75.0,4.2,1.1,3.6
13:24:17,20.3,20.1,61.0,4.2,1.1,3.6
13:24:17,20.5,20.1,59.0,4.2,1.1,3.6
13:24:17,20.3,20.1,73.0,4.2,1.1,3.6
13:24:17,20.2,20.1,87.0,4.2,1.1,3.6
13:24:17,17.2,20.1,101.0,5.355,0.835,3.793
13:24:17,19.4,20.1,87.0,4.2,1.1,3.6
13:24:17,20.2,20.1,73.0,4.2,1.1,3.6
13:24:17,20.5,20.1,59.0,4.2,1.1,3.6
13:24:17,20.5,20.1,63.0,4.2,1.1,3.6
13:24:17,20.6,20.1,72.0,4.2,1.1,3.6
13:24:17,17.6,20.1,86.0,5.124,0.888,3.754
13:24:18,19.9,20.1,72.0,4.2,1.1,3.6
13:24:18,20.7,20.1,58.0,4.2,1.1,3.6
13:24:18,21.1,20.1,44.0,4.2,1.1,3.6
13:24:18,21.2,20.1,51.0,4.288,1.08,3.615
13:24:18,21.3,20.1,65.0,4.3,1.077,3.617
13:24:18,17.9,20.1,79.0,4.908,0.938,3.718
13:24:18,20.3,20.1,65.0,4.2,1.1,3.6
13:24:18,21.0,20.1,51.0,4.2,1.1,3.6
13:24:18,21.2,20.1,48.0,4.253,1.088,3.609
13:24:18,21.3,20.1,60.0,4.305,1.076,3.617
13:24:18,21.3,20.1,71.0,4.299,1.077,3.617
13:24:18,18.9,20.1,85.0,4.316,1.073,3.619
13:24:18,20.6,20.1,71.0,4.2,1.1,3.6
13:24:18,21.1,20.1,57.0,4.2,1.1,3.6
13:24:18,21.2,20.1,57.0,4.278,1.082,3.613
13:24:18,21.3,20.1,68.0,4.291,1.079,3.615
13:24:18,21.3,20.1,73.0,4.31,1.075,3.618
13:24:18,18.9,20.1,87.0,4.336,1.069,3.623
13:24:18,20.6,20.1,73.0,4.2,1.1,3.6
13:24:18,21.1,20.1,59.0,4.203,1.099,3.601
13:24:18,21.2,20.1,57.0,4.279,1.082,3.613
13:24:18,21.3,20.1,68.0,4.292,1.079,3.615
13:24:18,21.2,20.1,75.0,4.279,1.082,3.613
13:24:18,18.9,20.1,89.0,4.344,1.067,3.624
13:24:18,20.6,20.1,75.0,4.2,1.1,3.6
13:24:18,21.1,20.1,61.0,4.217,1.096,3.603
13:24:19,21.2,20.1,58.0,4.275,1.083,3.613
13:24:19,21.2,20.1,68.0,4.286,1.08,3.614
13:24:19,20.0,20.1,82.0,4.2,1.1,3.6
13:24:19,18.6,20.1,96.0,4.521,1.026,3.653
13:24:19,20.5,20.1,82.0,4.2,1.1,3.6
13:24:19,21.1,20.1,68.0,4.2,1.1,3.6
13:24:19,21.2,20.1,54.0,4.266,1.085,3.611
13:24:19,21.2,20.1,64.0,4.283,1.081,3.614
13:24:19,20.0,20.1,78.0,4.2,1.1,3.6
13:24:19,19.6,20.1,92.0,4.2,1.1,3.6
13:24:19,20.8,20.1,78.0,4.2,1.1,3.6
13:24:19,21.1,20.1,64.0,4.221,1.095,3.604
13:24:19,21.2,20.1,61.0,4.27,1.084,3.612
13:24:19,21.3,20.1,67.0,4.312,1.074,3.619
13:24:19,20.0,20.1,81.0,4.2,1.1,3.6
13:24:19,19.6,20.1,95.0,4.2,1.1,3.6
13:24:19,20.8,20.1,81.0,4.2,1.1,3.6
13:24:19,21.1,20.1,67.0,4.217,1.096,3.603
13:24:19,21.2,20.1,61.0,4.273,1.083,3.612
13:24:19,21.2,20.1,70.0,4.281,1.081,3.614
13:24:19,18.8,20.1,84.0,4.35,1.066,3.625
13:24:19,19.3,20.1,98.0,4.2,1.1,3.6
13:24:19,20.7,20.1,84.0,4.2,1.1,3.6
13:24:19,21.1,20.1,70.0,4.2,1.1,3.6
13:24:19,21.2,20.1,56.0,4.268,1.084,3.611
13:24:19,21.3,20.1,65.0,4.292,1.079,3.615
13:24:20,18.9,20.1,79.0,4.344,1.067,3.624
13:24:20,20.6,20.1,65.0,4.2,1.1,3.6
13:24:20,21.1,20.1,51.0,4.205,1.099,3.601
13:24:20,21.2,20.1,57.0,4.276,1.083,3.613
13:24:20,21.3,20.1,67.0,4.291,1.079,3.615
13:24:20,21.3,20.1,73.0,4.291,1.079,3.615
13:24:20,18.9,20.1,87.0,4.329,1.07,3.622
13:24:20,20.6,20.1,73.0,4.2,1.1,3.6
13:24:20,21.1,20.1,59.0,4.201,1.1,3.6
13:24:20,21.3,20.1,56.0,4.291,1.079,3.615
13:24:20,21.3,20.1,67.0,4.295,1.078,3.616
13:24:20,21.3,20.1,73.0,4.301,1.077,3.617
13:24:20,18.9,20.1,87.0,4.33,1.07,3.622
13:24:20,20.6,20.1,73.0,4.2,1.1,3.6
13:24:20,21.1,20.1,59.0,4.2,1.1,3.6
13:24:20,21.2,20.1,56.0,4.277,1.082,3.613
13:24:20,21.3,20.1,66.0,4.295,1.078,3.616
13:24:20,21.3,20.1,73.0,4.296,1.078,3.616
13:24:20,18.8,20.1,87.0,4.358,1.064,3.626
13:24:20,20.6,20.1,73.0,4.2,1.1,3.6
13:24:20,21.1,20.1,59.0,4.2,1.1,3.6
13:24:20,21.2,20.1,57.0,4.268,1.084,3.611
13:24:20,21.3,20.1,66.0,4.29,1.079,3.615
13:24:20,21.2,20.1,73.0,4.289,1.08,3.615
13:24:21,17.9,20.1,87.0,4.939,0.931,3.723
13:24:21,20.3,20.1,73.0,4.2,1.1,3.6
13:24:21,21.0,20.1,59.0,4.2,1.1,3.6
13:24:21,21.2,20.1,46.0,4.272,1.083,3.612
13:24:21,21.2,20.1,60.0,4.285,1.08,3.614
13:24:21,21.2,20.1,71.0,4.279,1.082,3.613
13:24:21,21.2,20.1,75.0,4.285,1.08,3.614
13:24:21,21.3,20.1,76.0,4.298,1.078,3.616
13:24:21,21.2,20.1,78.0,4.287,1.08,3.614
13:24:21,21.2,20.1,79.0,4.281,1.081,3.614
13:24:21,21.2,20.1,79.0,4.284,1.081,3.614
13:24:21,21.2,20.1,80.0,4.276,1.083,3.613
13:24:21,21.0,20.1,91.0,4.2,1.1,3.6
13:24:21,20.9,20.1,88.0,4.2,1.1,3.6
13:24:21,20.6,20.1,99.0,4.2,1.1,3.6
13:24:21,20.6,20.1,94.0,4.2,1.1,3.6
13:24:21,20.5,20.1,89.0,4.2,1.1,3.6
13:24:21,20.3,20.1,97.0,4.2,1.1,3.6
13:24:21,20.5,20.1,83.0,4.2,1.1,3.6
13:24:21,20.5,20.1,79.0,4.2,1.1,3.6
13:24:21,20.5,20.1,81.0,4.2,1.1,3.6
13:24:21,20.7,20.1,70.0,4.2,1.1,3.6
13:24:21,20.8,20.1,72.0,4.2,1.1,3.6
13:24:21,20.8,20.1,75.0,4.2,1.1,3.6
13:24:22,21.1,20.1,65.0,4.2,1.1,3.6
13:24:22,21.2,20.1,68.0,4.249,1.089,3.608
13:24:22,21.2,20.1,70.0,4.287,1.08,3.614
13:24:22,21.2,20.1,76.0,4.267,1.085,3.611
13:24:22,21.5,20.1,64.0,4.42,1.05,3.637
13:24:22,21.3,20.1,78.0,4.323,1.072,3.621
13:24:22,21.2,20.1,81.0,4.288,1.08,3.615
13:24:22,21.2,20.1,81.0,4.273,1.083,3.612
13:24:22,21.0,20.1,92.0,4.2,1.1,3.6
13:24:22,20.9,20.1,89.0,4.2,1.1,3.6
13:24:22,20.9,20.1,85.0,4.2,1.1,3.6
13:24:22,20.9,20.1,83.0,4.2,1.1,3.6
13:24:22,20.7,20.1,93.0,4.2,1.1,3.6
13:24:22,20.6,20.1,92.0,4.2,1.1,3.6
13:24:22,20.3,20.1,100.0,4.2,1.1,3.6
13:24:22,20.2,20.1,96.0,4.2,1.1,3.6
13:24:22,20.2,20.1,90.0,4.2,1.1,3.6
13:24:22,20.4,20.1,76.0,4.2,1.1,3.6
13:24:22,20.5,20.1,75.0,4.2,1.1,3.6
13:24:22,20.7,20.1,66.0,4.2,1.1,3.6
13:24:22,20.8,20.1,68.0,4.2,1.1,3.6
13:24:22,21.1,25.2,82.0,6.053,0.675,3.909
13:24:22,21.2,25.2,96.0,6.009,0.685,3.901
13:24:22,21.2,25.2,110.0,5.989,0.69,3.898
13:24:22,21.5,25.2,121.0,5.846,0.723,3.874
13:24:22,21.5,25.2,108.0,5.796,0.734,3.866
13:24:23,21.6,25.2,106.0,5.79,0.736,3.865
13:24:23,21.6,25.2,105.0,5.783,0.737,3.864
13:24:23,21.4,25.2,116.0,5.905,0.709,3.884
13:24:23,21.3,25.2,116.0,5.956,0.698,3.893
13:24:23,17.9,25.2,130.0,6.6,0.55,4.0
13:24:23,20.3,25.2,116.0,6.53,0.566,3.988
13:24:23,21.0,25.2,102.0,6.129,0.658,3.921
13:24:23,21.2,25.2,88.0,6.028,0.681,3.905
13:24:23,21.2,25.2,88.0,5.98,0.692,3.897
13:24:23,21.5,25.2,83.0,5.817,0.729,3.869
13:24:23,19.1,25.2,97.0,6.6,0.55,4.0
13:24:23,21.2,25.2,83.0,5.993,0.689,3.899
13:24:23,21.8,25.2,69.0,5.658,0.766,3.843
13:24:23,22.2,25.2,55.0,5.37,0.832,3.795
13:24:23,22.6,25.2,57.0,5.148,0.883,3.758
13:24:23,23.4,25.2,43.0,4.664,0.994,3.677
13:24:23,20.7,25.2,57.0,6.296,0.62,3.949
13:24:23,23.2,25.2,43.0,4.779,0.967,3.697
13:24:23,24.3,25.2,35.0,4.2,1.1,3.6
13:24:23,24.9,25.2,35.0,4.2,1.1,3.6
13:24:23,25.1,25.2,44.0,4.2,1.1,3.6
13:24:23,25.2,25.2,58.0,4.2,1.1,3.6
13:24:23,22.2,25.2,72.0,5.396,0.826,3.799
13:24:23,24.4,25.2,58.0,4.2,1.1,3.6
13:24:23,25.4,25.2,44.0,4.2,1.1,3.6
13:24:24,25.6,25.2,42.0,4.2,1.1,3.6
13:24:24,25.7,25.2,56.0,4.2,1.1,3.6
13:24:24,25.8,25.2,69.0,4.2,1.1,3.6
13:24:24,22.5,25.2,83.0,5.199,0.871,3.766
13:24:24,24.8,25.2,69.0,4.2,1.1,3.6
13:24:24,25.5,25.2,55.0,4.2,1.1,3.6
13:24:24,25.6,25.2,56.0,4.2,1.1,3.6
13:24:24,25.7,25.2,65.0,4.2,1.1,3.6
13:24:24,25.7,25.2,74.0,4.2,1.1,3.6
13:24:24,24.0,25.2,88.0,4.317,1.073,3.62
13:24:24,25.3,25.2,74.0,4.2,1.1,3.6
13:24:24,25.6,25.2,60.0,4.2,1.1,3.6
13:24:24,25.4,25.2,74.0,4.2,1.1,3.6
13:24:24,25.3,25.2,88.0,4.2,1.1,3.6
13:24:24,25.2,25.2,89.0,4.2,1.1,3.6
13:24:24,23.6,25.2,103.0,4.567,1.016,3.661
13:24:24,24.8,25.2,89.0,4.2,1.1,3.6
13:24:24,24.8,25.2,79.0,4.2,1.1,3.6
13:24:24,24.7,25.2,86.0,4.2,1.1,3.6
13:24:24,24.8,25.2,86.0,4.2,1.1,3.6
13:24:24,22.8,25.2,100.0,5.047,0.906,3.741
13:24:24,22.2,25.2,114.0,5.383,0.829,3.797
13:24:24,23.7,25.2,100.0,4.513,1.028,3.652
13:24:24,24.1,25.2,86.0,4.277,1.082,3.613
13:24:25,24.2,25.2,72.0,4.211,1.097,3.602
13:24:25,24.2,25.2,78.0,4.2,1.1,3.6
13:24:25,22.6,25.2,92.0,5.151,0.882,3.759
13:24:25,22.2,25.2,106.0,5.417,0.821,3.803
13:24:25,24.0,25.2,92.0,4.31,1.075,3.618
13:24:25,24.5,25.2,78.0,4.2,1.1,3.6
13:24:25,24.7,25.2,64.0,4.2,1.1,3.6
13:24:25,24.8,25.2,69.0,4.2,1.1,3.6
13:24:25,23.3,25.2,83.0,4.721,0.981,3.687
13:24:25,23.0,25.2,97.0,4.914,0.936,3.719
13:24:25,24.6,25.2,83.0,4.2,1.1,3.6
13:24:25,25.1,25.2,69.0,4.2,1.1,3.6
13:24:25,25.2,25.2,60.0,4.2,1.1,3.6
13:24:25,25.6,25.2,53.0,4.2,1.1,3.6
13:24:25,23.9,25.2,67.0,4.384,1.058,3.631
13:24:25,25.3,25.2,54.0,4.2,1.1,3.6
13:24:25,25.6,25.2,53.0,4.2,1.1,3.6
13:24:25,25.7,25.2,65.0,4.2,1.1,3.6
13:24:25,25.7,25.2,74.0,4.2,1.1,3.6
13:24:25,25.7,25.2,79.0,4.2,1.1,3.6
13:24:25,23.9,25.2,93.0,4.404,1.053,3.634
13:24:25,25.3,25.2,79.0,4.2,1.1,3.6
13:24:25,26.0,25.2,65.0,4.2,1.1,3.6
13:24:25,26.2,25.2,54.0,4.2,1.1,3.6
13:24:25,26.2,25.2,66.0,4.211,1.097,3.602
13:24:25,26.2,25.2,74.0,4.216,1.096,3.603
13:24:26,22.7,25.2,88.0,5.099,0.894,3.75
13:24:26,25.2,25.2,74.0,4.2,1.1,3.6
13:24:26,26.0,25.2,60.0,4.2,1.1,3.6
13:24:26,26.1,25.2,51.0,4.2,1.1,3.6
13:24:26,26.2,25.2,63.0,4.2,1.1,3.6
13:24:26,26.2,25.2,71.0,4.22,1.095,3.603
13:24:26,22.7,25.2,85.0,5.072,0.9,3.745
13:24:26,25.3,25.2,71.0,4.2,1.1,3.6
13:24:26,26.0,25.2,57.0,4.2,1.1,3.6
13:24:26,26.2,25.2,49.0,4.2,1.1,3.6
13:24:26,26.2,25.2,63.0,4.212,1.097,3.602
13:24:26,25.9,25.2,77.0,4.2,1.1,3.6
13:24:26,22.4,25.2,91.0,5.294,0.849,3.782
13:24:26,24.8,25.2,77.0,4.2,1.1,3.6
13:24:26,25.5,25.2,63.0,4.2,1.1,3.6
13:24:26,25.7,25.2,55.0,4.2,1.1,3.6
13:24:26,25.7,25.2,67.0,4.2,1.1,3.6
13:24:26,26.1,25.2,57.0,4.2,1.1,3.6
13:24:26,22.7,25.2,71.0,5.073,0.9,3.745
13:24:26,25.2,25.2,57.0,4.2,1.1,3.6
13:24:26,26.0,25.2,43.0,4.2,1.1,3.6
13:24:26,26.2,25.2,46.0,4.2,1.1,3.6
13:24:26,26.2,25.2,60.0,4.206,1.099,3.601
13:24:26,26.2,25.2,71.0,4.223,1.095,3.604
13:24:27,22.7,25.2,85.0,5.086,0.897,3.748
13:24:27,25.3,25.2,71.0,4.2,1.1,3.6
13:24:27,26.0,25.2,57.0,4.2,1.1,3.6
13:24:27,26.2,25.2,50.0,4.2,1.1,3.6
13:24:27,25.8,25.2,64.0,4.2,1.1,3.6
13:24:27,25.8,25.2,78.0,4.2,1.1,3.6
13:24:27,22.3,25.2,92.0,5.315,0.844,3.786
13:24:27,24.8,25.2,78.0,4.2,1.1,3.6
13:24:27,25.5,25.2,64.0,4.2,1.1,3.6
13:24:27,25.7,25.2,53.0,4.2,1.1,3.6
13:24:27,25.7,25.2,67.0,4.2,1.1,3.6
13:24:27,25.4,25.2,81.0,4.2,1.1,3.6
13:24:27,22.0,25.2,95.0,5.543,0.792,3.824
13:24:27,24.3,25.2,81.0,4.2,1.1,3.6
13:24:27,25.0,25.2,67.0,4.2,1.1,3.6
13:24:27,25.2,25.2,57.0,4.2,1.1,3.6
13:24:27,24.8,25.2,71.0,4.2,1.1,3.6
13:24:27,24.7,25.2,85.0,4.2,1.1,3.6
13:24:27,21.6,25.2,99.0,5.776,0.739,3.863
13:24:27,23.5,25.2,85.0,4.615,1.005,3.669
13:24:27,24.0,25.2,71.0,4.291,1.079,3.615
13:24:27,24.2,25.2,70.0,4.21,1.098,3.602
13:24:27,23.9,25.2,84.0,4.396,1.055,3.633
13:24:27,23.8,25.2,98.0,4.451,1.042,3.642
13:24:27,20.8,25.2,112.0,6.233,0.634,3.939
13:24:27,23.0,25.2,98.0,4.946,0.929,3.724
13:24:28,23.3,25.2,84.0,4.769,0.97,3.695
13:24:28,23.3,25.2,79.0,4.721,0.981,3.687
13:24:28,23.4,25.2,85.0,4.696,0.986,3.683
13:24:28,23.0,25.2,99.0,4.936,0.931,3.723
13:24:28,20.0,25.2,113.0,6.6,0.55,4.0
13:24:28,22.4,25.2,99.0,5.259,0.857,3.777
13:24:28,23.1,25.2,85.0,4.863,0.948,3.71
13:24:28,23.3,25.2,71.0,4.749,0.974,3.691
13:24:28,23.3,25.2,77.0,4.715,0.982,3.686
13:24:28,23.6,25.2,71.0,4.534,1.023,3.656
13:24:28,19.6,25.2,85.0,6.6,0.55,4.0
13:24:28,22.6,25.2,71.0,5.155,0.881,3.759
13:24:28,23.5,25.2,57.0,4.64,0.999,3.673
13:24:28,24.0,25.2,43.0,4.315,1.074,3.619
13:24:28,24.2,25.2,56.0,4.206,1.099,3.601
13:24:28,24.2,25.2,70.0,4.2,1.1,3.6
13:24:28,20.1,25.2,84.0,6.6,0.55,4.0
13:24:28,23.4,25.2,70.0,4.677,0.991,3.68
13:24:28,24.4,25.2,56.0,4.2,1.1,3.6
13:24:28,24.6,25.2,44.0,4.2,1.1,3.6
13:24:28,24.7,25.2,58.0,4.2,1.1,3.6
13:24:28,24.7,25.2,72.0,4.2,1.1,3.6
13:24:28,20.3,25.2,86.0,6.55,0.561,3.992
13:24:28,23.5,25.2,72.0,4.644,0.998,3.674
13:24:28,24.4,25.2,58.0,4.2,1.1,3.6
13:24:29,24.7,25.2,49.0,4.2,1.1,3.6
13:24:29,24.7,25.2,63.0,4.2,1.1,3.6
13:24:29,24.7,25.2,77.0,4.2,1.1,3.6
13:24:29,20.4,25.2,91.0,6.503,0.572,3.984
13:24:29,23.1,25.2,77.0,4.852,0.951,3.709
13:24:29,23.9,25.2,63.0,4.362,1.063,3.627
13:24:29,24.2,25.2,59.0,4.221,1.095,3.603
13:24:29,24.2,25.2,73.0,4.2,1.1,3.6
13:24:29,24.2,25.2,83.0,4.2,1.1,3.6
13:24:29,19.8,25.2,97.0,6.6,0.55,4.0
13:24:29,22.9,25.2,83.0,4.99,0.919,3.732
13:24:29,23.6,25.2,69.0,4.588,1.011,3.665
13:24:29,23.7,25.2,64.0,4.486,1.034,3.648
13:24:29,23.7,25.2,78.0,4.478,1.036,3.646
13:24:29,23.7,25.2,87.0,4.474,1.037,3.646
13:24:29,19.6,25.2,101.0,6.6,0.55,4.0
13:24:29,22.6,25.2,87.0,5.161,0.88,3.76
13:24:29,23.5,25.2,73.0,4.647,0.997,3.675
13:24:29,23.6,25.2,59.0,4.532,1.024,3.655
13:24:29,23.8,25.2,71.0,4.446,1.044,3.641
13:24:29,23.8,25.2,85.0,4.459,1.041,3.643
13:24:29,19.9,25.2,99.0,6.6,0.55,4.0
13:24:29,23.0,25.2,85.0,4.94,0.93,3.723
13:24:29,23.9,25.2,71.0,4.381,1.059,3.63
13:24:29,24.2,25.2,57.0,4.221,1.095,3.603
13:24:29,24.2,25.2,69.0,4.2,1.1,3.6
13:24:30,24.2,25.2,81.0,4.2,1.1,3.6
13:24:30,20.1,25.2,95.0,6.6,0.55,4.0
13:24:30,23.4,25.2,81.0,4.698,0.986,3.683
13:24:30,24.4,25.2,67.0,4.2,1.1,3.6
13:24:30,24.6,25.2,53.0,4.2,1.1,3.6
13:24:30,24.7,25.2,66.0,4.2,1.1,3.6
13:24:30,25.1,25.2,62.0,4.2,1.1,3.6
13:24:30,20.6,25.2,76.0,6.358,0.605,3.96
13:24:30,23.9,25.2,62.0,4.402,1.054,3.634
13:24:30,24.8,25.2,48.0,4.2,1.1,3.6
13:24:30,25.1,25.2,45.0,4.2,1.1,3.6
13:24:30,25.2,25.2,59.0,4.2,1.1,3.6
13:24:30,25.2,25.2,73.0,4.2,1.1,3.6
13:24:30,20.6,25.2,87.0,6.339,0.61,3.957
13:24:30,23.9,25.2,73.0,4.396,1.055,3.633
13:24:30,24.8,25.2,59.0,4.2,1.1,3.6
13:24:30,25.1,25.2,48.0,4.2,1.1,3.6
13:24:30,25.2,25.2,62.0,4.2,1.1,3.6
13:24:30,24.8,25.2,76.0,4.2,1.1,3.6
13:24:30,24.7,25.2,90.0,4.2,1.1,3.6
13:24:30,24.7,25.2,98.0,4.2,1.1,3.6
13:24:30,24.7,25.2,95.0,4.2,1.1,3.6
13:24:30,24.4,25.2,109.0,4.2,1.1,3.6
13:24:30,24.3,25.2,108.0,4.2,1.1,3.6
13:24:31,24.2,25.2,103.0,4.2,1.1,3.6
13:24:31,23.9,25.2,117.0,4.394,1.056,3.632
13:24:31,23.7,25.2,114.0,4.471,1.038,3.645
13:24:31,23.5,25.2,119.0,4.626,1.002,3.671
13:24:31,23.4,25.2,114.0,4.675,0.991,3.679
13:24:31,23.4,25.2,108.0,4.693,0.987,3.682
13:24:31,23.4,25.2,105.0,4.698,0.986,3.683
13:24:31,23.4,25.2,103.0,4.699,0.986,3.683
13:24:31,23.4,25.2,102.0,4.7,0.985,3.683
13:24:31,23.6,25.2,88.0,4.55,1.02,3.658
13:24:31,23.7,25.2,91.0,4.523,1.026,3.654
13:24:31,24.1,25.2,77.0,4.285,1.081,3.614
13:24:31,24.2,25.2,81.0,4.222,1.095,3.604
13:24:31,24.2,25.2,88.0,4.208,1.098,3.601
13:24:31,24.5,25.2,74.0,4.2,1.1,3.6
13:24:31,24.6,25.2,80.0,4.2,1.1,3.6
13:24:31,25.0,25.2,70.0,4.2,1.1,3.6
13:24:31,25.1,25.2,75.0,4.2,1.1,3.6
13:24:31,25.2,25.2,81.0,4.2,1.1,3.6
13:24:31,25.6,25.2,68.0,4.2,1.1,3.6
13:24:31,25.6,25.2,75.0,4.2,1.1,3.6
13:24:31,25.6,25.2,84.0,4.2,1.1,3.6
13:24:31,25.6,25.2,88.0,4.2,1.1,3.6
13:24:31,25.7,25.2,86.0,4.2,1.1,3.6
13:24:31,26.1,25.2,72.0,4.2,1.1,3.6
13:24:31,26.2,25.2,74.0,4.2,1.1,3.6
13:24:32,26.2,25.2,79.0,4.2,1.1,3.6
13:24:32,26.2,25.2,82.0,4.207,1.098,3.601
13:24:32,26.6,25.2,68.0,4.464,1.04,3.644
13:24:32,26.7,25.2,71.0,4.503,1.031,3.65
13:24:32,26.7,25.2,76.0,4.527,1.025,3.654
13:24:32,27.2,25.2,62.0,4.81,0.96,3.702
13:24:32,27.4,25.2,59.0,4.926,0.934,3.721
13:24:32,27.4,25.2,71.0,4.913,0.937,3.719
13:24:32,27.4,25.2,74.0,4.933,0.932,3.722
13:24:32,27.9,25.2,60.0,5.2,0.871,3.767
13:24:32,28.0,25.2,56.0,5.298,0.848,3.783
13:24:32,28.0,25.2,65.0,5.306,0.847,3.784
13:24:32,28.0,25.2,71.0,5.298,0.848,3.783
13:24:32,28.0,25.2,73.0,5.31,0.846,3.785
13:24:32,28.0,25.2,75.0,5.296,0.849,3.783
13:24:32,28.1,25.2,74.0,5.316,0.844,3.786
13:24:32,28.0,25.2,78.0,5.276,0.853,3.779
13:24:32,22.5,25.2,92.0,5.194,0.872,3.766
13:24:32,26.1,25.2,78.0,4.2,1.1,3.6
13:24:32,27.0,25.2,64.0,4.659,0.995,3.676
13:24:32,27.4,25.2,50.0,4.907,0.938,3.718
13:24:32,27.5,25.2,51.0,4.968,0.924,3.728
13:24:32,27.4,25.2,65.0,4.95,0.928,3.725
13:24:33,23.7,25.2,79.0,4.519,1.027,3.653
13:24:33,26.4,25.2,65.0,4.331,1.07,3.622
13:24:33,27.1,25.2,51.0,4.758,0.972,3.693
13:24:33,27.4,25.2,39.0,4.927,0.933,3.721
13:24:33,27.5,25.2,53.0,4.951,0.928,3.725
13:24:33,27.5,25.2,67.0,4.958,0.926,3.726
13:24:33,23.7,25.2,81.0,4.512,1.028,3.652
13:24:33,25.9,25.2,71.0,4.2,1.1,3.6
13:24:33,26.6,25.2,57.0,4.435,1.046,3.639
13:24:33,26.8,25.2,55.0,4.536,1.023,3.656
13:24:33,26.8,25.2,68.0,4.55,1.02,3.658
13:24:33,26.4,25.2,82.0,4.308,1.075,3.618
13:24:33,22.7,25.2,96.0,5.073,0.9,3.746
13:24:33,25.3,25.2,82.0,4.2,1.1,3.6
13:24:33,26.0,25.2,68.0,4.2,1.1,3.6
13:24:33,25.8,25.2,74.0,4.2,1.1,3.6
13:24:33,25.7,25.2,82.0,4.2,1.1,3.6
13:24:33,25.7,25.2,87.0,4.2,1.1,3.6
13:24:33,22.3,25.2,101.0,5.34,0.839,3.79
13:24:33,24.7,25.2,87.0,4.2,1.1,3.6
13:24:33,25.1,25.2,73.0,4.2,1.1,3.6
13:24:33,25.2,25.2,69.0,4.2,1.1,3.6
13:24:33,25.2,25.2,79.0,4.2,1.1,3.6
13:24:33,25.2,25.2,86.0,4.2,1.1,3.6
13:24:33,21.9,25.2,100.0,5.567,0.787,3.828
13:24:34,23.9,25.2,86.0,4.38,1.059,3.63
13:24:34,24.5,25.2,72.0,4.2,1.1,3.6
13:24:34,24.7,25.2,68.0,4.2,1.1,3.6
13:24:34,24.4,25.2,82.0,4.2,1.1,3.6
13:24:34,24.3,25.2,96.0,4.2,1.1,3.6
13:24:34,21.2,25.2,110.0,6.019,0.683,3.903
13:24:34,23.4,25.2,96.0,4.685,0.989,3.681
13:24:34,24.0,25.2,82.0,4.32,1.072,3.62
13:24:34,24.2,25.2,68.0,4.205,1.099,3.601
13:24:34,24.3,25.2,77.0,4.2,1.1,3.6
13:24:34,24.2,25.2,89.0,4.205,1.099,3.601
13:24:34,21.2,25.2,103.0,6.029,0.681,3.905
13:24:34,23.4,25.2,89.0,4.704,0.984,3.684
13:24:34,24.0,25.2,75.0,4.337,1.069,3.623
13:24:34,24.2,25.2,65.0,4.218,1.096,3.603
13:24:34,24.6,25.2,61.0,4.2,1.1,3.6
13:24:34,24.7,25.2,70.0,4.2,1.1,3.6
13:24:34,21.5,25.2,84.0,5.838,0.725,3.873
13:24:34,23.8,25.2,70.0,4.445,1.044,3.641
13:24:34,24.8,25.2,56.0,4.2,1.1,3.6
13:24:34,25.1,25.2,47.0,4.2,1.1,3.6
13:24:34,25.2,25.2,61.0,4.2,1.1,3.6
13:24:34,25.2,25.2,75.0,4.2,1.1,3.6
13:24:34,21.9,25.2,89.0,5.591,0.781,3.832
13:24:34,24.6,25.2,75.0,4.2,1.1,3.6
13:24:34,25.1,25.2,61.0,4.2,1.1,3.6
13:24:34,25.6,25.2,47.0,4.2,1.1,3.6
13:24:35,25.3,25.2,61.0,4.2,1.1,3.6
13:24:35,25.3,25.2,75.0,4.2,1.1,3.6
13:24:35,21.9,25.2,89.0,5.565,0.787,3.828
13:24:35,24.3,25.2,75.0,4.2,1.1,3.6
13:24:35,25.0,25.2,61.0,4.2,1.1,3.6
13:24:35,25.2,25.2,59.0,4.2,1.1,3.6
13:24:35,25.2,25.2,73.0,4.2,1.1,3.6
13:24:35,23.4,25.2,87.0,4.678,0.99,3.68
13:24:35,21.4,25.2,101.0,5.875,0.716,3.879
13:24:35,24.2,25.2,87.0,4.219,1.096,3.603
13:24:35,24.9,25.2,73.0,4.2,1.1,3.6
13:24:35,25.1,25.2,59.0,4.2,1.1,3.6
13:24:35,25.2,25.2,69.0,4.2,1.1,3.6
13:24:35,23.4,25.2,83.0,4.695,0.987,3.682
13:24:35,21.4,25.2,97.0,5.891,0.712,3.882
13:24:35,24.1,25.2,83.0,4.236,1.092,3.606
13:24:35,24.9,25.2,69.0,4.2,1.1,3.6
13:24:35,25.1,25.2,55.0,4.2,1.1,3.6
13:24:35,25.2,25.2,68.0,4.2,1.1,3.6
13:24:35,23.4,25.2,82.0,4.683,0.989,3.681
13:24:35,21.4,25.2,96.0,5.886,0.714,3.881
13:24:35,24.1,25.2,82.0,4.24,1.091,3.607
13:24:35,24.9,25.2,68.0,4.2,1.1,3.6
13:24:36,25.2,25.2,54.0,4.2,1.1,3.6
13:24:36,25.2,25.2,68.0,4.2,1.1,3.6
13:24:36,23.4,25.2,82.0,4.664,0.994,3.677
13:24:36,23.0,25.2,96.0,4.945,0.929,3.724
13:24:36,24.6,25.2,82.0,4.2,1.1,3.6
13:24:36,25.0,25.2,68.0,4.2,1.1,3.6
13:24:36,25.2,25.2,66.0,4.2,1.1,3.6
13:24:36,25.2,25.2,78.0,4.2,1.1,3.6
13:24:36,23.4,25.2,92.0,4.672,0.992,3.679
13:24:36,22.9,25.2,106.0,4.957,0.926,3.726
13:24:36,24.6,25.2,92.0,4.2,1.1,3.6
13:24:36,25.1,25.2,78.0,4.2,1.1,3.6
13:24:36,25.2,25.2,66.0,4.2,1.1,3.6
13:24:36,25.2,25.2,78.0,4.2,1.1,3.6
13:24:36,23.4,25.2,92.0,4.666,0.993,3.678
13:24:36,22.9,25.2,106.0,5.01,0.914,3.735
13:24:36,24.6,25.2,92.0,4.2,1.1,3.6
13:24:36,25.0,25.2,78.0,4.2,1.1,3.6
13:24:36,25.1,25.2,66.0,4.2,1.1,3.6
13:24:36,25.2,25.2,76.0,4.2,1.1,3.6
13:24:36,23.4,25.2,90.0,4.672,0.992,3.679
13:24:36,22.8,25.2,104.0,5.014,0.913,3.736
13:24:36,24.5,25.2,90.0,4.2,1.1,3.6
13:24:36,25.0,25.2,76.0,4.2,1.1,3.6
13:24:36,25.2,25.2,65.0,4.2,1.1,3.6
13:24:36,25.2,25.2,79.0,4.2,1.1,3.6
13:24:36,23.3,25.2,93.0,4.711,0.983,3.685
13:24:37,22.8,25.2,107.0,5.016,0.913,3.736
13:24:37,24.5,25.2,93.0,4.2,1.1,3.6
13:24:37,25.3,25.2,79.0,4.2,1.1,3.6
13:24:37,25.6,25.2,65.0,4.2,1.1,3.6
13:24:37,25.6,25.2,72.0,4.2,1.1,3.6
13:24:37,23.8,25.2,86.0,4.452,1.042,3.642
13:24:37,23.3,25.2,100.0,4.722,0.98,3.687
13:24:37,25.1,25.2,86.0,4.2,1.1,3.6
13:24:37,25.6,25.2,72.0,4.2,1.1,3.6
13:24:37,25.7,25.2,61.0,4.2,1.1,3.6
13:24:37,25.7,25.2,75.0,4.2,1.1,3.6
13:24:37,23.8,25.2,89.0,4.457,1.041,3.643
13:24:37,23.6,25.2,103.0,4.557,1.018,3.659
13:24:37,25.4,25.2,89.0,4.2,1.1,3.6
13:24:37,26.0,25.2,75.0,4.2,1.1,3.6
13:24:37,26.2,25.2,61.0,4.2,1.1,3.6
13:24:37,26.2,25.2,71.0,4.2,1.1,3.6
13:24:37,22.9,25.2,85.0,4.968,0.924,3.728
13:24:37,23.7,25.2,99.0,4.493,1.033,3.649
13:24:37,26.0,25.2,85.0,4.2,1.1,3.6
13:24:37,27.0,25.2,71.0,4.706,0.984,3.684
13:24:37,27.3,25.2,57.0,4.861,0.949,3.71
13:24:37,27.4,25.2,47.0,4.941,0.93,3.723
13:24:37,23.6,25.2,61.0,4.562,1.017,3.66
13:24:38,26.9,25.2,47.0,4.632,1.001,3.672
13:24:38,27.8,25.2,35.0,5.159,0.88,3.76
13:24:38,28.0,25.2,35.0,5.296,0.849,3.783
13:24:38,28.1,25.2,49.0,5.32,0.843,3.787
13:24:38,28.1,25.2,62.0,5.344,0.838,3.791
13:24:38,24.2,25.2,76.0,4.23,1.093,3.605
13:24:38,26.7,25.2,62.0,4.483,1.035,3.647
13:24:38,27.3,25.2,48.0,4.848,0.952,3.708
13:24:38,27.5,25.2,49.0,4.981,0.921,3.73
13:24:38,27.5,25.2,63.0,4.99,0.919,3.732
13:24:38,27.5,25.2,74.0,4.97,0.924,3.728
13:24:38,23.9,25.2,88.0,4.356,1.064,3.626
13:24:38,27.0,25.2,74.0,4.687,0.988,3.681
13:24:38,27.8,25.2,60.0,5.183,0.875,3.764
13:24:38,28.0,25.2,46.0,5.296,0.849,3.783
13:24:38,28.1,25.2,53.0,5.32,0.843,3.787
13:24:38,28.1,25.2,62.0,5.348,0.837,3.791
13:24:38,24.1,25.2,76.0,4.236,1.092,3.606
13:24:38,27.1,25.2,62.0,4.723,0.98,3.687
13:24:38,27.9,25.2,48.0,5.229,0.864,3.771
13:24:38,28.1,25.2,35.0,5.363,0.833,3.794
13:24:38,27.7,25.2,49.0,5.115,0.89,3.753
13:24:38,27.6,25.2,63.0,5.017,0.913,3.736
13:24:38,23.7,25.2,77.0,4.472,1.038,3.645
13:24:38,26.4,25.2,63.0,4.348,1.066,3.625
13:24:38,26.8,25.2,53.0,4.542,1.022,3.657
13:24:39,26.9,25.2,64.0,4.597,1.009,3.666
13:24:39,26.9,25.2,73.0,4.6,1.008,3.667
13:24:39,26.5,25.2,87.0,4.357,1.064,3.626
13:24:39,22.9,25.2,101.0,5.008,0.915,3.735
13:24:39,25.3,25.2,87.0,4.2,1.1,3.6
13:24:39,25.7,25.2,73.0,4.2,1.1,3.6
13:24:39,25.8,25.2,71.0,4.2,1.1,3.6
13:24:39,25.7,25.2,80.0,4.2,1.1,3.6
13:24:39,25.3,25.2,94.0,4.2,1.1,3.6
13:24:39,22.0,25.2,108.0,5.509,0.8,3.818
13:24:39,23.9,25.2,94.0,4.374,1.06,3.629
13:24:39,24.5,25.2,80.0,4.2,1.1,3.6
13:24:39,24.3,25.2,90.0,4.2,1.1,3.6
13:24:39,24.3,25.2,95.0,4.2,1.1,3.6
13:24:39,24.2,25.2,96.0,4.2,1.1,3.6
13:24:39,21.0,25.2,110.0,6.146,0.654,3.924
13:24:39,23.0,25.2,96.0,4.907,0.938,3.718
13:24:39,23.6,25.2,82.0,4.563,1.017,3.661
13:24:39,23.4,25.2,90.0,4.654,0.996,3.676
13:24:39,23.4,25.2,97.0,4.681,0.99,3.68
13:24:39,23.4,25.2,99.0,4.684,0.989,3.681
13:24:39,19.4,25.2,113.0,6.6,0.55,4.0
13:24:39,22.3,25.2,99.0,5.363,0.834,3.794
13:24:39,23.0,25.2,85.0,4.894,0.941,3.716
13:24:39,23.1,25.2,72.0,4.852,0.951,3.709
13:24:40,23.3,25.2,78.0,4.746,0.975,3.691
13:24:40,23.3,25.2,87.0,4.714,0.982,3.686
13:24:40,19.4,25.2,101.0,6.6,0.55,4.0
13:24:40,22.2,25.2,87.0,5.398,0.826,3.8
13:24:40,23.3,25.2,73.0,4.716,0.982,3.686
13:24:40,23.6,25.2,59.0,4.56,1.017,3.66
13:24:40,23.7,25.2,69.0,4.475,1.037,3.646
13:24:40,23.7,25.2,83.0,4.483,1.035,3.647
13:24:40,24.1,25.2,75.0,4.27,1.084,3.612
13:24:40,24.2,25.2,82.0,4.214,1.097,3.602
13:24:40,24.2,25.2,91.0,4.227,1.094,3.604
13:24:40,24.2,25.2,91.0,4.2,1.1,3.6
13:24:40,24.2,25.2,95.0,4.202,1.1,3.6
13:24:40,24.5,25.2,81.0,4.2,1.1,3.6
13:24:40,24.7,25.2,82.0,4.2,1.1,3.6
13:24:40,24.6,25.2,90.0,4.2,1.1,3.6
13:24:40,24.6,25.2,92.0,4.2,1.1,3.6
13:24:40,25.0,25.2,78.0,4.2,1.1,3.6
13:24:40,25.1,25.2,80.0,4.2,1.1,3.6
13:24:40,25.2,25.2,84.0,4.2,1.1,3.6
13:24:40,25.1,25.2,90.0,4.2,1.1,3.6
13:24:40,25.1,25.2,92.0,4.2,1.1,3.6
13:24:40,25.5,25.2,78.0,4.2,1.1,3.6
13:24:40,25.6,25.2,79.0,4.2,1.1,3.6
13:24:40,25.6,25.2,86.0,4.2,1.1,3.6
13:24:41,25.6,25.2,86.0,4.2,1.1,3.6
13:24:41,25.7,25.2,87.0,4.2,1.1,3.6
13:24:41,25.7,25.2,88.0,4.2,1.1,3.6
13:24:41,26.1,25.2,74.0,4.2,1.1,3.6
13:24:41,26.2,25.2,75.0,4.2,1.1,3.6
13:24:41,26.2,25.2,80.0,4.203,1.099,3.6
13:24:41,26.6,25.2,66.0,4.463,1.04,3.644
13:24:41,26.8,25.2,68.0,4.541,1.022,3.657
13:24:41,27.2,25.2,54.0,4.821,0.958,3.704
13:24:41,27.4,25.2,59.0,4.919,0.935,3.72
13:24:41,27.4,25.2,70.0,4.928,0.933,3.721
13:24:41,27.9,25.2,56.0,5.199,0.871,3.766
13:24:41,28.0,25.2,58.0,5.28,0.853,3.78
13:24:41,28.0,25.2,66.0,5.301,0.848,3.783
13:24:41,28.1,25.2,68.0,5.335,0.84,3.789
13:24:41,28.1,25.2,75.0,5.314,0.845,3.786
13:24:41,28.0,25.2,76.0,5.307,0.846,3.785
13:24:41,28.1,25.2,74.0,5.333,0.84,3.789
13:24:41,28.0,25.2,78.0,5.299,0.848,3.783
13:24:41,28.1,25.2,75.0,5.328,0.842,3.788
13:24:41,27.6,25.2,89.0,5.061,0.903,3.743
13:24:41,27.5,25.2,95.0,5.001,0.916,3.733
13:24:41,27.5,25.2,92.0,4.953,0.928,3.725
13:24:42,27.4,25.2,86.0,4.948,0.929,3.725
13:24:42,27.4,25.2,85.0,4.93,0.933,3.722
13:24:42,27.4,25.2,83.0,4.928,0.933,3.721
13:24:42,27.0,25.2,97.0,4.671,0.992,3.678
13:24:42,26.8,25.2,103.0,4.561,1.017,3.66
13:24:42,26.8,25.2,92.0,4.577,1.014,3.663
13:24:42,26.8,25.2,90.0,4.546,1.021,3.658
13:24:42,26.7,25.2,89.0,4.521,1.027,3.653
13:24:42,21.8,25.2,103.0,5.653,0.767,3.842
13:24:42,25.3,25.2,89.0,4.2,1.1,3.6
13:24:42,26.9,25.2,75.0,4.602,1.008,3.667
13:24:42,27.3,25.2,61.0,4.863,0.948,3.711
13:24:42,27.4,25.2,47.0,4.921,0.935,3.72
13:24:42,27.4,25.2,60.0,4.935,0.931,3.723
13:24:42,22.3,25.2,74.0,5.344,0.838,3.791
13:24:42,26.0,25.2,60.0,4.2,1.1,3.6
13:24:42,27.6,25.2,46.0,5.022,0.912,3.737
13:24:42,28.0,25.2,35.0,5.251,0.859,3.775
13:24:42,28.1,25.2,35.0,5.338,0.839,3.79
13:24:42,28.1,25.2,49.0,5.353,0.836,3.792
13:24:42,22.7,25.2,63.0,5.107,0.892,3.751
13:24:42,26.5,25.2,49.0,4.376,1.06,3.629
13:24:42,27.7,25.2,35.0,5.107,0.892,3.751
13:24:42,28.0,25.2,35.0,5.277,0.853,3.779
13:24:42,27.6,25.2,49.0,5.069,0.901,3.745
13:24:42,27.5,25.2,63.0,5.003,0.916,3.734
13:24:42,22.3,25.2,77.0,5.321,0.843,3.787
13:24:43,25.5,25.2,67.0,4.2,1.1,3.6
13:24:43,26.5,25.2,53.0,4.377,1.06,3.629
13:24:43,26.7,25.2,46.0,4.512,1.029,3.652
13:24:43,26.4,25.2,60.0,4.312,1.074,3.619
13:24:43,26.3,25.2,74.0,4.249,1.089,3.608
13:24:43,21.2,25.2,88.0,5.975,0.693,3.896
13:24:43,24.5,25.2,74.0,4.2,1.1,3.6
13:24:43,25.4,25.2,60.0,4.2,1.1,3.6
13:24:43,25.3,25.2,70.0,4.2,1.1,3.6
13:24:43,25.3,25.2,80.0,4.2,1.1,3.6
13:24:43,24.9,25.2,94.0,4.2,1.1,3.6
13:24:43,20.2,25.2,108.0,6.589,0.553,3.998
13:24:43,22.8,25.2,102.0,5.045,0.906,3.741
13:24:43,23.2,25.2,88.0,4.803,0.962,3.701
13:24:43,22.9,25.2,102.0,4.963,0.925,3.727
13:24:43,22.5,25.2,116.0,5.204,0.87,3.767
13:24:43,22.2,25.2,130.0,5.414,0.822,3.802
13:24:43,18.3,25.2,130.0,6.6,0.55,4.0
13:24:43,20.7,25.2,116.0,6.298,0.619,3.95
13:24:43,21.4,25.2,102.0,5.888,0.713,3.881
13:24:43,21.3,25.2,98.0,5.937,0.702,3.889
13:24:43,21.3,25.2,108.0,5.959,0.697,3.893
13:24:43,21.2,25.2,113.0,5.977,0.693,3.896
13:24:43,17.9,25.2,127.0,6.6,0.55,4.0
13:24:44,20.3,25.2,113.0,6.536,0.565,3.989
13:24:44,21.0,25.2,99.0,6.118,0.66,3.92
13:24:44,21.2,25.2,85.0,6.001,0.687,3.9
13:24:44,21.5,25.2,80.0,5.812,0.731,3.869
13:24:44,21.6,25.2,93.0,5.764,0.741,3.861
13:24:44,18.1,25.2,107.0,6.6,0.55,4.0
13:24:44,20.9,25.2,93.0,6.174,0.648,3.929
13:24:44,21.7,25.2,79.0,5.696,0.757,3.849
13:24:44,22.2,25.2,65.0,5.391,0.827,3.799
13:24:44,22.6,25.2,58.0,5.137,0.885,3.756
13:24:44,23.1,25.2,55.0,4.831,0.955,3.705
13:24:44,19.5,25.2,69.0,6.6,0.55,4.0
13:24:44,22.9,25.2,55.0,4.986,0.92,3.731
13:24:44,24.2,25.2,41.0,4.209,1.098,3.601
13:24:44,24.6,25.2,35.0,4.2,1.1,3.6
13:24:44,25.0,25.2,39.0,4.2,1.1,3.6
13:24:44,25.1,25.2,53.0,4.2,1.1,3.6
13:24:44,20.8,25.2,67.0,6.211,0.639,3.935
13:24:44,24.4,25.2,53.0,4.2,1.1,3.6
13:24:44,25.4,25.2,39.0,4.2,1.1,3.6
13:24:44,25.6,25.2,44.0,4.2,1.1,3.6
13:24:44,25.7,25.2,58.0,4.2,1.1,3.6
13:24:44,25.7,25.2,72.0,4.2,1.1,3.6
13:24:44,22.7,25.2,86.0,5.107,0.892,3.751
13:24:44,25.3,25.2,72.0,4.2,1.1,3.6
13:24:44,26.0,25.2,58.0,4.2,1.1,3.6
13:24:45,26.2,25.2,53.0,4.2,1.1,3.6
13:24:45,26.2,25.2,67.0,4.213,1.097,3.602
13:24:45,26.2,25.2,79.0,4.207,1.098,3.601
13:24:45,22.5,25.2,93.0,5.241,0.861,3.774
13:24:45,24.8,25.2,79.0,4.2,1.1,3.6
13:24:45,25.5,25.2,65.0,4.2,1.1,3.6
13:24:45,26.1,25.2,51.0,4.2,1.1,3.6
13:24:45,25.8,25.2,65.0,4.2,1.1,3.6
13:24:45,26.1,25.2,68.0,4.2,1.1,3.6
13:24:45,22.7,25.2,82.0,5.095,0.895,3.749
13:24:45,25.3,25.2,68.0,4.2,1.1,3.6
13:24:45,25.9,25.2,54.0,4.2,1.1,3.6
13:24:45,26.1,25.2,55.0,4.2,1.1,3.6
13:24:45,26.2,25.2,69.0,4.205,1.099,3.601
13:24:45,26.2,25.2,78.0,4.217,1.096,3.603
13:24:45,22.7,25.2,92.0,5.098,0.894,3.75
13:24:45,24.9,25.2,78.0,4.2,1.1,3.6
13:24:45,25.8,25.2,64.0,4.2,1.1,3.6
13:24:45,26.1,25.2,50.0,4.2,1.1,3.6
13:24:45,26.2,25.2,64.0,4.2,1.1,3.6
13:24:45,26.2,25.2,77.0,4.211,1.098,3.602
13:24:45,22.7,25.2,91.0,5.111,0.891,3.752
13:24:45,25.3,25.2,77.0,4.2,1.1,3.6
13:24:45,26.0,25.2,63.0,4.2,1.1,3.6
13:24:46,26.2,25.2,56.0,4.2,1.1,3.6
13:24:46,26.2,25.2,70.0,4.2,1.1,3.6
13:24:46,26.2,25.2,79.0,4.212,1.097,3.602
13:24:46,22.7,25.2,93.0,5.083,0.898,3.747
13:24:46,25.3,25.2,79.0,4.2,1.1,3.6
13:24:46,26.0,25.2,65.0,4.2,1.1,3.6
13:24:46,26.2,25.2,57.0,4.2,1.1,3.6
13:24:46,26.2,25.2,70.0,4.219,1.096,3.603
13:24:46,26.2,25.2,79.0,4.221,1.095,3.603
13:24:46,22.7,25.2,93.0,5.085,0.897,3.747
13:24:46,25.3,25.2,79.0,4.2,1.1,3.6
13:24:46,26.0,25.2,65.0,4.2,1.1,3.6
13:24:46,26.2,25.2,54.0,4.203,1.099,3.601
13:24:46,25.8,25.2,68.0,4.2,1.1,3.6
13:24:46,26.1,25.2,76.0,4.2,1.1,3.6
13:24:46,22.6,25.2,90.0,5.132,0.886,3.755
13:24:46,25.3,25.2,76.0,4.2,1.1,3.6
13:24:46,26.0,25.2,62.0,4.2,1.1,3.6
13:24:46,26.2,25.2,53.0,4.2,1.1,3.6
13:24:46,26.2,25.2,67.0,4.205,1.099,3.601
13:24:46,26.2,25.2,79.0,4.21,1.098,3.602
13:24:46,22.7,25.2,93.0,5.127,0.887,3.755
13:24:46,25.2,25.2,79.0,4.2,1.1,3.6
13:24:46,26.0,25.2,65.0,4.2,1.1,3.6
13:24:47,26.2,25.2,54.0,4.2,1.1,3.6
13:24:47,25.9,25.2,68.0,4.2,1.1,3.6
13:24:47,26.1,25.2,76.0,4.2,1.1,3.6
13:24:47,22.6,25.2,90.0,5.136,0.886,3.756
13:24:47,25.2,25.2,76.0,4.2,1.1,3.6
13:24:47,25.9,25.2,62.0,4.2,1.1,3.6
13:24:47,26.1,25.2,54.0,4.2,1.1,3.6
13:24:47,26.2,25.2,68.0,4.206,1.099,3.601
13:24:47,26.2,25.2,79.0,4.202,1.1,3.6
13:24:47,22.4,25.2,93.0,5.283,0.852,3.781
13:24:47,25.1,25.2,79.0,4.2,1.1,3.6
13:24:47,26.0,25.2,65.0,4.2,1.1,3.6
13:24:47,26.2,25.2,52.0,4.2,1.1,3.6
13:24:47,26.2,25.2,66.0,4.2,1.1,3.6
13:24:47,26.2,25.2,77.0,4.215,1.097,3.602
13:24:47,22.7,25.2,91.0,5.109,0.892,3.752
13:24:47,25.2,25.2,77.0,4.2,1.1,3.6
13:24:47,26.0,25.2,63.0,4.2,1.1,3.6
13:24:47,26.2,25.2,54.0,4.2,1.1,3.6
13:24:47,26.2,25.2,68.0,4.2,1.1,3.6
13:24:47,25.9,25.2,82.0,4.2,1.1,3.6
13:24:47,22.6,25.2,96.0,5.167,0.878,3.761
13:24:47,25.2,25.2,82.0,4.2,1.1,3.6
13:24:47,26.0,25.2,68.0,4.2,1.1,3.6
13:24:47,26.2,25.2,54.0,4.2,1.1,3.6
13:24:47,26.2,25.2,68.0,4.216,1.096,3.603
13:24:48,26.2,25.2,77.0,4.226,1.094,3.604
13:24:48,22.7,25.2,91.0,5.085,0.897,3.748
13:24:48,25.2,25.2,77.0,4.2,1.1,3.6
13:24:48,25.9,25.2,63.0,4.2,1.1,3.6
13:24:48,26.1,25.2,55.0,4.2,1.1,3.6
13:24:48,26.2,25.2,69.0,4.2,1.1,3.6
13:24:48,26.2,25.2,77.0,4.212,1.097,3.602
13:24:48,22.7,25.2,91.0,5.083,0.898,3.747
13:24:48,25.2,25.2,77.0,4.2,1.1,3.6
13:24:48,26.0,25.2,63.0,4.2,1.1,3.6
13:24:48,26.2,25.2,51.0,4.225,1.094,3.604
13:24:48,26.2,25.2,65.0,4.213,1.097,3.602
13:24:48,26.2,25.2,78.0,4.225,1.094,3.604
13:24:48,22.8,25.2,92.0,5.048,0.906,3.741
13:24:48,25.3,25.2,78.0,4.2,1.1,3.6
13:24:48,26.0,25.2,64.0,4.2,1.1,3.6
13:24:48,26.2,25.2,55.0,4.2,1.1,3.6
13:24:48,25.9,25.2,69.0,4.2,1.1,3.6
13:24:48,26.1,25.2,76.0,4.2,1.1,3.6
13:24:48,24.1,25.2,90.0,4.251,1.088,3.609
13:24:48,25.7,25.2,76.0,4.2,1.1,3.6
13:24:48,26.1,25.2,62.0,4.2,1.1,3.6
13:24:48,26.2,25.2,67.0,4.2,1.1,3.6
13:24:48,26.2,25.2,75.0,4.218,1.096,3.603
13:24:48,25.9,25.2,89.0,4.2,1.1,3.6
13:24:49,24.2,25.2,103.0,4.2,1.1,3.6
13:24:49,25.7,25.2,89.0,4.2,1.1,3.6
13:24:49,25.7,25.2,75.0,4.2,1.1,3.6
13:24:49,26.1,25.2,65.0,4.2,1.1,3.6
13:24:49,26.2,25.2,70.0,4.202,1.099,3.6
13:24:49,26.2,25.2,77.0,4.228,1.093,3.605
13:24:49,24.4,25.2,91.0,4.2,1.1,3.6
13:24:49,25.8,25.2,77.0,4.2,1.1,3.6
13:24:49,26.1,25.2,63.0,4.2,1.1,3.6
13:24:49,26.2,25.2,69.0,4.215,1.097,3.602
13:24:49,26.3,25.2,77.0,4.232,1.093,3.605
13:24:49,26.3,20.3,63.0,6.6,0.55,4.0
13:24:49,24.4,20.3,49.0,6.043,0.678,3.907
13:24:49,25.7,20.3,35.0,6.6,0.55,4.0
13:24:49,26.1,20.3,35.0,6.6,0.55,4.0
13:24:49,26.2,20.3,35.0,6.6,0.55,4.0
13:24:49,26.2,20.3,35.0,6.6,0.55,4.0
13:24:49,26.4,20.3,35.0,6.6,0.55,4.0
13:24:49,24.4,20.3,49.0,6.071,0.671,3.912
13:24:49,25.8,20.3,35.0,6.6,0.55,4.0
13:24:49,25.8,20.3,42.0,6.6,0.55,4.0
13:24:49,25.8,20.3,49.0,6.6,0.55,4.0
13:24:49,25.8,20.3,53.0,6.6,0.55,4.0
13:24:49,25.7,20.3,56.0,6.6,0.55,4.0
13:24:50,25.7,20.3,55.0,6.6,0.55,4.0
13:24:50,25.7,20.3,57.0,6.6,0.55,4.0
13:24:50,25.7,20.3,53.0,6.6,0.55,4.0
13:24:50,25.7,20.3,53.0,6.6,0.55,4.0
13:24:50,25.7,20.3,56.0,6.6,0.55,4.0
13:24:50,25.3,20.3,70.0,6.6,0.55,4.0
13:24:50,25.2,20.3,72.0,6.551,0.561,3.992
13:24:50,25.2,20.3,66.0,6.537,0.564,3.989
13:24:50,24.8,20.3,80.0,6.302,0.618,3.95
13:24:50,24.7,20.3,79.0,6.234,0.634,3.939
13:24:50,24.3,20.3,93.0,5.987,0.69,3.898
13:24:50,24.2,20.3,82.0,5.961,0.696,3.893
13:24:50,23.9,20.3,93.0,5.754,0.744,3.859
13:24:50,23.8,20.3,86.0,5.691,0.758,3.849
13:24:50,23.5,20.3,94.0,5.515,0.799,3.819
13:24:50,23.0,20.3,108.0,5.202,0.87,3.767
13:24:50,22.5,20.3,115.0,4.948,0.928,3.725
13:24:50,22.4,20.3,104.0,4.852,0.951,3.709
13:24:50,22.1,20.3,106.0,4.685,0.989,3.681
13:24:50,22.0,20.3,98.0,4.623,1.003,3.671
13:24:50,22.0,20.3,90.0,4.616,1.005,3.669
13:24:50,22.0,20.3,85.0,4.614,1.005,3.669
13:24:50,22.2,20.3,71.0,4.756,0.973,3.693
13:24:50,22.6,20.3,57.0,4.988,0.919,3.731
13:24:50,22.7,20.3,60.0,5.046,0.906,3.741
13:24:51,23.2,20.3,46.0,5.322,0.843,3.787
13:24:51,23.5,20.3,37.0,5.549,0.791,3.825
13:24:51,24.0,20.3,35.0,5.821,0.728,3.87
13:24:51,24.2,20.3,37.0,5.924,0.705,3.887
13:24:51,24.5,20.3,35.0,6.127,0.658,3.921
13:24:51,24.6,20.3,40.0,6.187,0.645,3.931
13:24:51,25.0,20.3,35.0,6.419,0.591,3.97
13:24:51,25.1,20.3,35.0,6.492,0.575,3.982
13:24:51,25.1,20.3,45.0,6.488,0.576,3.981
13:24:51,25.2,20.3,47.0,6.518,0.569,3.986
13:24:51,25.2,20.3,49.0,6.536,0.565,3.989
13:24:51,25.1,20.3,54.0,6.51,0.571,3.985
13:24:51,25.1,20.3,55.0,6.505,0.572,3.984
13:24:51,25.2,20.3,52.0,6.529,0.566,3.988
13:24:51,25.2,20.3,54.0,6.522,0.568,3.987
13:24:51,25.2,20.3,52.0,6.54,0.564,3.99
13:24:51,24.8,20.3,66.0,6.292,0.621,3.949
13:24:51,24.7,20.3,73.0,6.229,0.635,3.938
13:24:51,24.7,20.3,67.0,6.218,0.638,3.936
13:24:51,24.6,20.3,64.0,6.198,0.642,3.933
13:24:51,24.4,20.3,77.0,6.032,0.68,3.905
13:24:51,24.3,20.3,74.0,5.98,0.692,3.897
13:24:51,21.1,20.3,88.0,4.2,1.1,3.6
13:24:51,23.0,20.3,74.0,5.237,0.862,3.773
13:24:51,23.3,20.3,60.0,5.382,0.829,3.797
13:24:51,23.3,20.3,55.0,5.423,0.82,3.804
13:24:52,23.0,20.3,69.0,5.203,0.87,3.767
13:24:52,22.8,20.3,83.0,5.125,0.888,3.754
13:24:52,19.9,20.3,97.0,4.2,1.1,3.6
13:24:52,21.7,20.3,83.0,4.423,1.049,3.637
13:24:52,21.9,20.3,69.0,4.57,1.015,3.662
13:24:52,22.0,20.3,65.0,4.613,1.005,3.669
13:24:52,22.0,20.3,71.0,4.613,1.005,3.669
13:24:52,22.0,20.3,73.0,4.62,1.004,3.67
13:24:52,19.5,20.3,87.0,4.2,1.1,3.6
13:24:52,21.3,20.3,73.0,4.208,1.098,3.601
13:24:52,22.2,20.3,59.0,4.711,0.983,3.685
13:24:52,22.3,20.3,45.0,4.81,0.96,3.702
13:24:52,22.7,20.3,38.0,5.028,0.91,3.738
13:24:52,23.2,20.3,35.0,5.322,0.843,3.787
13:24:52,20.5,20.3,49.0,4.2,1.1,3.6
13:24:52,22.9,20.3,35.0,5.15,0.882,3.758
13:24:52,23.6,20.3,35.0,5.565,0.787,3.827
13:24:52,23.7,20.3,35.0,5.663,0.765,3.844
13:24:52,24.1,20.3,35.0,5.874,0.716,3.879
13:24:52,24.2,20.3,37.0,5.935,0.702,3.889
13:24:52,21.2,20.3,51.0,4.2,1.1,3.6
13:24:52,23.4,20.3,37.0,5.448,0.814,3.808
13:24:52,24.0,20.3,35.0,5.842,0.724,3.874
13:24:52,24.2,20.3,35.0,5.936,0.702,3.889
13:24:52,24.2,20.3,41.0,5.956,0.698,3.893
13:24:53,24.3,20.3,48.0,5.976,0.693,3.896
13:24:53,21.3,20.3,62.0,4.226,1.094,3.604
13:24:53,23.1,20.3,48.0,5.301,0.848,3.783
13:24:53,23.6,20.3,35.0,5.581,0.783,3.83
13:24:53,23.8,20.3,38.0,5.681,0.761,3.847
13:24:53,23.5,20.3,52.0,5.517,0.798,3.82
13:24:53,23.4,20.3,66.0,5.463,0.81,3.811
13:24:53,20.3,20.3,80.0,4.2,1.1,3.6
13:24:53,21.9,20.3,76.0,4.535,1.023,3.656
13:24:53,22.0,20.3,69.0,4.607,1.007,3.668
13:24:53,22.0,20.3,69.0,4.638,1.0,3.673
13:24:53,21.7,20.3,83.0,4.467,1.039,3.644
13:24:53,21.7,20.3,85.0,4.422,1.049,3.637
13:24:53,19.2,20.3,99.0,4.26,1.086,3.61
13:24:53,20.7,20.3,85.0,4.2,1.1,3.6
13:24:53,20.9,20.3,71.0,4.2,1.1,3.6
13:24:53,20.9,20.3,71.0,4.2,1.1,3.6
13:24:53,20.7,20.3,85.0,4.2,1.1,3.6
13:24:53,20.6,20.3,88.0,4.2,1.1,3.6
13:24:53,18.1,20.3,102.0,4.909,0.937,3.718
13:24:53,19.6,20.3,88.0,4.2,1.1,3.6
13:24:53,19.9,20.3,74.0,4.2,1.1,3.6
13:24:53,20.0,20.3,70.0,4.2,1.1,3.6
13:24:53,19.8,20.3,84.0,4.2,1.1,3.6
13:24:53,19.7,20.3,90.0,4.2,1.1,3.6
13:24:54,16.3,20.3,104.0,6.02,0.683,3.903
13:24:54,18.5,20.3,90.0,4.682,0.99,3.68
13:24:54,19.1,20.3,76.0,4.302,1.077,3.617
13:24:54,19.3,20.3,62.0,4.2,1.1,3.6
13:24:54,19.4,20.3,72.0,4.2,1.1,3.6
13:24:54,19.4,20.3,79.0,4.2,1.1,3.6
13:24:54,16.7,20.3,93.0,5.757,0.743,3.859
13:24:54,18.9,20.3,79.0,4.469,1.038,3.645
13:24:54,19.7,20.3,65.0,4.2,1.1,3.6
13:24:54,19.9,20.3,51.0,4.2,1.1,3.6
13:24:54,20.0,20.3,63.0,4.2,1.1,3.6
13:24:54,20.1,20.3,66.0,4.2,1.1,3.6
13:24:54,17.1,20.3,80.0,5.492,0.804,3.815
13:24:54,19.3,20.3,66.0,4.2,1.1,3.6
13:24:54,19.8,20.3,52.0,4.2,1.1,3.6
13:24:54,20.0,20.3,59.0,4.2,1.1,3.6
13:24:54,19.8,20.3,73.0,4.2,1.1,3.6
13:24:54,19.7,20.3,87.0,4.2,1.1,3.6
13:24:54,16.7,20.3,101.0,5.777,0.739,3.863
13:24:54,18.6,20.3,87.0,4.598,1.009,3.666
13:24:54,19.0,20.3,73.0,4.399,1.054,3.633
13:24:54,19.1,20.3,72.0,4.337,1.069,3.623
13:24:54,18.9,20.3,86.0,4.46,1.041,3.643
13:24:54,18.8,20.3,92.0,4.476,1.037,3.646
13:24:54,16.2,20.3,106.0,6.076,0.67,3.913
13:24:54,18.1,20.3,92.0,4.926,0.934,3.721
13:24:55,18.4,20.3,78.0,4.732,0.978,3.689
13:24:55,18.5,20.3,75.0,4.685,0.989,3.681
13:24:55,18.5,20.3,83.0,4.669,0.992,3.678
13:24:55,18.5,20.3,87.0,4.663,0.994,3.677
13:24:55,16.1,20.3,101.0,6.144,0.654,3.924
13:24:55,18.0,20.3,87.0,4.972,0.923,3.729
13:24:55,18.6,20.3,73.0,4.618,1.004,3.67
13:24:55,18.9,20.3,59.0,4.419,1.05,3.636
13:24:55,19.2,20.3,57.0,4.244,1.09,3.607
13:24:55,19.3,20.3,68.0,4.2,1.1,3.6
13:24:55,16.7,20.3,82.0,5.777,0.739,3.863
13:24:55,19.0,20.3,68.0,4.373,1.06,3.629
13:24:55,19.9,20.3,54.0,4.2,1.1,3.6
13:24:55,20.4,20.3,40.0,4.2,1.1,3.6
13:24:55,20.5,20.3,51.0,4.2,1.1,3.6
13:24:55,20.8,20.3,53.0,4.2,1.1,3.6
13:24:55,17.6,20.3,67.0,5.2,0.871,3.767
13:24:55,20.0,20.3,53.0,4.2,1.1,3.6
13:24:55,20.9,20.3,39.0,4.2,1.1,3.6
13:24:55,21.2,20.3,39.0,4.2,1.1,3.6
13:24:55,21.2,20.3,53.0,4.2,1.1,3.6
13:24:55,21.3,20.3,67.0,4.2,1.1,3.6
13:24:55,18.9,20.3,81.0,4.432,1.047,3.639
13:24:55,20.6,20.3,67.0,4.2,1.1,3.6
13:24:56,21.1,20.3,53.0,4.2,1.1,3.6
13:24:56,21.2,20.3,56.0,4.2,1.1,3.6
13:24:56,21.3,20.3,66.0,4.2,1.1,3.6
13:24:56,21.3,20.3,75.0,4.2,1.1,3.6
13:24:56,18.9,20.3,89.0,4.466,1.039,3.644
13:24:56,20.3,20.3,75.0,4.2,1.1,3.6
13:24:56,20.8,20.3,61.0,4.2,1.1,3.6
13:24:56,20.9,20.3,63.0,4.2,1.1,3.6
13:24:56,20.9,20.3,72.0,4.2,1.1,3.6
13:24:56,20.7,20.3,86.0,4.2,1.1,3.6
13:24:56,18.4,20.3,100.0,4.769,0.97,3.695
13:24:56,19.9,20.3,86.0,4.2,1.1,3.6
13:24:56,20.1,20.3,72.0,4.2,1.1,3.6
13:24:56,20.2,20.3,74.0,4.2,1.1,3.6
13:24:56,20.2,20.3,77.0,4.2,1.1,3.6
13:24:56,20.0,20.3,90.0,4.2,1.1,3.6
13:24:56,17.9,20.3,104.0,5.068,0.901,3.745
13:24:56,19.4,20.3,90.0,4.2,1.1,3.6
13:24:56,19.6,20.3,76.0,4.2,1.1,3.6
13:24:56,19.7,20.3,76.0,4.2,1.1,3.6
13:24:56,19.5,20.3,90.0,4.2,1.1,3.6
13:24:56,19.4,20.3,94.0,4.2,1.1,3.6
13:24:56,17.4,20.3,108.0,5.368,0.832,3.795
13:24:56,18.8,20.3,94.0,4.508,1.03,3.651
13:24:56,19.2,20.3,80.0,4.262,1.086,3.61
13:24:57,19.3,20.3,70.0,4.2,1.1,3.6
13:24:57,19.4,20.3,77.0,4.2,1.1,3.6
13:24:57,19.3,20.3,85.0,4.2,1.1,3.6
13:24:57,17.5,20.3,99.0,5.301,0.848,3.783
13:24:57,19.1,20.3,85.0,4.334,1.069,3.622
13:24:57,19.7,20.3,71.0,4.2,1.1,3.6
13:24:57,19.9,20.3,57.0,4.2,1.1,3.6
13:24:57,20.2,20.3,60.0,4.2,1.1,3.6
13:24:57,20.2,20.3,70.0,4.2,1.1,3.6
13:24:57,18.0,20.3,84.0,4.975,0.922,3.729
13:24:57,19.8,20.3,70.0,4.2,1.1,3.6
13:24:57,20.3,20.3,56.0,4.2,1.1,3.6
13:24:57,20.7,20.3,45.0,4.2,1.1,3.6
13:24:57,20.9,20.3,58.0,4.2,1.1,3.6
13:24:57,20.9,20.3,68.0,4.2,1.1,3.6
13:24:57,18.6,20.3,82.0,4.64,0.999,3.673
13:24:57,20.3,20.3,68.0,4.2,1.1,3.6
13:24:57,21.0,20.3,54.0,4.2,1.1,3.6
13:24:57,20.9,20.3,63.0,4.2,1.1,3.6
13:24:57,20.9,20.3,72.0,4.2,1.1,3.6
13:24:57,20.9,20.3,78.0,4.2,1.1,3.6
13:24:57,18.6,20.3,92.0,4.628,1.002,3.671
13:24:57,20.0,20.3,78.0,4.2,1.1,3.6
13:24:57,20.4,20.3,64.0,4.2,1.1,3.6
13:24:58,20.5,20.3,68.0,4.2,1.1,3.6
13:24:58,20.3,20.3,82.0,4.2,1.1,3.6
13:24:58,20.2,20.3,89.0,4.2,1.1,3.6
13:24:58,18.0,20.3,103.0,4.95,0.928,3.725
13:24:58,19.6,20.3,89.0,4.2,1.1,3.6
13:24:58,20.1,20.3,75.0,4.2,1.1,3.6
13:24:58,20.2,20.3,68.0,4.2,1.1,3.6
13:24:58,20.2,20.3,75.0,4.2,1.1,3.6
13:24:58,20.2,20.3,81.0,4.2,1.1,3.6
13:24:58,17.9,20.3,95.0,5.014,0.914,3.736
13:24:58,19.5,20.3,81.0,4.2,1.1,3.6
13:24:58,19.9,20.3,67.0,4.2,1.1,3.6
13:24:58,19.7,20.3,80.0,4.2,1.1,3.6
13:24:58,19.7,20.3,86.0,4.2,1.1,3.6
13:24:58,18.6,20.3,100.0,4.635,1.0,3.673
13:24:58,17.3,20.3,114.0,5.404,0.824,3.801
13:24:58,19.0,20.3,100.0,4.365,1.062,3.628
13:24:58,19.5,20.3,86.0,4.2,1.1,3.6
13:24:58,19.6,20.3,72.0,4.2,1.1,3.6
13:24:58,19.7,20.3,74.0,4.2,1.1,3.6
13:24:58,18.8,20.3,88.0,4.515,1.028,3.653
13:24:58,18.6,20.3,102.0,4.643,0.999,3.674
13:24:58,19.8,20.3,88.0,4.2,1.1,3.6
13:24:58,20.1,20.3,74.0,4.2,1.1,3.6
13:24:58,20.4,20.3,60.0,4.2,1.1,3.6
13:24:58,20.5,20.3,66.0,4.2,1.1,3.6
13:24:59,19.6,20.3,80.0,4.2,1.1,3.6
13:24:59,19.5,20.3,94.0,4.2,1.1,3.6
13:24:59,20.8,20.3,80.0,4.2,1.1,3.6
13:24:59,21.4,20.3,66.0,4.263,1.086,3.61
13:24:59,21.6,20.3,52.0,4.352,1.065,3.625
13:24:59,21.6,20.3,62.0,4.374,1.06,3.629
13:24:59,20.6,20.3,76.0,4.2,1.1,3.6
13:24:59,20.3,20.3,90.0,4.2,1.1,3.6
13:24:59,21.5,20.3,76.0,4.336,1.069,3.623
13:24:59,22.2,20.3,62.0,4.723,0.98,3.687
13:24:59,22.6,20.3,48.0,5.005,0.916,3.734
13:24:59,23.1,20.3,35.0,5.309,0.846,3.785
13:24:59,23.6,20.3,35.0,5.584,0.783,3.831
13:24:59,23.7,20.3,39.0,5.643,0.769,3.841
13:24:59,24.1,20.3,35.0,5.86,0.72,3.877
13:24:59,24.2,20.3,41.0,5.928,0.704,3.888
13:24:59,24.5,20.3,35.0,6.13,0.658,3.922
13:24:59,24.6,20.3,41.0,6.177,0.647,3.93
13:24:59,25.0,20.3,35.0,6.422,0.591,3.97
13:24:59,25.1,20.3,35.0,6.487,0.576,3.981
13:24:59,25.1,20.3,45.0,6.469,0.58,3.978
13:24:59,25.2,20.3,45.0,6.515,0.569,3.986
13:24:59,25.2,20.3,49.0,6.512,0.57,3.985
13:24:59,25.2,20.3,49.0,6.528,0.566,3.988
13:24:59,25.2,20.3,50.0,6.533,0.565,3.989
13:25:00,25.1,20.3,54.0,6.509,0.571,3.985
13:25:00,25.2,20.3,51.0,6.53,0.566,3.988
13:25:00,25.2,20.3,53.0,6.516,0.569,3.986
13:25:00,24.8,20.3,67.0,6.326,0.613,3.954
13:25:00,24.7,20.3,73.0,6.225,0.636,3.938
13:25:00,24.6,20.3,66.0,6.209,0.64,3.935
13:25:00,24.3,20.3,80.0,6.011,0.685,3.902
13:25:00,24.3,20.3,73.0,5.979,0.692,3.896
13:25:00,24.2,20.3,71.0,5.929,0.704,3.888
13:25:00,23.8,20.3,85.0,5.718,0.752,3.853
13:25:00,23.8,20.3,75.0,5.704,0.755,3.851
13:25:00,23.5,20.3,86.0,5.519,0.798,3.82
13:25:00,23.4,20.3,81.0,5.464,0.81,3.811
13:25:00,23.0,20.3,95.0,5.196,0.872,3.766
13:25:00,22.8,20.3,90.0,5.123,0.889,3.754
13:25:00,22.5,20.3,96.0,4.936,0.931,3.723
13:25:00,22.4,20.3,89.0,4.873,0.946,3.712
13:25:00,22.1,20.3,98.0,4.678,0.991,3.68
13:25:00,22.0,20.3,89.0,4.635,1.0,3.672
13:25:00,22.0,20.3,82.0,4.628,1.002,3.671
13:25:00,22.2,20.3,68.0,4.77,0.969,3.695
13:25:00,22.3,20.3,64.0,4.828,0.956,3.705
13:25:00,22.7,20.3,50.0,5.036,0.908,3.739
13:25:00,22.8,20.3,56.0,5.075,0.9,3.746
13:25:01,23.2,20.3,42.0,5.33,0.841,3.788
13:25:01,23.6,20.3,35.0,5.559,0.788,3.827
13:25:01,23.7,20.3,39.0,5.651,0.767,3.842
13:25:01,24.1,20.3,35.0,5.871,0.717,3.878
13:25:01,24.2,20.3,39.0,5.931,0.703,3.889
13:25:01,24.2,20.3,47.0,5.952,0.698,3.892
13:25:01,24.2,20.3,53.0,5.945,0.7,3.891
13:25:01,24.2,20.3,55.0,5.945,0.7,3.891
13:25:01,24.5,20.3,41.0,6.127,0.658,3.921
13:25:01,24.3,20.3,55.0,6.011,0.685,3.902
13:25:01,24.2,20.3,63.0,5.947,0.7,3.891
13:25:01,21.3,20.3,77.0,4.2,1.1,3.6
13:25:01,23.4,20.3,63.0,5.465,0.81,3.811
13:25:01,24.0,20.3,49.0,5.812,0.731,3.869
13:25:01,24.2,20.3,35.0,5.938,0.702,3.89
13:25:01,23.9,20.3,49.0,5.747,0.746,3.858
13:25:01,23.8,20.3,63.0,5.687,0.759,3.848
13:25:01,19.9,20.3,77.0,4.2,1.1,3.6
13:25:01,22.4,20.3,63.0,4.849,0.951,3.708
13:25:01,23.1,20.3,49.0,5.275,0.854,3.779
13:25:01,22.9,20.3,52.0,5.163,0.879,3.761
13:25:01,22.6,20.3,66.0,4.96,0.926,3.727
13:25:01,22.4,20.3,79.0,4.887,0.942,3.715
13:25:01,18.8,20.3,93.0,4.516,1.028,3.653
13:25:01,21.1,20.3,79.0,4.2,1.1,3.6
13:25:01,21.5,20.3,65.0,4.329,1.07,3.622
13:25:01,21.6,20.3,56.0,4.387,1.057,3.631
13:25:02,21.6,20.3,65.0,4.389,1.057,3.632
13:25:02,21.4,20.3,79.0,4.245,1.09,3.607
13:25:02,19.0,20.3,93.0,4.374,1.06,3.629
13:25:02,20.4,20.3,79.0,4.2,1.1,3.6
13:25:02,20.8,20.3,65.0,4.2,1.1,3.6
13:25:02,20.6,20.3,74.0,4.2,1.1,3.6
13:25:02,20.6,20.3,80.0,4.2,1.1,3.6
13:25:02,20.6,20.3,78.0,4.2,1.1,3.6
13:25:02,18.2,20.3,92.0,4.875,0.945,3.713
13:25:02,19.5,20.3,80.0,4.2,1.1,3.6
13:25:02,19.8,20.3,66.0,4.2,1.1,3.6
13:25:02,19.7,20.3,78.0,4.2,1.1,3.6
13:25:02,19.5,20.3,92.0,4.2,1.1,3.6
13:25:02,19.2,20.3,102.0,4.265,1.085,3.611
13:25:02,17.2,20.3,116.0,5.45,0.814,3.808
13:25:02,18.4,20.3,102.0,4.758,0.972,3.693
13:25:02,18.7,20.3,88.0,4.556,1.018,3.659
13:25:02,18.8,20.3,75.0,4.508,1.029,3.651
13:25:02,18.6,20.3,89.0,4.626,1.002,3.671
13:25:02,18.5,20.3,93.0,4.66,0.995,3.677
13:25:02,16.7,20.3,107.0,5.744,0.746,3.857
13:25:02,18.2,20.3,93.0,4.863,0.948,3.711
13:25:02,18.6,20.3,79.0,4.616,1.005,3.669
13:25:02,19.0,20.3,65.0,4.401,1.054,3.633
13:25:03,19.1,20.3,66.0,4.347,1.066,3.624
13:25:03,19.3,20.3,65.0,4.215,1.097,3.603
13:25:03,18.5,20.3,79.0,4.671,0.992,3.678
13:25:03,19.6,20.3,65.0,4.2,1.1,3.6
13:25:03,20.1,20.3,51.0,4.2,1.1,3.6
13:25:03,20.4,20.3,45.0,4.2,1.1,3.6
13:25:03,20.5,20.3,57.0,4.2,1.1,3.6
13:25:03,19.5,20.3,71.0,4.2,1.1,3.6
13:25:03,19.3,20.3,85.0,4.227,1.094,3.604
13:25:03,20.5,20.3,71.0,4.2,1.1,3.6
13:25:03,21.0,20.3,57.0,4.2,1.1,3.6
13:25:03,21.2,20.3,47.0,4.2,1.1,3.6
13:25:03,21.2,20.3,60.0,4.2,1.1,3.6
13:25:03,20.0,20.3,74.0,4.2,1.1,3.6
13:25:03,19.5,20.3,88.0,4.2,1.1,3.6
13:25:03,20.5,20.3,74.0,4.2,1.1,3.6
13:25:03,20.8,20.3,60.0,4.2,1.1,3.6
13:25:03,20.6,20.3,74.0,4.2,1.1,3.6
13:25:03,20.6,20.3,80.0,4.2,1.1,3.6
13:25:03,19.2,20.3,94.0,4.262,1.086,3.61
13:25:03,20.0,20.3,80.0,4.2,1.1,3.6
13:25:03,20.2,20.3,71.0,4.2,1.1,3.6
13:25:03,20.1,20.3,82.0,4.2,1.1,3.6
13:25:03,19.8,20.3,94.0,4.2,1.1,3.6
13:25:03,19.7,20.3,92.0,4.2,1.1,3.6
13:25:03,18.4,20.3,106.0,4.736,0.977,3.689
13:25:04,19.1,20.3,92.0,4.3,1.077,3.617
13:25:04,19.3,20.3,78.0,4.2,1.1,3.6
13:25:04,19.2,20.3,88.0,4.272,1.083,3.612
13:25:04,19.1,20.3,91.0,4.318,1.073,3.62
13:25:04,19.1,20.3,89.0,4.325,1.071,3.621
13:25:04,17.1,20.3,103.0,5.503,0.801,3.817
13:25:04,18.5,20.3,89.0,4.662,0.994,3.677
13:25:04,19.1,20.3,75.0,4.292,1.079,3.615
13:25:04,19.3,20.3,61.0,4.202,1.099,3.6
13:25:04,19.4,20.3,69.0,4.2,1.1,3.6
13:25:04,19.4,20.3,77.0,4.2,1.1,3.6
13:25:04,17.4,20.3,91.0,5.348,0.837,3.791
13:25:04,19.0,20.3,77.0,4.357,1.064,3.626
13:25:04,19.5,20.3,63.0,4.2,1.1,3.6
13:25:04,19.6,20.3,61.0,4.2,1.1,3.6
13:25:04,19.9,20.3,60.0,4.2,1.1,3.6
13:25:04,19.9,20.3,70.0,4.2,1.1,3.6
13:25:04,18.0,20.3,84.0,4.962,0.925,3.727
13:25:04,19.6,20.3,70.0,4.2,1.1,3.6
13:25:04,19.9,20.3,56.0,4.2,1.1,3.6
13:25:04,20.0,20.3,66.0,4.2,1.1,3.6
13:25:04,20.0,20.3,73.0,4.2,1.1,3.6
13:25:04,19.8,20.3,87.0,4.2,1.1,3.6
13:25:04,17.7,20.3,101.0,5.167,0.879,3.761
13:25:05,18.9,20.3,87.0,4.424,1.049,3.637
13:25:05,19.2,20.3,73.0,4.231,1.093,3.605
13:25:05,19.1,20.3,83.0,4.294,1.078,3.616
13:25:05,19.1,20.3,85.0,4.292,1.079,3.615
13:25:05,19.1,20.3,90.0,4.336,1.069,3.623
13:25:05,16.2,20.3,104.0,6.046,0.677,3.908
13:25:05,18.1,20.3,90.0,4.927,0.933,3.721
13:25:05,18.6,20.3,76.0,4.62,1.004,3.67
13:25:05,18.7,20.3,67.0,4.536,1.023,3.656
13:25:05,18.8,20.3,77.0,4.523,1.026,3.654
13:25:05,19.0,20.3,72.0,4.38,1.059,3.63
13:25:05,16.4,20.3,86.0,5.962,0.696,3.894
13:25:05,18.5,20.3,72.0,4.652,0.996,3.675
13:25:05,19.2,20.3,58.0,4.28,1.082,3.613
13:25:05,19.5,20.3,47.0,4.2,1.1,3.6
13:25:05,19.6,20.3,61.0,4.2,1.1,3.6
13:25:05,19.9,20.3,60.0,4.2,1.1,3.6
13:25:05,17.0,20.3,74.0,5.552,0.79,3.825
13:25:05,19.3,20.3,60.0,4.217,1.096,3.603
13:25:05,20.0,20.3,46.0,4.2,1.1,3.6
13:25:05,20.2,20.3,49.0,4.2,1.1,3.6
13:25:05,20.2,20.3,63.0,4.2,1.1,3.6
13:25:05,20.1,20.3,77.0,4.2,1.1,3.6
13:25:05,17.1,20.3,91.0,5.527,0.796,3.821
13:25:05,18.9,20.3,77.0,4.418,1.05,3.636
13:25:06,19.3,20.3,66.0,4.217,1.096,3.603
13:25:06,19.1,20.3,80.0,4.307,1.075,3.618
13:25:06,19.1,20.3,88.0,4.325,1.071,3.621
13:25:06,18.9,20.3,100.0,4.456,1.041,3.643
13:25:06,16.8,20.3,114.0,5.693,0.758,3.849
13:25:06,18.0,20.3,100.0,4.97,0.924,3.728
13:25:06,18.4,20.3,86.0,4.756,0.972,3.693
13:25:06,18.2,20.3,91.0,4.833,0.955,3.706
13:25:06,18.2,20.3,92.0,4.832,0.955,3.705
13:25:06,18.1,20.3,103.0,4.941,0.93,3.724
13:25:06,16.3,20.3,117.0,6.013,0.684,3.902
13:25:06,17.7,20.3,103.0,5.171,0.878,3.762
13:25:06,18.1,20.3,89.0,4.934,0.932,3.722
13:25:06,18.2,20.3,75.0,4.861,0.949,3.71
13:25:06,18.4,20.3,73.0,4.724,0.98,3.687
13:25:06,18.5,20.3,80.0,4.689,0.988,3.682
13:25:06,16.8,20.3,94.0,5.7,0.756,3.85
13:25:06,18.4,20.3,80.0,4.716,0.982,3.686
13:25:06,19.1,20.3,66.0,4.307,1.076,3.618
13:25:06,19.7,20.3,52.0,4.2,1.1,3.6
13:25:06,20.1,20.3,45.0,4.2,1.1,3.6
13:25:06,19.2,20.3,59.0,4.262,1.086,3.61
13:25:06,18.1,20.3,73.0,4.898,0.94,3.716
13:25:06,20.2,20.3,59.0,4.2,1.1,3.6
13:25:06,20.9,20.3,45.0,4.2,1.1,3.6
13:25:07,21.2,20.3,38.0,4.2,1.1,3.6
13:25:07,21.5,20.3,43.0,4.323,1.072,3.621
13:25:07,20.3,20.3,57.0,4.2,1.1,3.6
13:25:07,18.8,20.3,71.0,4.476,1.037,3.646
13:25:07,21.1,20.3,57.0,4.2,1.1,3.6
13:25:07,21.8,20.3,43.0,4.48,1.036,3.647
13:25:07,22.0,20.3,39.0,4.593,1.01,3.666
13:25:07,22.0,20.3,53.0,4.612,1.006,3.669
13:25:07,20.9,20.3,67.0,4.2,1.1,3.6
13:25:07,20.6,20.3,81.0,4.2,1.1,3.6
13:25:07,22.2,20.3,67.0,4.748,0.974,3.691
13:25:07,22.7,20.3,53.0,5.022,0.912,3.737
13:25:07,22.8,20.3,42.0,5.087,0.897,3.748
13:25:07,22.8,20.3,56.0,5.097,0.894,3.75
13:25:07,21.4,20.3,70.0,4.264,1.085,3.611
13:25:07,21.0,20.3,84.0,4.2,1.1,3.6
13:25:07,22.3,20.3,70.0,4.797,0.963,3.7
13:25:07,22.7,20.3,56.0,5.013,0.914,3.735
13:25:07,22.8,20.3,49.0,5.077,0.899,3.746
13:25:07,22.8,20.3,58.0,5.104,0.893,3.751
13:25:07,21.4,20.3,72.0,4.25,1.089,3.608
13:25:07,21.0,20.3,86.0,4.2,1.1,3.6
13:25:07,22.3,20.3,72.0,4.786,0.966,3.698
13:25:07,22.6,20.3,58.0,5.0,0.917,3.733
13:25:07,22.7,20.3,49.0,5.066,0.902,3.744
13:25:08,22.8,20.3,56.0,5.112,0.891,3.752
13:25:08,20.2,20.3,70.0,4.2,1.1,3.6
13:25:08,22.2,20.3,56.0,4.765,0.97,3.694
13:25:08,22.7,20.3,42.0,5.053,0.904,3.742
13:25:08,22.8,20.3,44.0,5.118,0.89,3.753
13:25:08,22.8,20.3,58.0,5.106,0.892,3.751
13:25:08,22.8,20.3,63.0,5.115,0.89,3.752
13:25:08,20.2,20.3,77.0,4.2,1.1,3.6
13:25:08,22.1,20.3,63.0,4.688,0.988,3.681
13:25:08,22.4,20.3,49.0,4.845,0.952,3.708
13:25:08,22.4,20.3,56.0,4.881,0.944,3.713
13:25:08,22.5,20.3,62.0,4.901,0.939,3.717
13:25:08,22.2,20.3,76.0,4.711,0.983,3.685
13:25:08,19.6,20.3,90.0,4.2,1.1,3.6
13:25:08,21.3,20.3,76.0,4.225,1.094,3.604
13:25:08,21.8,20.3,62.0,4.517,1.027,3.653
13:25:08,22.0,20.3,53.0,4.593,1.01,3.666
13:25:08,22.0,20.3,62.0,4.618,1.004,3.67
13:25:08,22.3,20.3,52.0,4.81,0.96,3.702
13:25:08,19.8,20.3,66.0,4.2,1.1,3.6
13:25:08,21.7,20.3,52.0,4.439,1.045,3.64
13:25:08,22.5,20.3,38.0,4.92,0.935,3.72
13:25:08,22.7,20.3,35.0,5.056,0.904,3.743
13:25:08,22.8,20.3,48.0,5.088,0.897,3.748
13:25:09,22.8,20.3,58.0,5.097,0.894,3.75
13:25:09,23.2,20.3,44.0,5.34,0.839,3.79
13:25:09,23.3,20.3,48.0,5.41,0.823,3.802
13:25:09,23.4,20.3,54.0,5.431,0.818,3.805
13:25:09,23.4,20.3,59.0,5.437,0.816,3.806
13:25:09,23.4,20.3,62.0,5.439,0.816,3.807
13:25:09,23.4,20.3,61.0,5.46,0.811,3.81
13:25:09,23.0,20.3,75.0,5.197,0.872,3.766
13:25:09,22.8,20.3,86.0,5.099,0.894,3.75
13:25:09,22.5,20.3,93.0,4.913,0.937,3.719
13:25:09,22.4,20.3,85.0,4.873,0.946,3.712
13:25:09,22.1,20.3,94.0,4.687,0.988,3.681
13:25:09,22.0,20.3,87.0,4.64,0.999,3.673
13:25:09,22.0,20.3,81.0,4.628,1.002,3.671
13:25:09,22.0,20.3,77.0,4.622,1.003,3.67
13:25:09,22.0,20.3,76.0,4.611,1.006,3.669
13:25:09,22.2,20.3,62.0,4.76,0.972,3.693
13:25:09,22.3,20.3,61.0,4.818,0.958,3.703
13:25:09,22.6,20.3,50.0,5.0,0.917,3.733
13:25:09,23.1,20.3,36.0,5.308,0.846,3.785
13:25:09,23.3,20.3,39.0,5.41,0.823,3.802
13:25:09,23.6,20.3,36.0,5.573,0.785,3.829
13:25:09,23.7,20.3,45.0,5.612,0.777,3.835
13:25:09,24.1,20.3,35.0,5.856,0.72,3.876
13:25:09,24.2,20.3,39.0,5.911,0.708,3.885
13:25:09,24.2,20.3,46.0,5.935,0.702,3.889
13:25:10,24.2,20.3,53.0,5.916,0.707,3.886
13:25:10,24.5,20.3,39.0,6.138,0.656,3.923
13:25:10,24.3,20.3,53.0,6.014,0.684,3.902
13:25:10,24.3,20.3,58.0,5.98,0.692,3.897
13:25:10,24.2,20.3,58.0,5.964,0.696,3.894
13:25:10,24.2,20.3,57.0,5.962,0.696,3.894
13:25:10,24.2,20.3,58.0,5.948,0.699,3.891
13:25:10,24.2,20.3,56.0,5.952,0.699,3.892
13:25:10,24.2,20.3,56.0,5.953,0.698,3.892
13:25:10,24.2,20.3,57.0,5.934,0.703,3.889
13:25:10,23.9,20.3,71.0,5.756,0.743,3.859
13:25:10,23.7,20.3,74.0,5.661,0.765,3.844
13:25:10,23.7,20.3,66.0,5.666,0.764,3.844
13:25:10,23.7,20.3,64.0,5.65,0.768,3.842
13:25:10,23.5,20.3,75.0,5.503,0.801,3.817
13:25:10,23.4,20.3,72.0,5.459,0.811,3.81
13:25:10,22.9,20.3,86.0,5.19,0.873,3.765
13:25:10,22.8,20.3,85.0,5.099,0.894,3.75
13:25:10,22.5,20.3,90.0,4.929,0.933,3.722
13:25:10,22.1,20.3,98.0,4.706,0.984,3.684
13:25:10,22.1,20.3,88.0,4.652,0.996,3.675
13:25:10,22.0,20.3,81.0,4.62,1.004,3.67
13:25:10,22.0,20.3,77.0,4.608,1.006,3.668
13:25:10,19.5,20.3,91.0,4.2,1.1,3.6
13:25:10,21.6,20.3,77.0,4.37,1.061,3.628
13:25:11,22.2,20.3,63.0,4.724,0.98,3.687
13:25:11,22.6,20.3,49.0,4.972,0.923,3.729
13:25:11,23.1,20.3,35.0,5.3,0.848,3.783
13:25:11,23.9,20.3,35.0,5.765,0.741,3.861
13:25:11,22.3,20.3,49.0,4.822,0.957,3.704
13:25:11,23.7,20.3,35.0,5.649,0.768,3.841
13:25:11,24.1,20.3,35.0,5.894,0.712,3.882
13:25:11,24.6,20.3,35.0,6.162,0.65,3.927
13:25:11,24.7,20.3,35.0,6.231,0.635,3.939
13:25:11,24.7,20.3,35.0,6.241,0.632,3.94
13:25:11,23.1,20.3,49.0,5.281,0.852,3.78
13:25:11,24.3,20.3,35.0,5.989,0.69,3.898
13:25:11,24.6,20.3,35.0,6.185,0.645,3.931
13:25:11,25.0,20.3,35.0,6.444,0.586,3.974
13:25:11,24.8,20.3,42.0,6.302,0.618,3.95
13:25:11,23.4,20.3,56.0,5.462,0.811,3.81
13:25:11,22.8,20.3,70.0,5.084,0.897,3.747
13:25:11,24.5,20.3,56.0,6.14,0.655,3.923
13:25:11,24.7,20.3,42.0,6.227,0.635,3.938
13:25:11,24.7,20.3,35.0,6.234,0.634,3.939
13:25:11,24.7,20.3,38.0,6.242,0.632,3.94
13:25:11,23.1,20.3,52.0,5.293,0.85,3.782
13:25:11,24.3,20.3,38.0,6.004,0.687,3.901
13:25:11,24.6,20.3,35.0,6.209,0.64,3.935
13:25:11,24.4,20.3,49.0,6.043,0.678,3.907
13:25:12,24.3,20.3,55.0,5.991,0.69,3.899
13:25:12,24.3,20.3,53.0,5.986,0.691,3.898
13:25:12,21.0,20.3,67.0,4.2,1.1,3.6
13:25:12,23.0,20.3,53.0,5.212,0.868,3.769
13:25:12,23.3,20.3,39.0,5.407,0.823,3.801
13:25:12,23.0,20.3,53.0,5.207,0.869,3.768
13:25:12,22.9,20.3,67.0,5.15,0.882,3.758
13:25:12,22.5,20.3,81.0,4.917,0.936,3.719
13:25:12,19.8,20.3,95.0,4.2,1.1,3.6
13:25:12,21.2,20.3,81.0,4.2,1.1,3.6
13:25:12,21.5,20.3,67.0,4.33,1.07,3.622
13:25:12,21.3,20.3,70.0,4.227,1.094,3.605
13:25:12,21.3,20.3,71.0,4.211,1.098,3.602
13:25:12,21.0,20.3,84.0,4.2,1.1,3.6
13:25:12,18.5,20.3,98.0,4.664,0.994,3.677
13:25:12,19.9,20.3,84.0,4.2,1.1,3.6
13:25:12,20.2,20.3,70.0,4.2,1.1,3.6
13:25:12,19.8,20.3,84.0,4.2,1.1,3.6
13:25:12,19.5,20.3,96.0,4.2,1.1,3.6
13:25:12,19.2,20.3,101.0,4.247,1.089,3.608
13:25:12,16.3,20.3,115.0,5.98,0.692,3.897
13:25:12,18.1,20.3,101.0,4.892,0.941,3.715
13:25:12,18.4,20.3,87.0,4.723,0.98,3.687
13:25:12,18.3,20.3,82.0,4.809,0.96,3.701
13:25:12,18.3,20.3,85.0,4.828,0.956,3.705
13:25:13,18.1,20.3,95.0,4.949,0.928,3.725
13:25:13,15.6,20.3,109.0,6.409,0.594,3.968
13:25:13,17.3,20.3,95.0,5.383,0.829,3.797
13:25:13,18.0,20.3,81.0,4.977,0.922,3.729
13:25:13,18.2,20.3,67.0,4.869,0.947,3.712
13:25:13,18.2,20.3,69.0,4.848,0.952,3.708
13:25:13,18.4,20.3,66.0,4.717,0.982,3.686
13:25:13,16.1,20.3,80.0,6.109,0.662,3.918
13:25:13,18.0,20.3,66.0,4.968,0.924,3.728
13:25:13,18.8,20.3,52.0,4.508,1.029,3.651
13:25:13,19.2,20.3,38.0,4.248,1.089,3.608
13:25:13,19.6,20.3,41.0,4.2,1.1,3.6
13:25:13,19.9,20.3,45.0,4.2,1.1,3.6
13:25:13,17.9,20.3,59.0,5.027,0.91,3.738
13:25:13,19.5,20.3,45.0,4.2,1.1,3.6
13:25:13,20.0,20.3,39.0,4.2,1.1,3.6
13:25:13,20.4,20.3,36.0,4.2,1.1,3.6
13:25:13,20.5,20.3,50.0,4.2,1.1,3.6
13:25:13,20.6,20.3,62.0,4.2,1.1,3.6
13:25:13,18.4,20.3,76.0,4.73,0.979,3.688
13:25:13,19.9,20.3,62.0,4.2,1.1,3.6
13:25:13,20.4,20.3,48.0,4.2,1.1,3.6
13:25:13,20.5,20.3,53.0,4.2,1.1,3.6
13:25:13,20.8,20.3,49.0,4.2,1.1,3.6
13:25:13,19.5,20.3,63.0,4.2,1.1,3.6
13:25:13,18.1,20.3,77.0,4.924,0.934,3.721
13:25:14,19.9,20.3,63.0,4.2,1.1,3.6
13:25:14,20.4,20.3,49.0,4.2,1.1,3.6
13:25:14,20.5,20.3,49.0,4.2,1.1,3.6
13:25:14,20.6,20.3,59.0,4.2,1.1,3.6
13:25:14,19.4,20.3,73.0,4.2,1.1,3.6
13:25:14,19.1,20.3,87.0,4.334,1.069,3.622
13:25:14,20.1,20.3,73.0,4.2,1.1,3.6
13:25:14,20.4,20.3,59.0,4.2,1.1,3.6
13:25:14,20.5,20.3,58.0,4.2,1.1,3.6
13:25:14,20.5,20.3,65.0,4.2,1.1,3.6
13:25:14,19.4,20.3,79.0,4.2,1.1,3.6
13:25:14,19.1,20.3,93.0,4.318,1.073,3.62
13:25:14,20.1,20.3,79.0,4.2,1.1,3.6
13:25:14,20.4,20.3,65.0,4.2,1.1,3.6
13:25:14,20.5,20.3,58.0,4.2,1.1,3.6
13:25:14,20.5,20.3,66.0,4.2,1.1,3.6
13:25:14,18.4,20.3,80.0,4.745,0.975,3.691
13:25:14,20.0,20.3,66.0,4.2,1.1,3.6
13:25:14,20.4,20.3,52.0,4.2,1.1,3.6
13:25:14,20.8,20.3,41.0,4.2,1.1,3.6
13:25:14,20.9,20.3,52.0,4.2,1.1,3.6
13:25:14,20.9,20.3,62.0,4.2,1.1,3.6
13:25:14,18.7,20.3,76.0,4.548,1.02,3.658
13:25:14,20.3,20.3,62.0,4.2,1.1,3.6
13:25:14,20.7,20.3,48.0,4.2,1.1,3.6
13:25:15,20.6,20.3,62.0,4.2,1.1,3.6
13:25:15,20.6,20.3,72.0,4.2,1.1,3.6
13:25:15,20.6,20.3,73.0,4.2,1.1,3.6
13:25:15,17.5,20.3,87.0,5.269,0.855,3.778
13:25:15,19.5,20.3,73.0,4.2,1.1,3.6
13:25:15,20.0,20.3,59.0,4.2,1.1,3.6
13:25:15,20.1,20.3,55.0,4.2,1.1,3.6
13:25:15,20.2,20.3,63.0,4.2,1.1,3.6
13:25:15,20.2,20.3,70.0,4.2,1.1,3.6
13:25:15,17.4,20.3,84.0,5.333,0.84,3.789
13:25:15,19.7,20.3,70.0,4.2,1.1,3.6
13:25:15,20.3,20.3,56.0,4.2,1.1,3.6
13:25:15,20.8,20.3,42.0,4.2,1.1,3.6
13:25:15,20.9,20.3,49.0,4.2,1.1,3.6
13:25:15,20.9,20.3,59.0,4.2,1.1,3.6
13:25:15,17.8,20.3,73.0,5.089,0.896,3.748
13:25:15,20.0,20.3,59.0,4.2,1.1,3.6
13:25:15,20.7,20.3,45.0,4.2,1.1,3.6
13:25:15,20.9,20.3,44.0,4.2,1.1,3.6
13:25:15,20.9,20.3,57.0,4.2,1.1,3.6
13:25:15,21.0,20.3,63.0,4.2,1.1,3.6
13:25:15,17.8,20.2,77.0,5.045,0.906,3.741
13:25:15,19.8,20.2,63.0,4.2,1.1,3.6
13:25:15,20.4,19.6,49.0,4.2,1.1,3.6
13:25:15,20.5,19.6,35.0,4.2,1.1,3.6
13:25:16,20.3,19.1,38.0,4.323,1.072,3.621
13:25:16,20.2,19.1,52.0,4.261,1.086,3.61
13:25:16,18.0,18.6,66.0,4.2,1.1,3.6
13:25:16,19.4,18.6,52.0,4.2,1.1,3.6
13:25:16,19.6,17.7,38.0,4.754,0.973,3.692
13:25:16,19.5,17.7,43.0,4.658,0.995,3.676
13:25:16,19.2,17.0,35.0,4.921,0.935,3.72
13:25:16,18.9,17.0,49.0,4.761,0.972,3.693
13:25:16,16.8,15.8,63.0,4.214,1.097,3.602
13:25:16,18.0,15.6,49.0,5.068,0.901,3.745
13:25:16,18.0,15.6,42.0,5.046,0.906,3.741
13:25:16,18.0,15.6,54.0,5.024,0.911,3.737
13:25:16,17.8,15.4,57.0,5.049,0.905,3.742
13:25:16,17.6,15.2,62.0,5.021,0.912,3.737
13:25:16,15.7,15.2,76.0,4.2,1.1,3.6
13:25:16,16.7,15.2,67.0,4.481,1.036,3.647
13:25:16,16.6,15.2,73.0,4.417,1.05,3.636
13:25:16,16.2,15.0,79.0,4.326,1.071,3.621
13:25:16,15.8,15.0,93.0,4.2,1.1,3.6
13:25:16,15.4,15.0,103.0,4.2,1.1,3.6
13:25:16,13.7,15.0,117.0,4.373,1.06,3.629
13:25:16,14.1,15.0,109.0,4.2,1.1,3.6
13:25:16,13.9,15.0,101.0,4.239,1.091,3.607
13:25:16,13.7,15.0,102.0,4.384,1.058,3.631
13:25:17,13.5,15.0,102.0,4.5,1.031,3.65
13:25:17,13.2,15.0,105.0,4.657,0.995,3.676
13:25:17,12.0,15.0,119.0,5.388,0.828,3.798
13:25:17,12.6,15.0,105.0,5.022,0.912,3.737
13:25:17,12.6,15.0,93.0,5.049,0.905,3.742
13:25:17,12.5,15.0,96.0,5.109,0.892,3.752
13:25:17,12.5,15.0,94.0,5.126,0.888,3.754
13:25:17,12.4,15.0,96.0,5.178,0.876,3.763
13:25:17,11.4,15.0,110.0,5.772,0.74,3.862
13:25:17,12.0,15.0,96.0,5.412,0.822,3.802
13:25:17,12.1,15.0,83.0,5.317,0.844,3.786
13:25:17,12.2,15.0,85.0,5.291,0.85,3.782
13:25:17,12.2,15.0,88.0,5.292,0.85,3.782
13:25:17,12.3,15.0,85.0,5.241,0.861,3.773
13:25:17,11.4,15.0,99.0,5.736,0.748,3.856
13:25:17,12.2,15.0,85.0,5.293,0.85,3.782
13:25:17,12.5,15.0,71.0,5.129,0.887,3.755
13:25:17,12.5,15.0,75.0,5.081,0.898,3.747
13:25:17,12.7,15.0,75.0,4.995,0.918,3.732
13:25:17,12.8,15.0,75.0,4.913,0.937,3.719
13:25:17,11.5,15.0,89.0,5.712,0.753,3.852
13:25:17,12.6,15.0,75.0,5.044,0.906,3.741
13:25:17,13.0,15.0,61.0,4.818,0.958,3.703
13:25:17,13.1,15.0,67.0,4.749,0.974,3.691
13:25:17,13.2,15.0,70.0,4.668,0.993,3.678
13:25:18,13.2,15.0,76.0,4.651,0.997,3.675
13:25:18,11.9,15.0,90.0,5.456,0.812,3.809
13:25:18,13.0,15.0,76.0,4.802,0.962,3.7
13:25:18,13.3,15.0,62.0,4.6,1.008,3.667
13:25:18,13.5,15.0,64.0,4.495,1.032,3.649
13:25:18,13.5,15.0,73.0,4.477,1.037,3.646
13:25:18,13.6,15.0,77.0,4.455,1.042,3.642
13:25:18,12.2,15.0,91.0,5.305,0.847,3.784
13:25:18,13.3,15.0,77.0,4.638,1.0,3.673
13:25:18,13.7,15.0,63.0,4.379,1.059,3.63
13:25:18,13.9,15.0,58.0,4.239,1.091,3.607
13:25:18,14.0,15.0,67.0,4.2,1.1,3.6
13:25:18,14.1,15.0,68.0,4.2,1.1,3.6
13:25:18,14.3,15.0,67.0,4.2,1.1,3.6
13:25:18,14.6,15.0,61.0,4.2,1.1,3.6
13:25:18,14.8,15.0,60.0,4.2,1.1,3.6
13:25:18,14.8,15.0,67.0,4.2,1.1,3.6
13:25:18,15.0,15.0,66.0,4.2,1.1,3.6
13:25:18,15.0,15.0,70.0,4.2,1.1,3.6
13:25:18,14.9,15.0,79.0,4.2,1.1,3.6
13:25:18,14.7,15.0,88.0,4.2,1.1,3.6
13:25:18,14.6,15.0,92.0,4.2,1.1,3.6
13:25:18,14.3,15.0,98.0,4.2,1.1,3.6
13:25:18,14.1,15.0,100.0,4.2,1.1,3.6
13:25:18,13.9,15.0,100.0,4.231,1.093,3.605
13:25:19,13.8,15.0,100.0,4.333,1.07,3.622
13:25:19,13.7,15.0,94.0,4.362,1.063,3.627
13:25:19,13.7,15.0,90.0,4.372,1.061,3.629
13:25:19,13.7,15.0,87.0,4.372,1.061,3.629
13:25:19,13.7,15.0,86.0,4.37,1.061,3.628
13:25:19,13.8,15.0,80.0,4.304,1.076,3.617
13:25:19,14.0,15.0,74.0,4.211,1.097,3.602
13:25:19,14.0,15.0,78.0,4.2,1.1,3.6
13:25:19,14.1,15.0,74.0,4.2,1.1,3.6
13:25:19,14.3,15.0,71.0,4.2,1.1,3.6
13:25:19,14.4,15.0,70.0,4.2,1.1,3.6
13:25:19,14.6,15.0,68.0,4.2,1.1,3.6
13:25:19,14.8,15.0,64.0,4.2,1.1,3.6
13:25:19,14.8,15.0,70.0,4.2,1.1,3.6
13:25:19,14.9,15.0,74.0,4.2,1.1,3.6
13:25:19,14.9,15.0,77.0,4.2,1.1,3.6
13:25:19,14.7,15.0,85.0,4.2,1.1,3.6
13:25:19,14.6,15.0,90.0,4.2,1.1,3.6
13:25:19,14.4,15.0,93.0,4.2,1.1,3.6
13:25:19,14.3,15.0,96.0,4.2,1.1,3.6
13:25:19,14.1,15.0,97.0,4.2,1.1,3.6
13:25:19,14.0,15.0,92.0,4.2,1.1,3.6
13:25:19,13.9,15.0,94.0,4.243,1.09,3.607
13:25:19,13.9,15.0,92.0,4.278,1.082,3.613
13:25:19,13.9,15.0,88.0,4.282,1.081,3.614
13:25:20,13.9,15.0,87.0,4.286,1.08,3.614
13:25:20,14.0,15.0,80.0,4.218,1.096,3.603
13:25:20,14.0,15.0,81.0,4.202,1.1,3.6
13:25:20,14.1,15.0,76.0,4.2,1.1,3.6
13:25:20,14.2,15.0,77.0,4.2,1.1,3.6
13:25:20,14.3,15.0,75.0,4.2,1.1,3.6
13:25:20,14.4,15.0,71.0,4.2,1.1,3.6
13:25:20,14.6,15.0,68.0,4.2,1.1,3.6
13:25:20,14.8,15.0,66.0,4.2,1.1,3.6
13:25:20,14.8,15.0,70.0,4.2,1.1,3.6
13:25:20,14.9,15.0,75.0,4.2,1.1,3.6
13:25:20,14.2,15.0,89.0,4.2,1.1,3.6
13:25:20,13.3,15.0,103.0,4.591,1.01,3.665
13:25:20,14.2,15.0,89.0,4.2,1.1,3.6
13:25:20,14.3,15.0,75.0,4.2,1.1,3.6
13:25:20,14.2,15.0,82.0,4.2,1.1,3.6
13:25:20,14.1,15.0,89.0,4.2,1.1,3.6
13:25:20,14.0,15.0,88.0,4.2,1.1,3.6
13:25:20,12.9,15.0,102.0,4.854,0.95,3.709
13:25:20,13.6,15.0,88.0,4.441,1.045,3.64
13:25:20,13.8,15.0,74.0,4.32,1.072,3.62
13:25:20,13.9,15.0,77.0,4.282,1.081,3.614
13:25:20,13.9,15.0,81.0,4.279,1.082,3.613
13:25:20,14.0,15.0,78.0,4.213,1.097,3.602
13:25:20,12.9,15.0,92.0,4.856,0.95,3.709
13:25:21,13.7,15.0,78.0,4.376,1.06,3.629
13:25:21,14.0,15.0,64.0,4.2,1.1,3.6
13:25:21,14.1,15.0,69.0,4.2,1.1,3.6
13:25:21,14.3,15.0,69.0,4.2,1.1,3.6
13:25:21,14.3,15.0,74.0,4.2,1.1,3.6
13:25:21,12.7,15.0,88.0,4.988,0.919,3.731
13:25:21,14.0,15.0,74.0,4.2,1.1,3.6
13:25:21,14.4,15.0,60.0,4.2,1.1,3.6
13:25:21,14.5,15.0,63.0,4.2,1.1,3.6
13:25:21,14.5,15.0,72.0,4.2,1.1,3.6
13:25:21,14.5,15.0,78.0,4.2,1.1,3.6
13:25:21,12.8,15.0,92.0,4.893,0.941,3.715
13:25:21,14.1,15.0,78.0,4.2,1.1,3.6
13:25:21,14.3,15.0,65.0,4.2,1.1,3.6
13:25:21,14.3,15.0,73.0,4.2,1.1,3.6
13:25:21,14.4,15.0,77.0,4.2,1.1,3.6
13:25:21,14.4,15.0,81.0,4.2,1.1,3.6
13:25:21,12.6,15.0,95.0,5.039,0.908,3.74
13:25:21,13.7,15.0,81.0,4.354,1.065,3.626
13:25:21,14.0,15.0,70.0,4.223,1.095,3.604
13:25:21,14.0,15.0,75.0,4.2,1.1,3.6
13:25:21,14.0,15.0,80.0,4.2,1.1,3.6
13:25:21,14.0,15.0,83.0,4.2,1.1,3.6
13:25:21,12.4,15.0,97.0,5.152,0.882,3.759
13:25:21,13.6,15.0,83.0,4.456,1.041,3.643
13:25:22,13.9,15.0,69.0,4.258,1.087,3.61
13:25:22,14.1,15.0,64.0,4.2,1.1,3.6
13:25:22,14.1,15.0,74.0,4.2,1.1,3.6
13:25:22,14.2,15.0,78.0,4.2,1.1,3.6
13:25:22,13.2,15.0,92.0,4.707,0.984,3.685
13:25:22,14.0,15.0,78.0,4.2,1.1,3.6
13:25:22,14.3,15.0,65.0,4.2,1.1,3.6
13:25:22,14.2,15.0,78.0,4.2,1.1,3.6
13:25:22,14.2,15.0,81.0,4.2,1.1,3.6
13:25:22,14.2,15.0,84.0,4.2,1.1,3.6
13:25:22,13.1,15.0,98.0,4.767,0.97,3.695
13:25:22,13.8,15.0,84.0,4.33,1.07,3.622
13:25:22,14.0,15.0,74.0,4.207,1.098,3.601
13:25:22,14.0,15.0,78.0,4.2,1.1,3.6
13:25:22,14.0,15.0,82.0,4.2,1.1,3.6
13:25:22,14.0,15.0,84.0,4.2,1.1,3.6
13:25:22,12.9,15.0,98.0,4.858,0.949,3.71
13:25:22,13.7,15.0,84.0,4.371,1.061,3.628
13:25:22,14.0,15.0,70.0,4.22,1.095,3.603
13:25:22,14.1,15.0,71.0,4.2,1.1,3.6
13:25:22,14.2,15.0,76.0,4.2,1.1,3.6
13:25:22,14.2,15.0,80.0,4.2,1.1,3.6
13:25:22,13.7,15.0,94.0,4.394,1.055,3.632
13:25:22,14.2,15.0,80.0,4.2,1.1,3.6
13:25:22,14.5,15.0,67.0,4.2,1.1,3.6
13:25:23,14.5,15.0,73.0,4.2,1.1,3.6
13:25:23,14.6,15.0,77.0,4.2,1.1,3.6
13:25:23,14.5,15.0,82.0,4.2,1.1,3.6
13:25:23,13.9,15.0,96.0,4.262,1.086,3.61
13:25:23,13.6,15.0,110.0,4.423,1.049,3.637
13:25:23,14.1,15.0,96.0,4.2,1.1,3.6
13:25:23,14.2,15.0,82.0,4.2,1.1,3.6
13:25:23,14.2,15.0,83.0,4.2,1.1,3.6
13:25:23,14.1,15.0,90.0,4.2,1.1,3.6
13:25:23,13.5,15.0,104.0,4.518,1.027,3.653
13:25:23,13.3,15.0,114.0,4.621,1.004,3.67
13:25:23,13.8,15.0,100.0,4.292,1.079,3.615
13:25:23,14.1,15.0,86.0,4.2,1.1,3.6
13:25:23,14.2,15.0,75.0,4.2,1.1,3.6
13:25:23,14.3,15.0,74.0,4.2,1.1,3.6
13:25:23,13.7,15.0,88.0,4.364,1.062,3.627
13:25:23,13.7,15.0,102.0,4.405,1.053,3.634
13:25:23,14.4,15.0,88.0,4.2,1.1,3.6
13:25:23,14.7,15.0,74.0,4.2,1.1,3.6
13:25:23,14.8,15.0,65.0,4.2,1.1,3.6
13:25:23,14.9,15.0,73.0,4.2,1.1,3.6
13:25:23,15.0,15.0,74.0,4.2,1.1,3.6
13:25:23,14.3,15.0,88.0,4.2,1.1,3.6
13:25:23,14.7,15.0,77.0,4.2,1.1,3.6
13:25:23,14.7,15.0,82.0,4.2,1.1,3.6
13:25:23,14.7,15.0,83.0,4.2,1.1,3.6
13:25:24,14.6,15.0,90.0,4.2,1.1,3.6
13:25:24,14.4,15.0,95.0,4.2,1.1,3.6
13:25:24,13.7,15.0,109.0,4.379,1.059,3.63
13:25:24,14.0,15.0,96.0,4.228,1.094,3.605
13:25:24,14.0,15.0,89.0,4.2,1.1,3.6
13:25:24,13.9,15.0,93.0,4.244,1.09,3.607
13:25:24,13.9,15.0,92.0,4.258,1.087,3.61
13:25:24,13.9,15.0,92.0,4.275,1.083,3.613
13:25:24,12.8,15.0,106.0,4.92,0.935,3.72
13:25:24,13.7,15.0,92.0,4.386,1.057,3.631
13:25:24,13.9,15.0,78.0,4.251,1.088,3.609
13:25:24,14.1,15.0,70.0,4.2,1.1,3.6
13:25:24,14.2,15.0,76.0,4.2,1.1,3.6
13:25:24,14.3,15.0,75.0,4.2,1.1,3.6
13:25:24,13.3,15.0,89.0,4.591,1.01,3.665
13:25:24,14.4,15.0,75.0,4.2,1.1,3.6
13:25:24,14.9,15.0,61.0,4.2,1.1,3.6
13:25:24,15.0,15.0,61.0,4.2,1.1,3.6
13:25:24,15.2,15.0,64.0,4.2,1.1,3.6
13:25:24,15.2,15.0,72.0,4.2,1.1,3.6
13:25:24,13.9,15.0,86.0,4.232,1.093,3.605
13:25:24,14.9,15.0,72.0,4.2,1.1,3.6
13:25:24,15.0,15.0,70.0,4.2,1.1,3.6
13:25:25,15.1,15.0,76.0,4.2,1.1,3.6
13:25:25,15.1,15.0,80.0,4.2,1.1,3.6
13:25:25,14.9,15.0,88.0,4.2,1.1,3.6
13:25:25,13.6,15.0,102.0,4.457,1.041,3.643
13:25:25,14.2,15.0,93.0,4.2,1.1,3.6
13:25:25,14.2,15.0,89.0,4.2,1.1,3.6
13:25:25,14.1,15.0,94.0,4.2,1.1,3.6
13:25:25,14.0,15.0,98.0,4.226,1.094,3.604
13:25:25,13.9,15.0,95.0,4.251,1.088,3.609
13:25:25,12.3,15.0,109.0,5.246,0.86,3.774
13:25:25,13.3,15.0,95.0,4.618,1.004,3.67
13:25:25,13.6,15.0,81.0,4.439,1.045,3.64
13:25:25,13.7,15.0,78.0,4.389,1.057,3.631
13:25:25,13.8,15.0,78.0,4.309,1.075,3.618
13:25:25,14.0,15.0,76.0,4.211,1.098,3.602
13:25:25,12.4,15.0,90.0,5.149,0.883,3.758
13:25:25,13.7,15.0,76.0,4.374,1.06,3.629
13:25:25,14.3,15.0,62.0,4.2,1.1,3.6
13:25:25,14.6,15.0,55.0,4.2,1.1,3.6
13:25:25,14.9,15.0,55.0,4.2,1.1,3.6
13:25:25,15.0,15.0,65.0,4.2,1.1,3.6
13:25:25,13.3,15.0,79.0,4.62,1.004,3.67
13:25:25,14.7,15.0,65.0,4.2,1.1,3.6
13:25:25,15.1,15.0,54.0,4.2,1.1,3.6
13:25:25,15.3,15.0,57.0,4.2,1.1,3.6
13:25:25,15.4,15.0,66.0,4.2,1.1,3.6
13:25:25,15.3,15.0,80.0,4.2,1.1,3.6
13:25:26,13.4,15.0,94.0,4.575,1.014,3.662
13:25:26,14.7,15.0,80.0,4.2,1.1,3.6
13:25:26,15.0,15.0,66.0,4.2,1.1,3.6
13:25:26,15.0,15.0,72.0,4.2,1.1,3.6
13:25:26,14.8,15.0,86.0,4.2,1.1,3.6
13:25:26,14.5,15.0,100.0,4.2,1.1,3.6
13:25:26,13.1,15.0,114.0,4.724,0.98,3.687
13:25:26,13.8,15.0,100.0,4.335,1.069,3.623
13:25:26,13.9,15.0,90.0,4.283,1.081,3.614
13:25:26,13.8,15.0,95.0,4.34,1.068,3.623
13:25:26,13.6,15.0,100.0,4.429,1.047,3.638
13:25:26,13.6,15.0,98.0,4.454,1.042,3.642
13:25:26,12.5,15.0,112.0,5.089,0.896,3.748
13:25:26,13.2,15.0,98.0,4.697,0.986,3.683
13:25:26,13.4,15.0,84.0,4.569,1.015,3.662
13:25:26,13.4,15.0,86.0,4.55,1.02,3.658
13:25:26,13.5,15.0,84.0,4.483,1.035,3.647
13:25:26,13.5,15.0,87.0,4.473,1.037,3.646
13:25:26,12.6,15.0,101.0,5.048,0.906,3.741
13:25:26,12.9,15.0,101.0,4.832,0.955,3.705
13:25:26,13.7,15.0,87.0,4.355,1.065,3.626
13:25:26,14.1,15.0,73.0,4.2,1.1,3.6
13:25:26,14.3,15.0,64.0,4.2,1.1,3.6
13:25:26,14.6,15.0,62.0,4.2,1.1,3.6
13:25:27,13.6,15.0,76.0,4.447,1.043,3.641
13:25:27,14.1,15.0,85.0,4.2,1.1,3.6
13:25:27,15.1,15.0,71.0,4.2,1.1,3.6
13:25:27,15.4,15.0,57.0,4.2,1.1,3.6
13:25:27,15.9,15.0,44.0,4.2,1.1,3.6
13:25:27,16.1,15.0,49.0,4.284,1.081,3.614
13:25:27,15.6,15.0,63.0,4.2,1.1,3.6
13:25:27,15.6,15.0,77.0,4.2,1.1,3.6
13:25:27,16.6,15.0,63.0,4.562,1.017,3.66
13:25:27,16.9,15.0,49.0,4.739,0.976,3.69
13:25:27,17.0,15.0,56.0,4.773,0.969,3.695
13:25:27,17.1,15.0,56.0,4.89,0.942,3.715
13:25:27,15.6,15.0,70.0,4.2,1.1,3.6
13:25:27,15.9,15.0,84.0,4.2,1.1,3.6
13:25:27,16.9,15.0,70.0,4.719,0.981,3.687
13:25:27,17.1,15.0,56.0,4.859,0.949,3.71
13:25:27,17.2,15.0,56.0,4.914,0.936,3.719
13:25:27,17.2,15.0,65.0,4.922,0.935,3.72
13:25:27,15.6,15.0,79.0,4.2,1.1,3.6
13:25:27,16.1,15.0,93.0,4.233,1.092,3.606
13:25:27,17.1,15.0,79.0,4.848,0.952,3.708
13:25:27,17.4,15.0,65.0,5.022,0.912,3.737
13:25:27,17.4,15.0,53.0,5.062,0.902,3.744
13:25:27,17.4,15.0,62.0,5.068,0.901,3.745
13:25:27,15.8,15.0,76.0,4.2,1.1,3.6
13:25:27,16.1,15.0,90.0,4.258,1.087,3.61
13:25:28,17.1,15.0,76.0,4.832,0.955,3.705
13:25:28,17.3,15.0,62.0,5.004,0.916,3.734
13:25:28,17.4,15.0,53.0,5.055,0.904,3.743
13:25:28,17.3,15.0,67.0,4.973,0.923,3.729
13:25:28,17.2,15.0,74.0,4.948,0.929,3.725
13:25:28,17.2,15.0,75.0,4.931,0.933,3.722
13:25:28,17.2,15.0,73.0,4.945,0.929,3.724
13:25:28,17.2,15.0,75.0,4.924,0.934,3.721
13:25:28,17.2,15.0,74.0,4.928,0.933,3.721
13:25:28,17.2,15.0,75.0,4.911,0.937,3.718
13:25:28,17.2,15.0,73.0,4.928,0.933,3.721
13:25:28,17.2,15.0,73.0,4.928,0.933,3.721
13:25:28,17.2,15.0,74.0,4.91,0.937,3.718
13:25:28,17.2,15.0,72.0,4.931,0.933,3.722
13:25:28,17.2,15.0,72.0,4.931,0.932,3.722
13:25:28,17.2,15.0,74.0,4.92,0.935,3.72
13:25:28,17.4,15.0,64.0,5.026,0.911,3.738
13:25:28,17.4,15.0,65.0,5.056,0.904,3.743
13:25:28,17.4,15.0,68.0,5.059,0.903,3.743
13:25:28,17.4,15.0,69.0,5.069,0.901,3.745
13:25:28,17.5,15.0,70.0,5.07,0.901,3.745
13:25:28,17.4,15.0,71.0,5.058,0.903,3.743
13:25:28,17.2,15.0,81.0,4.95,0.928,3.725
13:25:28,17.2,15.0,77.0,4.941,0.93,3.724
13:25:28,17.2,15.0,75.0,4.937,0.931,3.723
13:25:29,17.2,15.0,74.0,4.927,0.933,3.721
13:25:29,17.2,15.0,74.0,4.92,0.935,3.72
13:25:29,17.2,15.0,73.0,4.921,0.935,3.72
13:25:29,17.2,15.0,73.0,4.913,0.937,3.719
13:25:29,17.2,15.0,73.0,4.906,0.938,3.718
13:25:29,17.4,15.0,63.0,5.014,0.913,3.736
13:25:29,17.4,15.0,63.0,5.05,0.905,3.742
13:25:29,17.4,15.0,66.0,5.056,0.904,3.743
13:25:29,17.4,15.0,68.0,5.056,0.904,3.743
13:25:29,17.4,15.0,69.0,5.055,0.904,3.743
13:25:29,17.4,15.0,68.0,5.065,0.902,3.744
13:25:29,17.4,15.0,69.0,5.063,0.902,3.744
13:25:29,17.3,15.0,79.0,4.954,0.927,3.726
13:25:29,17.2,15.0,78.0,4.92,0.935,3.72
13:25:29,17.2,15.0,75.0,4.91,0.937,3.718
13:25:29,17.2,15.0,72.0,4.918,0.936,3.72
13:25:29,17.0,15.0,80.0,4.819,0.958,3.703
13:25:29,17.0,15.0,78.0,4.798,0.963,3.7
13:25:29,17.0,15.0,76.0,4.778,0.968,3.696
13:25:29,17.0,15.0,74.0,4.775,0.968,3.696
13:25:29,16.8,15.0,81.0,4.681,0.99,3.68
13:25:29,16.8,15.0,79.0,4.657,0.995,3.676
13:25:29,16.5,15.0,87.0,4.523,1.026,3.654
13:25:29,16.5,15.0,83.0,4.495,1.032,3.649
13:25:29,16.3,15.0,88.0,4.388,1.057,3.631
13:25:30,16.1,15.0,91.0,4.275,1.083,3.612
13:25:30,15.9,15.0,94.0,4.2,1.1,3.6
13:25:30,14.5,15.0,108.0,4.2,1.1,3.6
13:25:30,15.3,15.0,94.0,4.2,1.1,3.6
13:25:30,15.6,15.0,80.0,4.2,1.1,3.6
13:25:30,15.5,15.0,77.0,4.2,1.1,3.6
13:25:30,15.4,15.0,80.0,4.2,1.1,3.6
13:25:30,15.4,15.0,80.0,4.2,1.1,3.6
13:25:30,14.1,15.0,94.0,4.2,1.1,3.6
13:25:30,14.4,15.0,101.0,4.2,1.1,3.6
13:25:30,15.2,15.0,87.0,4.2,1.1,3.6
13:25:30,15.3,15.0,73.0,4.2,1.1,3.6
13:25:30,15.4,15.0,66.0,4.2,1.1,3.6
13:25:30,15.4,15.0,72.0,4.2,1.1,3.6
13:25:30,14.1,15.0,86.0,4.2,1.1,3.6
13:25:30,14.5,15.0,94.0,4.2,1.1,3.6
13:25:30,15.3,15.0,80.0,4.2,1.1,3.6
13:25:30,15.5,15.0,66.0,4.2,1.1,3.6
13:25:30,15.6,15.0,63.0,4.2,1.1,3.6
13:25:30,15.7,15.0,63.0,4.2,1.1,3.6
13:25:30,14.4,15.0,77.0,4.2,1.1,3.6
13:25:30,14.7,15.0,91.0,4.2,1.1,3.6
13:25:30,15.5,15.0,77.0,4.2,1.1,3.6
13:25:30,15.7,15.0,63.0,4.2,1.1,3.6
13:25:31,15.8,15.0,62.0,4.2,1.1,3.6
13:25:31,15.8,15.0,69.0,4.2,1.1,3.6
13:25:31,14.3,15.0,83.0,4.2,1.1,3.6
13:25:31,14.6,15.0,97.0,4.2,1.1,3.6
13:25:31,15.3,15.0,83.0,4.2,1.1,3.6
13:25:31,15.4,15.0,69.0,4.2,1.1,3.6
13:25:31,15.4,15.0,71.0,4.2,1.1,3.6
13:25:31,15.4,15.0,73.0,4.2,1.1,3.6
13:25:31,14.1,15.0,87.0,4.2,1.1,3.6
13:25:31,14.4,15.0,99.0,4.2,1.1,3.6
13:25:31,15.2,15.0,85.0,4.2,1.1,3.6
13:25:31,15.2,15.0,71.0,4.2,1.1,3.6
13:25:31,15.2,15.0,71.0,4.2,1.1,3.6
13:25:31,15.3,15.0,74.0,4.2,1.1,3.6
13:25:31,13.9,15.0,88.0,4.238,1.091,3.606
13:25:31,14.1,15.0,102.0,4.2,1.1,3.6
13:25:31,14.8,15.0,88.0,4.2,1.1,3.6
13:25:31,15.0,15.0,74.0,4.2,1.1,3.6
13:25:31,15.0,15.0,70.0,4.2,1.1,3.6
13:25:31,14.9,15.0,81.0,4.2,1.1,3.6
13:25:31,13.5,15.0,95.0,4.49,1.033,3.648
13:25:31,13.6,15.0,109.0,4.424,1.049,3.637
13:25:31,14.2,15.0,95.0,4.2,1.1,3.6
13:25:31,14.3,15.0,81.0,4.2,1.1,3.6
13:25:31,14.3,15.0,80.0,4.2,1.1,3.6
13:25:32,14.1,15.0,90.0,4.2,1.1,3.6
13:25:32,12.9,15.0,104.0,4.854,0.95,3.709
13:25:32,13.1,15.0,110.0,4.735,0.977,3.689
13:25:32,13.8,15.0,96.0,4.344,1.067,3.624
13:25:32,14.0,15.0,82.0,4.226,1.094,3.604
13:25:32,14.0,15.0,73.0,4.2,1.1,3.6
13:25:32,14.0,15.0,79.0,4.2,1.1,3.6
13:25:32,13.5,15.0,93.0,4.49,1.033,3.648
13:25:32,13.5,15.0,100.0,4.507,1.03,3.651
13:25:32,14.2,15.0,86.0,4.2,1.1,3.6
13:25:32,14.6,15.0,72.0,4.2,1.1,3.6
13:25:32,14.8,15.0,59.0,4.2,1.1,3.6
13:25:32,14.9,15.0,67.0,4.2,1.1,3.6
13:25:32,14.3,15.0,81.0,4.2,1.1,3.6
13:25:32,14.2,15.0,95.0,4.2,1.1,3.6
13:25:32,14.8,15.0,81.0,4.2,1.1,3.6
13:25:32,15.0,15.0,67.0,4.2,1.1,3.6
13:25:32,15.1,15.0,70.0,4.2,1.1,3.6
13:25:32,15.1,15.0,75.0,4.2,1.1,3.6
13:25:32,14.4,15.0,89.0,4.2,1.1,3.6
13:25:32,14.2,15.0,103.0,4.2,1.1,3.6
13:25:32,14.8,15.0,89.0,4.2,1.1,3.6
13:25:32,15.0,15.0,75.0,4.2,1.1,3.6
13:25:32,15.0,15.0,72.0,4.2,1.1,3.6
13:25:32,14.9,15.0,82.0,4.2,1.1,3.6
13:25:33,14.1,15.0,96.0,4.2,1.1,3.6
13:25:33,13.8,15.0,110.0,4.315,1.074,3.619
13:25:33,14.2,15.0,96.0,4.2,1.1,3.6
13:25:33,14.2,15.0,85.0,4.2,1.1,3.6
13:25:33,14.2,15.0,85.0,4.2,1.1,3.6
13:25:33,14.1,15.0,90.0,4.2,1.1,3.6
13:25:33,13.5,15.0,104.0,4.515,1.028,3.653
13:25:33,13.3,15.0,113.0,4.621,1.004,3.67
13:25:33,13.8,15.0,99.0,4.301,1.077,3.617
13:25:33,14.0,15.0,85.0,4.212,1.097,3.602
13:25:33,14.1,15.0,73.0,4.2,1.1,3.6
13:25:33,14.2,15.0,77.0,4.2,1.1,3.6
13:25:33,13.7,15.0,91.0,4.392,1.056,3.632
13:25:33,13.1,15.0,105.0,4.746,0.975,3.691
13:25:33,14.2,15.0,91.0,4.2,1.1,3.6
13:25:33,14.7,15.0,77.0,4.2,1.1,3.6
13:25:33,15.0,15.0,63.0,4.2,1.1,3.6
13:25:33,15.0,15.0,64.0,4.2,1.1,3.6
13:25:33,14.4,15.0,78.0,4.2,1.1,3.6
13:25:33,13.7,15.0,92.0,4.386,1.057,3.631
13:25:33,14.8,15.0,78.0,4.2,1.1,3.6
13:25:33,15.3,15.0,64.0,4.2,1.1,3.6
13:25:33,15.4,15.0,58.0,4.2,1.1,3.6
13:25:33,15.4,15.0,66.0,4.2,1.1,3.6
13:25:33,14.8,15.0,80.0,4.2,1.1,3.6
13:25:34,14.0,15.0,94.0,4.2,1.1,3.6
13:25:34,15.2,15.0,80.0,4.2,1.1,3.6
13:25:34,15.5,15.0,66.0,4.2,1.1,3.6
13:25:34,15.6,15.0,61.0,4.2,1.1,3.6
13:25:34,15.6,15.0,69.0,4.2,1.1,3.6
13:25:34,14.9,15.0,83.0,4.2,1.1,3.6
13:25:34,14.7,15.0,97.0,4.2,1.1,3.6
13:25:34,15.4,15.0,83.0,4.2,1.1,3.6
13:25:34,15.6,15.0,69.0,4.2,1.1,3.6
13:25:34,15.6,15.0,70.0,4.2,1.1,3.6
13:25:34,15.6,15.0,74.0,4.2,1.1,3.6
13:25:34,14.9,15.0,88.0,4.2,1.1,3.6
13:25:34,14.6,15.0,102.0,4.2,1.1,3.6
13:25:34,15.4,15.0,88.0,4.2,1.1,3.6
13:25:34,15.4,15.0,74.0,4.2,1.1,3.6
13:25:34,15.4,15.0,74.0,4.2,1.1,3.6
13:25:34,15.6,15.0,70.0,4.2,1.1,3.6
13:25:34,14.9,15.0,84.0,4.2,1.1,3.6
13:25:34,14.7,15.0,98.0,4.2,1.1,3.6
13:25:34,15.4,15.0,84.0,4.2,1.1,3.6
13:25:34,15.6,15.0,70.0,4.2,1.1,3.6
13:25:34,15.6,15.0,70.0,4.2,1.1,3.6
13:25:34,15.6,15.0,73.0,4.2,1.1,3.6
13:25:34,15.0,15.0,87.0,4.2,1.1,3.6
13:25:34,14.9,15.0,101.0,4.2,1.1,3.6
13:25:35,15.6,15.0,87.0,4.2,1.1,3.6
13:25:35,15.6,15.0,73.0,4.2,1.1,3.6
13:25:35,15.6,15.0,72.0,4.2,1.1,3.6
13:25:35,15.6,15.0,76.0,4.2,1.1,3.6
13:25:35,14.9,15.0,90.0,4.2,1.1,3.6
13:25:35,14.1,15.0,104.0,4.2,1.1,3.6
13:25:35,15.2,15.0,90.0,4.2,1.1,3.6
13:25:35,15.4,15.0,76.0,4.2,1.1,3.6
13:25:35,15.6,15.0,62.0,4.2,1.1,3.6
13:25:35,15.6,15.0,69.0,4.2,1.1,3.6
13:25:35,14.9,15.0,83.0,4.2,1.1,3.6
13:25:35,14.8,15.0,97.0,4.2,1.1,3.6
13:25:35,15.4,15.0,83.0,4.2,1.1,3.6
13:25:35,15.6,15.0,69.0,4.2,1.1,3.6
13:25:35,15.5,15.0,75.0,4.2,1.1,3.6
13:25:35,15.6,15.0,72.0,4.2,1.1,3.6
13:25:35,14.9,15.0,86.0,4.2,1.1,3.6
13:25:35,14.7,15.0,100.0,4.2,1.1,3.6
13:25:35,15.4,15.0,86.0,4.2,1.1,3.6
13:25:35,15.4,15.0,72.0,4.2,1.1,3.6
13:25:35,15.4,15.0,74.0,4.2,1.1,3.6
13:25:35,15.4,15.0,78.0,4.2,1.1,3.6
13:25:35,14.8,15.0,92.0,4.2,1.1,3.6
13:25:35,14.6,15.0,105.0,4.2,1.1,3.6
13:25:35,15.2,15.0,91.0,4.2,1.1,3.6
13:25:36,15.4,15.0,77.0,4.2,1.1,3.6
13:25:36,15.4,15.0,70.0,4.2,1.1,3.6
13:25:36,15.5,15.0,74.0,4.2,1.1,3.6
13:25:36,14.7,15.0,88.0,4.2,1.1,3.6
13:25:36,14.6,15.0,102.0,4.2,1.1,3.6
13:25:36,15.3,15.0,88.0,4.2,1.1,3.6
13:25:36,15.6,15.0,74.0,4.2,1.1,3.6
13:25:36,15.6,15.0,66.0,4.2,1.1,3.6
13:25:36,15.8,15.0,65.0,4.2,1.1,3.6
13:25:36,15.1,15.0,79.0,4.2,1.1,3.6
13:25:36,15.1,15.0,93.0,4.2,1.1,3.6
13:25:36,15.8,15.0,79.0,4.2,1.1,3.6
13:25:36,16.1,15.0,65.0,4.272,1.084,3.612
13:25:36,16.2,15.0,58.0,4.325,1.071,3.621
13:25:36,16.4,15.0,57.0,4.445,1.044,3.641
13:25:36,15.7,15.0,71.0,4.2,1.1,3.6
13:25:36,15.7,15.0,85.0,4.2,1.1,3.6
13:25:36,16.4,15.0,71.0,4.468,1.039,3.645
13:25:36,16.7,15.0,57.0,4.597,1.009,3.666
13:25:36,16.7,15.0,57.0,4.645,0.998,3.674
13:25:36,16.8,15.0,64.0,4.664,0.994,3.677
13:25:36,15.9,15.0,78.0,4.2,1.1,3.6
13:25:36,15.7,15.0,92.0,4.2,1.1,3.6
13:25:36,16.3,15.0,78.0,4.371,1.061,3.628
13:25:36,16.4,15.0,64.0,4.458,1.041,3.643
13:25:37,16.3,15.0,75.0,4.382,1.058,3.63
13:25:37,16.3,15.0,76.0,4.369,1.061,3.628
13:25:37,15.4,15.0,90.0,4.2,1.1,3.6
13:25:37,15.1,15.0,104.0,4.2,1.1,3.6
13:25:37,15.6,15.0,90.0,4.2,1.1,3.6
13:25:37,15.6,15.0,76.0,4.2,1.1,3.6
13:25:37,15.7,15.0,76.0,4.2,1.1,3.6
13:25:37,15.5,15.0,84.0,4.2,1.1,3.6
13:25:37,14.6,15.0,98.0,4.2,1.1,3.6
13:25:37,14.3,15.0,112.0,4.2,1.1,3.6
13:25:37,14.8,15.0,98.0,4.2,1.1,3.6
13:25:37,15.0,15.0,84.0,4.2,1.1,3.6
13:25:37,14.9,15.0,80.0,4.2,1.1,3.6
13:25:37,14.6,15.0,94.0,4.2,1.1,3.6
13:25:37,13.8,15.0,108.0,4.292,1.079,3.615
13:25:37,13.5,15.0,122.0,4.486,1.034,3.648
13:25:37,13.9,15.0,108.0,4.263,1.086,3.61
13:25:37,14.0,15.0,94.0,4.2,1.1,3.6
13:25:37,13.9,15.0,88.0,4.252,1.088,3.609
13:25:37,13.9,15.0,87.0,4.254,1.088,3.609
13:25:37,13.9,15.0,87.0,4.264,1.085,3.611
13:25:37,13.9,15.0,87.0,4.267,1.085,3.611
13:25:37,14.0,15.0,81.0,4.204,1.099,3.601
13:25:37,14.0,15.0,83.0,4.2,1.1,3.6
13:25:37,14.1,15.0,78.0,4.2,1.1,3.6
13:25:38,14.3,15.0,73.0,4.2,1.1,3.6
13:25:38,14.6,15.0,66.0,4.2,1.1,3.6
13:25:38,14.8,15.0,64.0,4.2,1.1,3.6
13:25:38,15.0,15.0,64.0,4.2,1.1,3.6
13:25:38,15.1,15.0,66.0,4.2,1.1,3.6
13:25:38,15.2,15.0,69.0,4.2,1.1,3.6
13:25:38,15.2,15.0,74.0,4.2,1.1,3.6
13:25:38,15.2,15.0,77.0,4.2,1.1,3.6
13:25:38,15.2,15.0,78.0,4.2,1.1,3.6
13:25:38,15.2,15.0,79.0,4.2,1.1,3.6
13:25:38,15.0,15.0,89.0,4.2,1.1,3.6
13:25:38,15.0,15.0,86.0,4.2,1.1,3.6
13:25:38,15.1,15.0,81.0,4.2,1.1,3.6
13:25:38,14.9,15.0,88.0,4.2,1.1,3.6
13:25:38,14.8,15.0,94.0,4.2,1.1,3.6
13:25:38,14.6,15.0,97.0,4.2,1.1,3.6
13:25:38,14.4,15.0,98.0,4.2,1.1,3.6
13:25:38,14.3,15.0,100.0,4.2,1.1,3.6
13:25:38,14.2,15.0,95.0,4.2,1.1,3.6
13:25:38,14.1,15.0,96.0,4.2,1.1,3.6
13:25:38,14.0,15.0,93.0,4.2,1.1,3.6
13:25:38,14.0,15.0,90.0,4.2,1.1,3.6
13:25:38,14.0,15.0,88.0,4.2,1.1,3.6
13:25:38,14.0,15.0,87.0,4.2,1.1,3.6
13:25:39,14.0,15.0,87.0,4.2,1.1,3.6
13:25:39,14.1,15.0,81.0,4.2,1.1,3.6
13:25:39,14.2,15.0,81.0,4.2,1.1,3.6
13:25:39,14.2,15.0,83.0,4.2,1.1,3.6
13:25:39,14.3,15.0,78.0,4.2,1.1,3.6
13:25:39,14.4,15.0,75.0,4.2,1.1,3.6
13:25:39,14.5,15.0,77.0,4.2,1.1,3.6
13:25:39,14.6,15.0,73.0,4.2,1.1,3.6
13:25:39,14.7,15.0,77.0,4.2,1.1,3.6
13:25:39,14.7,15.0,80.0,4.2,1.1,3.6
13:25:39,14.5,15.0,88.0,4.2,1.1,3.6
13:25:39,14.4,15.0,92.0,4.2,1.1,3.6
13:25:39,14.3,15.0,92.0,4.2,1.1,3.6
13:25:39,14.2,15.0,94.0,4.2,1.1,3.6
13:25:39,14.2,15.0,92.0,4.2,1.1,3.6
13:25:39,14.1,15.0,95.0,4.2,1.1,3.6
13:25:39,14.0,15.0,92.0,4.2,1.1,3.6
13:25:39,14.0,15.0,90.0,4.2,1.1,3.6
13:25:39,14.0,15.0,88.0,4.2,1.1,3.6
13:25:39,14.0,15.0,88.0,4.2,1.1,3.6
13:25:39,12.4,15.0,102.0,5.141,0.884,3.757
13:25:39,13.6,15.0,88.0,4.456,1.041,3.643
13:25:39,14.0,15.0,74.0,4.2,1.1,3.6
13:25:39,14.1,15.0,68.0,4.2,1.1,3.6
13:25:39,14.3,15.0,70.0,4.2,1.1,3.6
13:25:39,14.4,15.0,70.0,4.2,1.1,3.6
13:25:40,12.9,15.0,84.0,4.864,0.948,3.711
13:25:40,14.3,15.0,70.0,4.2,1.1,3.6
13:25:40,14.9,15.0,56.0,4.2,1.1,3.6
13:25:40,15.0,15.0,55.0,4.2,1.1,3.6
13:25:40,14.9,15.0,69.0,4.2,1.1,3.6
13:25:40,14.9,15.0,80.0,4.2,1.1,3.6
13:25:40,13.0,15.0,94.0,4.793,0.964,3.699
13:25:40,14.0,15.0,86.0,4.203,1.099,3.601
13:25:40,14.2,15.0,79.0,4.2,1.1,3.6
13:25:40,14.1,15.0,86.0,4.2,1.1,3.6
13:25:40,14.0,15.0,88.0,4.2,1.1,3.6
13:25:40,13.9,15.0,93.0,4.235,1.092,3.606
13:25:40,12.2,15.0,107.0,5.265,0.856,3.778
13:25:40,13.3,15.0,93.0,4.622,1.003,3.67
13:25:40,13.5,15.0,79.0,4.498,1.032,3.65
13:25:40,13.5,15.0,82.0,4.477,1.037,3.646
13:25:40,13.6,15.0,85.0,4.46,1.04,3.643
13:25:40,13.7,15.0,82.0,4.395,1.055,3.633
13:25:40,12.1,15.0,96.0,5.313,0.845,3.785
13:25:40,13.4,15.0,82.0,4.573,1.015,3.662
13:25:40,13.9,15.0,68.0,4.289,1.08,3.615
13:25:40,14.1,15.0,60.0,4.2,1.1,3.6
13:25:40,14.3,15.0,65.0,4.2,1.1,3.6
13:25:40,14.6,15.0,61.0,4.2,1.1,3.6
13:25:40,13.6,15.0,75.0,4.416,1.051,3.636
13:25:41,14.7,15.0,61.0,4.2,1.1,3.6
13:25:41,15.1,15.0,48.0,4.2,1.1,3.6
13:25:41,15.4,15.0,54.0,4.2,1.1,3.6
13:25:41,15.4,15.0,66.0,4.2,1.1,3.6
13:25:41,15.6,15.0,66.0,4.2,1.1,3.6
13:25:41,14.3,15.0,80.0,4.2,1.1,3.6
13:25:41,15.3,15.0,66.0,4.2,1.1,3.6
13:25:41,15.5,15.0,60.0,4.2,1.1,3.6
13:25:41,15.6,15.0,67.0,4.2,1.1,3.6
13:25:41,15.6,15.0,73.0,4.2,1.1,3.6
13:25:41,15.6,15.0,77.0,4.2,1.1,3.6
13:25:41,14.3,15.0,91.0,4.2,1.1,3.6
13:25:41,15.2,15.0,77.0,4.2,1.1,3.6
13:25:41,15.5,15.0,63.0,4.2,1.1,3.6
13:25:41,15.6,15.0,68.0,4.2,1.1,3.6
13:25:41,15.5,15.0,80.0,4.2,1.1,3.6
13:25:41,15.5,15.0,83.0,4.2,1.1,3.6
13:25:41,14.1,15.0,97.0,4.2,1.1,3.6
13:25:41,15.2,15.0,83.0,4.2,1.1,3.6
13:25:41,15.4,15.0,69.0,4.2,1.1,3.6
13:25:41,15.4,15.0,71.0,4.2,1.1,3.6
13:25:41,15.6,15.0,69.0,4.2,1.1,3.6
13:25:41,15.6,15.0,73.0,4.2,1.1,3.6
13:25:41,14.9,15.0,87.0,4.2,1.1,3.6
13:25:41,15.5,15.0,73.0,4.2,1.1,3.6
13:25:42,15.6,15.0,70.0,4.2,1.1,3.6
13:25:42,15.6,15.0,74.0,4.2,1.1,3.6
